effective_from,effective_to,town,super_pms,diesel_ago,kerosene_ik,extracted_at
2024-11-15,2024-12-14,Ahero,180.68,168.44,151.82,2026-08-21 14:57:46.781098+00:00
2024-11-15,2024-12-14,Alale,182.84,170.6,153.98,2026-08-21 14:57:46.781098+00:00
2024-11-15,2024-12-14,Archers Post,183.34,171.1,154.48,2026-08-21 14:57:46.781098+00:00
2024-11-15,2024-12-14,Arror,181.7,169.46,152.84,2026-08-21 14:57:46.781098+00:00
2024-11-15,2024-12-14,Asembo,180.76,168.54,151.9,2026-08-21 14:57:46.781098+00:00
2024-11-15,2024-12-14,Asilong,182.04,169.8,153.18,2026-08-21 14:57:46.781098+00:00
2024-11-15,2024-12-14,Awasi,180.65,168.41,151.79,2026-08-21 14:57:46.781098+00:00
2024-11-15,2024-12-14,Barwessa,181.85,169.62,152.99,2026-08-21 14:57:46.781098+00:00
2024-11-15,2024-12-14,Bomet,181.88,169.64,153.02,2026-08-21 14:57:46.781098+00:00
2024-11-15,2024-12-14,Bondo,180.91,168.68,152.04,2026-08-21 14:57:46.781098+00:00
2024-11-15,2024-12-14,Bungoma,181.51,169.27,152.64,2026-08-21 14:57:46.781098+00:00
2024-11-15,2024-12-14,Burgich,182.42,170.18,153.56,2026-08-21 14:57:46.781098+00:00
2024-11-15,2024-12-14,Burnt Forest,180.63,168.4,151.77,2026-08-21 14:57:46.781098+00:00
2024-11-15,2024-12-14,Busia,181.61,169.38,152.75,2026-08-21 14:57:46.781098+00:00
2024-11-15,2024-12-14,Bute,189.33,176.74,160.06,2026-08-21 14:57:46.781098+00:00
2024-11-15,2024-12-14,Chebara,181.1,168.87,152.24,2026-08-21 14:57:46.781098+00:00
2024-11-15,2024-12-14,Chepareria,181.98,169.74,153.12,2026-08-21 14:57:46.781098+00:00
2024-11-15,2024-12-14,Chepkorniswo,181.8,169.57,152.93,2026-08-21 14:57:46.781098+00:00
2024-11-15,2024-12-14,Cheptulu,181.15,168.91,152.28,2026-08-21 14:57:46.781098+00:00
2024-11-15,2024-12-14,Chuka,182.41,169.81,153.14,2026-08-21 14:57:46.781098+00:00
2024-11-15,2024-12-14,Chwele,181.8,169.56,152.93,2026-08-21 14:57:46.781098+00:00
2024-11-15,2024-12-14,Dadaab,186.62,174.02,157.35,2026-08-21 14:57:46.781098+00:00
2024-11-15,2024-12-14,Doldo,183.55,170.96,154.28,2026-08-21 14:57:46.781098+00:00
2024-11-15,2024-12-14,Eldama Ravine,181.58,169.34,152.71,2026-08-21 14:57:46.781098+00:00
2024-11-15,2024-12-14,Eldas,192.51,179.92,163.24,2026-08-21 14:57:46.781098+00:00
2024-11-15,2024-12-14,Eldoret,180.68,168.45,151.82,2026-08-21 14:57:46.781098+00:00
2024-11-15,2024-12-14,Elwak,192.17,179.57,162.89,2026-08-21 14:57:46.781098+00:00
2024-11-15,2024-12-14,Embu,181.84,169.24,152.57,2026-08-21 14:57:46.781098+00:00
2024-11-15,2024-12-14,Endebes,181.64,169.41,152.78,2026-08-21 14:57:46.781098+00:00
2024-11-15,2024-12-14,Etago,182.24,170.0,153.38,2026-08-21 14:57:46.781098+00:00
2024-11-15,2024-12-14,Funyula,181.46,169.22,152.6,2026-08-21 14:57:46.781098+00:00
2024-11-15,2024-12-14,Garissa,185.14,172.54,155.87,2026-08-21 14:57:46.781098+00:00
2024-11-15,2024-12-14,Garsen,179.95,167.35,150.68,2026-08-21 14:57:46.781098+00:00
2024-11-15,2024-12-14,Gilgil,179.82,167.59,150.96,2026-08-21 14:57:46.781098+00:00
2024-11-15,2024-12-14,Habaswein,188.02,175.43,158.76,2026-08-21 14:57:46.781098+00:00
2024-11-15,2024-12-14,Hadado,187.82,175.22,158.55,2026-08-21 14:57:46.781098+00:00
2024-11-15,2024-12-14,Harambee,180.73,168.49,151.87,2026-08-21 14:57:46.781098+00:00
2024-11-15,2024-12-14,Hola,181.27,168.68,152.0,2026-08-21 14:57:46.781098+00:00
2024-11-15,2024-12-14,Homabay,181.56,169.32,152.7,2026-08-21 14:57:46.781098+00:00
2024-11-15,2024-12-14,Ikonge,181.08,168.84,152.21,2026-08-21 14:57:46.781098+00:00
2024-11-15,2024-12-14,Isebania,182.78,170.54,153.92,2026-08-21 14:57:46.781098+00:00
2024-11-15,2024-12-14,Isiolo,183.83,171.24,154.56,2026-08-21 14:57:46.781098+00:00
2024-11-15,2024-12-14,Iten,180.68,168.45,151.82,2026-08-21 14:57:46.781098+00:00
2024-11-15,2024-12-14,Kabarnet,181.17,168.94,152.31,2026-08-21 14:57:46.781098+00:00
2024-11-15,2024-12-14,Kabartonjo,181.58,169.34,152.71,2026-08-21 14:57:46.781098+00:00
2024-11-15,2024-12-14,Kabiyet,180.69,168.45,151.82,2026-08-21 14:57:46.781098+00:00
2024-11-15,2024-12-14,Kacheliba,182.19,169.95,153.33,2026-08-21 14:57:46.781098+00:00
2024-11-15,2024-12-14,Kachibora,181.1,168.87,152.24,2026-08-21 14:57:46.781098+00:00
2024-11-15,2024-12-14,Kaibichbich,181.75,169.51,152.89,2026-08-21 14:57:46.781098+00:00
2024-11-15,2024-12-14,Kaiboi,180.74,168.51,151.88,2026-08-21 14:57:46.781098+00:00
2024-11-15,2024-12-14,Kainuk,182.91,170.67,154.05,2026-08-21 14:57:46.781098+00:00
2024-11-15,2024-12-14,Kajiado,181.11,168.51,151.83,2026-08-21 14:57:46.781098+00:00
2024-11-15,2024-12-14,Kakamega,180.74,168.5,151.88,2026-08-21 14:57:46.781098+00:00
2024-11-15,2024-12-14,Kakuma,186.89,174.65,158.03,2026-08-21 14:57:46.781098+00:00
2024-11-15,2024-12-14,Kalacha,189.22,176.62,159.95,2026-08-21 14:57:46.781098+00:00
2024-11-15,2024-12-14,Kalemngorok,183.41,171.17,154.55,2026-08-21 14:57:46.781098+00:00
2024-11-15,2024-12-14,Kalokol,185.99,173.76,157.13,2026-08-21 14:57:46.781098+00:00
2024-11-15,2024-12-14,Kaloleni,177.6,165.0,148.32,2026-08-21 14:57:46.781098+00:00
2024-11-15,2024-12-14,Kapcherop,181.34,169.1,152.48,2026-08-21 14:57:46.781098+00:00
2024-11-15,2024-12-14,Kapedo,183.72,171.48,154.86,2026-08-21 14:57:46.781098+00:00
2024-11-15,2024-12-14,Kapenguria,181.76,169.52,152.9,2026-08-21 14:57:46.781098+00:00
2024-11-15,2024-12-14,Kapese,184.07,171.83,155.2,2026-08-21 14:57:46.781098+00:00
2024-11-15,2024-12-14,Kaplamai,181.13,168.9,152.27,2026-08-21 14:57:46.781098+00:00
2024-11-15,2024-12-14,Kapsabet,180.7,168.47,151.84,2026-08-21 14:57:46.781098+00:00
2024-11-15,2024-12-14,Kapsowar,181.23,168.99,152.37,2026-08-21 14:57:46.781098+00:00
2024-11-15,2024-12-14,Kaptarakwa,180.9,168.66,152.03,2026-08-21 14:57:46.781098+00:00
2024-11-15,2024-12-14,Kaspokwony,181.85,169.62,152.99,2026-08-21 14:57:46.781098+00:00
2024-11-15,2024-12-14,Kehancha,182.87,170.65,154.01,2026-08-21 14:57:46.781098+00:00
2024-11-15,2024-12-14,Kericho,181.23,168.99,152.37,2026-08-21 14:57:46.781098+00:00
2024-11-15,2024-12-14,Kerina,181.77,169.53,152.91,2026-08-21 14:57:46.781098+00:00
2024-11-15,2024-12-14,Keringet,181.45,169.22,152.59,2026-08-21 14:57:46.781098+00:00
2024-11-15,2024-12-14,Keroka,181.64,169.41,152.78,2026-08-21 14:57:46.781098+00:00
2024-11-15,2024-12-14,Kerugoya,181.76,169.16,152.49,2026-08-21 14:57:46.781098+00:00
2024-11-15,2024-12-14,Kesses,180.68,168.45,151.82,2026-08-21 14:57:46.781098+00:00
2024-11-15,2024-12-14,Keumbu,181.7,169.46,152.84,2026-08-21 14:57:46.781098+00:00
2024-11-15,2024-12-14,Kibish,189.35,177.11,160.49,2026-08-21 14:57:46.781098+00:00
2024-11-15,2024-12-14,Kiganjo,182.1,169.5,152.82,2026-08-21 14:57:46.781098+00:00
2024-11-15,2024-12-14,Kilgoris,182.17,169.94,153.31,2026-08-21 14:57:46.781098+00:00
2024-11-15,2024-12-14,Kilifi,178.19,165.59,148.92,2026-08-21 14:57:46.781098+00:00
2024-11-15,2024-12-14,Kimilili,181.71,169.48,152.85,2026-08-21 14:57:46.781098+00:00
2024-11-15,2024-12-14,Kiminini,181.27,169.04,152.41,2026-08-21 14:57:46.781098+00:00
2024-11-15,2024-12-14,Kimwarer,181.02,168.79,152.16,2026-08-21 14:57:46.781098+00:00
2024-11-15,2024-12-14,Kiplombe,180.68,168.45,151.82,2026-08-21 14:57:46.781098+00:00
2024-11-15,2024-12-14,Kipsaraman,182.83,170.59,153.97,2026-08-21 14:57:46.781098+00:00
2024-11-15,2024-12-14,Kisii,181.63,169.39,152.77,2026-08-21 14:57:46.781098+00:00
2024-11-15,2024-12-14,Kisumu,180.68,168.44,151.82,2026-08-21 14:57:46.781098+00:00
2024-11-15,2024-12-14,Kitale,181.08,168.84,152.22,2026-08-21 14:57:46.781098+00:00
2024-11-15,2024-12-14,Kitui,182.31,169.71,153.03,2026-08-21 14:57:46.781098+00:00
2024-11-15,2024-12-14,Kiwawa,182.84,170.6,153.98,2026-08-21 14:57:46.781098+00:00
2024-11-15,2024-12-14,Kobujoi,181.19,168.95,152.33,2026-08-21 14:57:46.781098+00:00
2024-11-15,2024-12-14,Korr,187.1,174.5,157.82,2026-08-21 14:57:46.781098+00:00
2024-11-15,2024-12-14,Kunyao,182.48,170.24,153.62,2026-08-21 14:57:46.781098+00:00
2024-11-15,2024-12-14,Kwale,177.8,165.21,148.54,2026-08-21 14:57:46.781098+00:00
2024-11-15,2024-12-14,Kwanza,181.87,169.64,153.0,2026-08-21 14:57:46.781098+00:00
2024-11-15,2024-12-14,Laisamis,186.08,173.49,156.81,2026-08-21 14:57:46.781098+00:00
2024-11-15,2024-12-14,Lamu,180.97,168.37,151.69,2026-08-21 14:57:46.781098+00:00
2024-11-15,2024-12-14,Lamuria,182.61,170.01,153.34,2026-08-21 14:57:46.781098+00:00
2024-11-15,2024-12-14,Liboi,188.11,175.51,158.84,2026-08-21 14:57:46.781098+00:00
2024-11-15,2024-12-14,Likoni Mainland,177.8,165.21,148.54,2026-08-21 14:57:46.781098+00:00
2024-11-15,2024-12-14,Lodosoit,184.52,172.28,155.66,2026-08-21 14:57:46.781098+00:00
2024-11-15,2024-12-14,Lodwar,185.17,172.94,156.31,2026-08-21 14:57:46.781098+00:00
2024-11-15,2024-12-14,Loima,184.23,171.99,155.37,2026-08-21 14:57:46.781098+00:00
2024-11-15,2024-12-14,Lokichar,184.1,171.87,155.24,2026-08-21 14:57:46.781098+00:00
2024-11-15,2024-12-14,Lokichogio,188.16,175.93,159.3,2026-08-21 14:57:46.781098+00:00
2024-11-15,2024-12-14,Lokiriama,185.91,173.68,157.05,2026-08-21 14:57:46.781098+00:00
2024-11-15,2024-12-14,Lokitaung,189.09,176.85,160.23,2026-08-21 14:57:46.781098+00:00
2024-11-15,2024-12-14,Lokori,184.5,172.26,155.64,2026-08-21 14:57:46.781098+00:00
2024-11-15,2024-12-14,Lomut,183.72,171.48,154.86,2026-08-21 14:57:46.781098+00:00
2024-11-15,2024-12-14,Londiani,180.15,167.91,151.29,2026-08-21 14:57:46.781098+00:00
2024-11-15,2024-12-14,Loruk,182.69,170.45,153.83,2026-08-21 14:57:46.781098+00:00
2024-11-15,2024-12-14,Loyangalani,189.29,176.69,160.02,2026-08-21 14:57:46.781098+00:00
2024-11-15,2024-12-14,Lugari,181.49,169.26,152.63,2026-08-21 14:57:46.781098+00:00
2024-11-15,2024-12-14,Lungalunga,178.57,165.97,149.3,2026-08-21 14:57:46.781098+00:00
2024-11-15,2024-12-14,Machakos,180.91,168.32,151.64,2026-08-21 14:57:46.781098+00:00
2024-11-15,2024-12-14,Magenche,182.35,170.11,153.49,2026-08-21 14:57:46.781098+00:00
2024-11-15,2024-12-14,Mai Mahiu,180.79,168.19,151.52,2026-08-21 14:57:46.781098+00:00
2024-11-15,2024-12-14,Maikona,188.64,176.04,159.36,2026-08-21 14:57:46.781098+00:00
2024-11-15,2024-12-14,Makuyu,180.97,168.37,151.69,2026-08-21 14:57:46.781098+00:00
2024-11-15,2024-12-14,Malaba,181.93,169.71,153.07,2026-08-21 14:57:46.781098+00:00
2024-11-15,2024-12-14,Malava,181.08,168.84,152.21,2026-08-21 14:57:46.781098+00:00
2024-11-15,2024-12-14,Malindi,178.41,165.81,149.14,2026-08-21 14:57:46.781098+00:00
2024-11-15,2024-12-14,Mandera,194.66,182.07,165.39,2026-08-21 14:57:46.781098+00:00
2024-11-15,2024-12-14,Maralal,182.34,170.1,153.48,2026-08-21 14:57:46.781098+00:00
2024-11-15,2024-12-14,Marani,181.38,169.14,152.52,2026-08-21 14:57:46.781098+00:00
2024-11-15,2024-12-14,Marereni,179.12,166.52,149.85,2026-08-21 14:57:46.781098+00:00
2024-11-15,2024-12-14,Marich,182.32,170.08,153.46,2026-08-21 14:57:46.781098+00:00
2024-11-15,2024-12-14,Marigat,180.65,168.41,151.79,2026-08-21 14:57:46.781098+00:00
2024-11-15,2024-12-14,Marimanti,183.14,170.54,153.86,2026-08-21 14:57:46.781098+00:00
2024-11-15,2024-12-14,Marsabit,189.09,176.49,159.82,2026-08-21 14:57:46.781098+00:00
2024-11-15,2024-12-14,Matunda,180.67,168.44,151.81,2026-08-21 14:57:46.781098+00:00
2024-11-15,2024-12-14,Matuu,181.62,169.02,152.35,2026-08-21 14:57:46.781098+00:00
2024-11-15,2024-12-14,Maua,184.47,171.88,155.2,2026-08-21 14:57:46.781098+00:00
2024-11-15,2024-12-14,Mbale,180.68,168.44,151.82,2026-08-21 14:57:46.781098+00:00
2024-11-15,2024-12-14,Mbita,181.54,169.31,152.68,2026-08-21 14:57:46.781098+00:00
2024-11-15,2024-12-14,Merille,185.76,173.16,156.48,2026-08-21 14:57:46.781098+00:00
2024-11-15,2024-12-14,Merti,186.4,173.8,157.12,2026-08-21 14:57:46.781098+00:00
2024-11-15,2024-12-14,Meru,183.99,171.39,154.71,2026-08-21 14:57:46.781098+00:00
2024-11-15,2024-12-14,Migori,182.48,170.24,153.62,2026-08-21 14:57:46.781098+00:00
2024-11-15,2024-12-14,Minjila,179.86,167.26,150.58,2026-08-21 14:57:46.781098+00:00
2024-11-15,2024-12-14,Modogashe,188.18,175.58,158.91,2026-08-21 14:57:46.781098+00:00
2024-11-15,2024-12-14,Mogotio,179.81,167.57,150.95,2026-08-21 14:57:46.781098+00:00
2024-11-15,2024-12-14,Moi's Bridge,180.76,168.52,151.89,2026-08-21 14:57:46.781098+00:00
2024-11-15,2024-12-14,Moiben,180.7,168.47,151.84,2026-08-21 14:57:46.781098+00:00
2024-11-15,2024-12-14,Molo,179.9,167.67,151.04,2026-08-21 14:57:46.781098+00:00
2024-11-15,2024-12-14,Mombasa,177.42,164.82,148.15,2026-08-21 14:57:46.781098+00:00
2024-11-15,2024-12-14,Morpus,181.92,169.69,153.06,2026-08-21 14:57:46.781098+00:00
2024-11-15,2024-12-14,Moyale,190.79,178.2,161.52,2026-08-21 14:57:46.781098+00:00
2024-11-15,2024-12-14,Mpeketoni,180.97,168.37,151.69,2026-08-21 14:57:46.781098+00:00
2024-11-15,2024-12-14,Mtito Andei,183.28,170.68,154.0,2026-08-21 14:57:46.781098+00:00
2024-11-15,2024-12-14,Muhoroni,180.93,168.69,152.06,2026-08-21 14:57:46.781098+00:00
2024-11-15,2024-12-14,Muhuru Bay,182.63,170.39,153.77,2026-08-21 14:57:46.781098+00:00
2024-11-15,2024-12-14,Mumias,181.03,168.79,152.17,2026-08-21 14:57:46.781098+00:00
2024-11-15,2024-12-14,Muranga,181.22,168.62,151.95,2026-08-21 14:57:46.781098+00:00
2024-11-15,2024-12-14,Mutuobare,182.42,169.83,153.15,2026-08-21 14:57:46.781098+00:00
2024-11-15,2024-12-14,Mwatate,179.37,166.77,150.09,2026-08-21 14:57:46.781098+00:00
2024-11-15,2024-12-14,Mwingi,182.72,170.13,153.45,2026-08-21 14:57:46.781098+00:00
2024-11-15,2024-12-14,Naiberi,180.68,168.45,151.82,2026-08-21 14:57:46.781098+00:00
2024-11-15,2024-12-14,Nairobi,180.66,168.06,151.39,2026-08-21 14:57:46.781098+00:00
2024-11-15,2024-12-14,Naivasha,180.22,167.98,151.36,2026-08-21 14:57:46.781098+00:00
2024-11-15,2024-12-14,Nakalale,188.08,175.84,159.22,2026-08-21 14:57:46.781098+00:00
2024-11-15,2024-12-14,Nakuru,179.87,167.63,151.01,2026-08-21 14:57:46.781098+00:00
2024-11-15,2024-12-14,Namanga,182.32,169.72,153.04,2026-08-21 14:57:46.781098+00:00
2024-11-15,2024-12-14,Nambale,181.61,169.38,152.75,2026-08-21 14:57:46.781098+00:00
2024-11-15,2024-12-14,Nandi Hills,180.9,168.66,152.03,2026-08-21 14:57:46.781098+00:00
2024-11-15,2024-12-14,Nanyuki,182.73,170.14,153.46,2026-08-21 14:57:46.781098+00:00
2024-11-15,2024-12-14,Narok,182.15,169.56,152.88,2026-08-21 14:57:46.781098+00:00
2024-11-15,2024-12-14,Ndhiwa,181.92,169.68,153.06,2026-08-21 14:57:46.781098+00:00
2024-11-15,2024-12-14,Nkubu,183.78,171.18,154.5,2026-08-21 14:57:46.781098+00:00
2024-11-15,2024-12-14,North Horr,190.12,177.53,160.85,2026-08-21 14:57:46.781098+00:00
2024-11-15,2024-12-14,Ntimaru,183.21,170.97,154.35,2026-08-21 14:57:46.781098+00:00
2024-11-15,2024-12-14,Nyahururu,180.14,167.9,151.26,2026-08-21 14:57:46.781098+00:00
2024-11-15,2024-12-14,Nyamira,181.3,169.06,152.44,2026-08-21 14:57:46.781098+00:00
2024-11-15,2024-12-14,Nyangusu,182.07,169.84,153.21,2026-08-21 14:57:46.781098+00:00
2024-11-15,2024-12-14,Nyansiongo,181.5,169.27,152.64,2026-08-21 14:57:46.781098+00:00
2024-11-15,2024-12-14,Nyeri,182.13,169.53,152.86,2026-08-21 14:57:46.781098+00:00
2024-11-15,2024-12-14,O'lessos,180.76,168.52,151.89,2026-08-21 14:57:46.781098+00:00
2024-11-15,2024-12-14,Ogembo,181.8,169.56,152.93,2026-08-21 14:57:46.781098+00:00
2024-11-15,2024-12-14,Oldonyiro,183.19,170.59,153.92,2026-08-21 14:57:46.781098+00:00
2024-11-15,2024-12-14,Olenguruone,180.66,168.42,151.8,2026-08-21 14:57:46.781098+00:00
2024-11-15,2024-12-14,Orolwo,182.07,169.85,153.21,2026-08-21 14:57:46.781098+00:00
2024-11-15,2024-12-14,Ortum,182.4,170.16,153.54,2026-08-21 14:57:46.781098+00:00
2024-11-15,2024-12-14,Oyugis,181.31,169.07,152.45,2026-08-21 14:57:46.781098+00:00
2024-11-15,2024-12-14,Port Bunyala,181.66,169.42,152.8,2026-08-21 14:57:46.781098+00:00
2024-11-15,2024-12-14,Rangwe,181.61,169.38,152.75,2026-08-21 14:57:46.781098+00:00
2024-11-15,2024-12-14,Rodi Kopany,181.63,169.39,152.77,2026-08-21 14:57:46.781098+00:00
2024-11-15,2024-12-14,Rongo,181.89,169.66,153.03,2026-08-21 14:57:46.781098+00:00
2024-11-15,2024-12-14,Rumuruti,180.72,168.48,151.86,2026-08-21 14:57:46.781098+00:00
2024-11-15,2024-12-14,Saboti,181.3,169.06,152.44,2026-08-21 14:57:46.781098+00:00
2024-11-15,2024-12-14,Sagana,181.46,168.86,152.18,2026-08-21 14:57:46.781098+00:00
2024-11-15,2024-12-14,Sambalat,182.07,169.85,153.21,2026-08-21 14:57:46.781098+00:00
2024-11-15,2024-12-14,Samburu,177.75,165.15,148.47,2026-08-21 14:57:46.781098+00:00
2024-11-15,2024-12-14,Sebit,182.03,169.79,153.16,2026-08-21 14:57:46.781098+00:00
2024-11-15,2024-12-14,Sengera,181.99,169.75,153.13,2026-08-21 14:57:46.781098+00:00
2024-11-15,2024-12-14,Serem,181.27,169.04,152.41,2026-08-21 14:57:46.781098+00:00
2024-11-15,2024-12-14,Siaya,181.04,168.8,152.18,2026-08-21 14:57:46.781098+00:00
2024-11-15,2024-12-14,Sigor,182.56,170.32,153.7,2026-08-21 14:57:46.781098+00:00
2024-11-15,2024-12-14,Sindo,181.63,169.39,152.77,2026-08-21 14:57:46.781098+00:00
2024-11-15,2024-12-14,SioPort,181.6,169.36,152.74,2026-08-21 14:57:46.781098+00:00
2024-11-15,2024-12-14,Sipili,183.54,170.94,154.27,2026-08-21 14:57:46.781098+00:00
2024-11-15,2024-12-14,Sololo,189.78,177.18,160.5,2026-08-21 14:57:46.781098+00:00
2024-11-15,2024-12-14,Sondu,180.8,168.56,151.93,2026-08-21 14:57:46.781098+00:00
2024-11-15,2024-12-14,Songor,181.73,169.5,152.87,2026-08-21 14:57:46.781098+00:00
2024-11-15,2024-12-14,Sotik,181.45,169.21,152.59,2026-08-21 14:57:46.781098+00:00
2024-11-15,2024-12-14,Soy,180.69,168.45,151.82,2026-08-21 14:57:46.781098+00:00
2024-11-15,2024-12-14,Tambach,180.73,168.49,151.87,2026-08-21 14:57:46.781098+00:00
2024-11-15,2024-12-14,Tarbaj,190.44,177.85,161.17,2026-08-21 14:57:46.781098+00:00
2024-11-15,2024-12-14,Taru,177.94,165.35,148.67,2026-08-21 14:57:46.781098+00:00
2024-11-15,2024-12-14,Taveta,180.52,167.92,151.25,2026-08-21 14:57:46.781098+00:00
2024-11-15,2024-12-14,Tenges,181.73,169.5,152.87,2026-08-21 14:57:46.781098+00:00
2024-11-15,2024-12-14,Thika,180.66,168.07,151.39,2026-08-21 14:57:46.781098+00:00
2024-11-15,2024-12-14,Timboroa,180.94,168.7,152.08,2026-08-21 14:57:46.781098+00:00
2024-11-15,2024-12-14,Tindiret,181.64,169.41,152.78,2026-08-21 14:57:46.781098+00:00
2024-11-15,2024-12-14,Tot,181.92,169.69,153.06,2026-08-21 14:57:46.781098+00:00
2024-11-15,2024-12-14,Turbi,189.08,176.48,159.81,2026-08-21 14:57:46.781098+00:00
2024-11-15,2024-12-14,Turbo,180.63,168.4,151.77,2026-08-21 14:57:46.781098+00:00
2024-11-15,2024-12-14,Ugunja,181.15,168.91,152.28,2026-08-21 14:57:46.781098+00:00
2024-11-15,2024-12-14,Usenge,181.28,169.05,152.42,2026-08-21 14:57:46.781098+00:00
2024-11-15,2024-12-14,Voi,179.01,166.41,149.73,2026-08-21 14:57:46.781098+00:00
2024-11-15,2024-12-14,Wajir,190.61,178.01,161.33,2026-08-21 14:57:46.781098+00:00
2024-11-15,2024-12-14,Wamba,183.24,171.01,154.38,2026-08-21 14:57:46.781098+00:00
2024-11-15,2024-12-14,Webuye,181.15,168.91,152.28,2026-08-21 14:57:46.781098+00:00
2024-11-15,2024-12-14,Wundanji,179.55,166.96,150.28,2026-08-21 14:57:46.781098+00:00
2024-11-15,2024-12-14,Ziwa,180.9,168.66,152.03,2026-08-21 14:57:46.781098+00:00
2024-12-15,2025-01-14,Ahero,176.33,165.44,148.82,2026-08-21 14:57:46.781098+00:00
2024-12-15,2025-01-14,Alale,178.49,167.6,150.98,2026-08-21 14:57:46.781098+00:00
2024-12-15,2025-01-14,Archers Post,178.99,168.1,151.48,2026-08-21 14:57:46.781098+00:00
2024-12-15,2025-01-14,Arror,177.35,166.46,149.84,2026-08-21 14:57:46.781098+00:00
2024-12-15,2025-01-14,Asembo,176.41,165.54,148.9,2026-08-21 14:57:46.781098+00:00
2024-12-15,2025-01-14,Asilong,177.68,166.8,150.18,2026-08-21 14:57:46.781098+00:00
2024-12-15,2025-01-14,Awasi,176.29,165.41,148.79,2026-08-21 14:57:46.781098+00:00
2024-12-15,2025-01-14,Barwessa,177.5,166.62,149.99,2026-08-21 14:57:46.781098+00:00
2024-12-15,2025-01-14,Bomet,177.53,166.64,150.02,2026-08-21 14:57:46.781098+00:00
2024-12-15,2025-01-14,Bondo,176.55,165.68,149.04,2026-08-21 14:57:46.781098+00:00
2024-12-15,2025-01-14,Bungoma,177.16,166.27,149.64,2026-08-21 14:57:46.781098+00:00
2024-12-15,2025-01-14,Burgich,178.07,167.18,150.56,2026-08-21 14:57:46.781098+00:00
2024-12-15,2025-01-14,Burnt Forest,176.27,165.4,148.77,2026-08-21 14:57:46.781098+00:00
2024-12-15,2025-01-14,Busia,177.26,166.38,149.75,2026-08-21 14:57:46.781098+00:00
2024-12-15,2025-01-14,Bute,184.95,173.74,157.06,2026-08-21 14:57:46.781098+00:00
2024-12-15,2025-01-14,Chebara,176.75,165.87,149.24,2026-08-21 14:57:46.781098+00:00
2024-12-15,2025-01-14,Chepareria,177.63,166.74,150.12,2026-08-21 14:57:46.781098+00:00
2024-12-15,2025-01-14,Chepkorniswo,177.45,166.57,149.93,2026-08-21 14:57:46.781098+00:00
2024-12-15,2025-01-14,Cheptulu,176.8,165.91,149.28,2026-08-21 14:57:46.781098+00:00
2024-12-15,2025-01-14,Chuka,178.04,166.81,150.14,2026-08-21 14:57:46.781098+00:00
2024-12-15,2025-01-14,Chwele,177.44,166.56,149.93,2026-08-21 14:57:46.781098+00:00
2024-12-15,2025-01-14,Dadaab,182.25,171.02,154.35,2026-08-21 14:57:46.781098+00:00
2024-12-15,2025-01-14,Doldo,179.17,167.96,151.28,2026-08-21 14:57:46.781098+00:00
2024-12-15,2025-01-14,Eldama Ravine,177.22,166.34,149.71,2026-08-21 14:57:46.781098+00:00
2024-12-15,2025-01-14,Eldas,188.14,176.92,160.24,2026-08-21 14:57:46.781098+00:00
2024-12-15,2025-01-14,Eldoret,176.33,165.45,148.82,2026-08-21 14:57:46.781098+00:00
2024-12-15,2025-01-14,Elwak,187.79,176.57,159.89,2026-08-21 14:57:46.781098+00:00
2024-12-15,2025-01-14,Embu,177.47,166.24,149.57,2026-08-21 14:57:46.781098+00:00
2024-12-15,2025-01-14,Endebes,177.29,166.41,149.78,2026-08-21 14:57:46.781098+00:00
2024-12-15,2025-01-14,Etago,177.89,167.0,150.38,2026-08-21 14:57:46.781098+00:00
2024-12-15,2025-01-14,Funyula,177.11,166.22,149.6,2026-08-21 14:57:46.781098+00:00
2024-12-15,2025-01-14,Garissa,180.76,169.54,152.87,2026-08-21 14:57:46.781098+00:00
2024-12-15,2025-01-14,Garsen,175.58,164.35,147.68,2026-08-21 14:57:46.781098+00:00
2024-12-15,2025-01-14,Gilgil,175.47,164.59,147.96,2026-08-21 14:57:46.781098+00:00
2024-12-15,2025-01-14,Habaswein,183.65,172.43,155.76,2026-08-21 14:57:46.781098+00:00
2024-12-15,2025-01-14,Hadado,183.44,172.22,155.55,2026-08-21 14:57:46.781098+00:00
2024-12-15,2025-01-14,Harambee,176.37,165.49,148.87,2026-08-21 14:57:46.781098+00:00
2024-12-15,2025-01-14,Hola,176.9,165.68,149.0,2026-08-21 14:57:46.781098+00:00
2024-12-15,2025-01-14,Homabay,177.2,166.32,149.7,2026-08-21 14:57:46.781098+00:00
2024-12-15,2025-01-14,Ikonge,176.72,165.84,149.21,2026-08-21 14:57:46.781098+00:00
2024-12-15,2025-01-14,Isebania,178.43,167.54,150.92,2026-08-21 14:57:46.781098+00:00
2024-12-15,2025-01-14,Isiolo,179.45,168.24,151.56,2026-08-21 14:57:46.781098+00:00
2024-12-15,2025-01-14,Iten,176.33,165.45,148.82,2026-08-21 14:57:46.781098+00:00
2024-12-15,2025-01-14,Kabarnet,176.82,165.94,149.31,2026-08-21 14:57:46.781098+00:00
2024-12-15,2025-01-14,Kabartonjo,177.22,166.34,149.71,2026-08-21 14:57:46.781098+00:00
2024-12-15,2025-01-14,Kabiyet,176.33,165.45,148.82,2026-08-21 14:57:46.781098+00:00
2024-12-15,2025-01-14,Kacheliba,177.84,166.95,150.33,2026-08-21 14:57:46.781098+00:00
2024-12-15,2025-01-14,Kachibora,176.75,165.87,149.24,2026-08-21 14:57:46.781098+00:00
2024-12-15,2025-01-14,Kaibichbich,177.39,166.51,149.89,2026-08-21 14:57:46.781098+00:00
2024-12-15,2025-01-14,Kaiboi,176.39,165.51,148.88,2026-08-21 14:57:46.781098+00:00
2024-12-15,2025-01-14,Kainuk,178.56,167.67,151.05,2026-08-21 14:57:46.781098+00:00
2024-12-15,2025-01-14,Kajiado,176.74,165.51,148.83,2026-08-21 14:57:46.781098+00:00
2024-12-15,2025-01-14,Kakamega,176.38,165.5,148.88,2026-08-21 14:57:46.781098+00:00
2024-12-15,2025-01-14,Kakuma,182.53,171.65,155.03,2026-08-21 14:57:46.781098+00:00
2024-12-15,2025-01-14,Kalacha,184.85,173.62,156.95,2026-08-21 14:57:46.781098+00:00
2024-12-15,2025-01-14,Kalemngorok,179.06,168.17,151.55,2026-08-21 14:57:46.781098+00:00
2024-12-15,2025-01-14,Kalokol,181.64,170.76,154.13,2026-08-21 14:57:46.781098+00:00
2024-12-15,2025-01-14,Kaloleni,173.21,162.0,145.32,2026-08-21 14:57:46.781098+00:00
2024-12-15,2025-01-14,Kapcherop,176.99,166.1,149.48,2026-08-21 14:57:46.781098+00:00
2024-12-15,2025-01-14,Kapedo,179.36,168.48,151.86,2026-08-21 14:57:46.781098+00:00
2024-12-15,2025-01-14,Kapenguria,177.4,166.52,149.9,2026-08-21 14:57:46.781098+00:00
2024-12-15,2025-01-14,Kapese,179.71,168.83,152.2,2026-08-21 14:57:46.781098+00:00
2024-12-15,2025-01-14,Kaplamai,176.78,165.9,149.27,2026-08-21 14:57:46.781098+00:00
2024-12-15,2025-01-14,Kapsabet,176.34,165.47,148.84,2026-08-21 14:57:46.781098+00:00
2024-12-15,2025-01-14,Kapsowar,176.88,165.99,149.37,2026-08-21 14:57:46.781098+00:00
2024-12-15,2025-01-14,Kaptarakwa,176.54,165.66,149.03,2026-08-21 14:57:46.781098+00:00
2024-12-15,2025-01-14,Kaspokwony,177.49,166.62,149.99,2026-08-21 14:57:46.781098+00:00
2024-12-15,2025-01-14,Kehancha,178.52,167.65,151.01,2026-08-21 14:57:46.781098+00:00
2024-12-15,2025-01-14,Kericho,176.88,165.99,149.37,2026-08-21 14:57:46.781098+00:00
2024-12-15,2025-01-14,Kerina,177.41,166.53,149.91,2026-08-21 14:57:46.781098+00:00
2024-12-15,2025-01-14,Keringet,177.1,166.22,149.59,2026-08-21 14:57:46.781098+00:00
2024-12-15,2025-01-14,Keroka,177.28,166.41,149.78,2026-08-21 14:57:46.781098+00:00
2024-12-15,2025-01-14,Kerugoya,177.39,166.16,149.49,2026-08-21 14:57:46.781098+00:00
2024-12-15,2025-01-14,Kesses,176.33,165.45,148.82,2026-08-21 14:57:46.781098+00:00
2024-12-15,2025-01-14,Keumbu,177.34,166.46,149.84,2026-08-21 14:57:46.781098+00:00
2024-12-15,2025-01-14,Kibish,184.99,174.11,157.49,2026-08-21 14:57:46.781098+00:00
2024-12-15,2025-01-14,Kiganjo,177.72,166.5,149.82,2026-08-21 14:57:46.781098+00:00
2024-12-15,2025-01-14,Kilgoris,177.82,166.94,150.31,2026-08-21 14:57:46.781098+00:00
2024-12-15,2025-01-14,Kilifi,173.81,162.59,145.92,2026-08-21 14:57:46.781098+00:00
2024-12-15,2025-01-14,Kimilili,177.35,166.48,149.85,2026-08-21 14:57:46.781098+00:00
2024-12-15,2025-01-14,Kiminini,176.92,166.04,149.41,2026-08-21 14:57:46.781098+00:00
2024-12-15,2025-01-14,Kimwarer,176.67,165.79,149.16,2026-08-21 14:57:46.781098+00:00
2024-12-15,2025-01-14,Kiplombe,176.33,165.45,148.82,2026-08-21 14:57:46.781098+00:00
2024-12-15,2025-01-14,Kipsaraman,178.48,167.59,150.97,2026-08-21 14:57:46.781098+00:00
2024-12-15,2025-01-14,Kisii,177.27,166.39,149.77,2026-08-21 14:57:46.781098+00:00
2024-12-15,2025-01-14,Kisumu,176.33,165.44,148.82,2026-08-21 14:57:46.781098+00:00
2024-12-15,2025-01-14,Kitale,176.73,165.84,149.22,2026-08-21 14:57:46.781098+00:00
2024-12-15,2025-01-14,Kitui,177.93,166.71,150.03,2026-08-21 14:57:46.781098+00:00
2024-12-15,2025-01-14,Kiwawa,178.49,167.6,150.98,2026-08-21 14:57:46.781098+00:00
2024-12-15,2025-01-14,Kobujoi,176.83,165.95,149.33,2026-08-21 14:57:46.781098+00:00
2024-12-15,2025-01-14,Korr,182.72,171.5,154.82,2026-08-21 14:57:46.781098+00:00
2024-12-15,2025-01-14,Kunyao,178.13,167.24,150.62,2026-08-21 14:57:46.781098+00:00
2024-12-15,2025-01-14,Kwale,173.43,162.21,145.54,2026-08-21 14:57:46.781098+00:00
2024-12-15,2025-01-14,Kwanza,177.51,166.64,150.0,2026-08-21 14:57:46.781098+00:00
2024-12-15,2025-01-14,Laisamis,181.7,170.49,153.81,2026-08-21 14:57:46.781098+00:00
2024-12-15,2025-01-14,Lamu,176.59,165.37,148.69,2026-08-21 14:57:46.781098+00:00
2024-12-15,2025-01-14,Lamuria,178.23,167.01,150.34,2026-08-21 14:57:46.781098+00:00
2024-12-15,2025-01-14,Liboi,183.73,172.51,155.84,2026-08-21 14:57:46.781098+00:00
2024-12-15,2025-01-14,Likoni Mainland,173.43,162.21,145.54,2026-08-21 14:57:46.781098+00:00
2024-12-15,2025-01-14,Lodosoit,180.17,169.28,152.66,2026-08-21 14:57:46.781098+00:00
2024-12-15,2025-01-14,Lodwar,180.82,169.94,153.31,2026-08-21 14:57:46.781098+00:00
2024-12-15,2025-01-14,Loima,179.88,168.99,152.37,2026-08-21 14:57:46.781098+00:00
2024-12-15,2025-01-14,Lokichar,179.75,168.87,152.24,2026-08-21 14:57:46.781098+00:00
2024-12-15,2025-01-14,Lokichogio,183.81,172.93,156.3,2026-08-21 14:57:46.781098+00:00
2024-12-15,2025-01-14,Lokiriama,181.56,170.68,154.05,2026-08-21 14:57:46.781098+00:00
2024-12-15,2025-01-14,Lokitaung,184.74,173.85,157.23,2026-08-21 14:57:46.781098+00:00
2024-12-15,2025-01-14,Lokori,180.14,169.26,152.64,2026-08-21 14:57:46.781098+00:00
2024-12-15,2025-01-14,Lomut,179.36,168.48,151.86,2026-08-21 14:57:46.781098+00:00
2024-12-15,2025-01-14,Londiani,175.79,164.91,148.29,2026-08-21 14:57:46.781098+00:00
2024-12-15,2025-01-14,Loruk,178.34,167.45,150.83,2026-08-21 14:57:46.781098+00:00
2024-12-15,2025-01-14,Loyangalani,184.92,173.69,157.02,2026-08-21 14:57:46.781098+00:00
2024-12-15,2025-01-14,Lugari,177.13,166.26,149.63,2026-08-21 14:57:46.781098+00:00
2024-12-15,2025-01-14,Lungalunga,174.2,162.97,146.3,2026-08-21 14:57:46.781098+00:00
2024-12-15,2025-01-14,Machakos,176.54,165.32,148.64,2026-08-21 14:57:46.781098+00:00
2024-12-15,2025-01-14,Magenche,178.0,167.11,150.49,2026-08-21 14:57:46.781098+00:00
2024-12-15,2025-01-14,Mai Mahiu,176.41,165.19,148.52,2026-08-21 14:57:46.781098+00:00
2024-12-15,2025-01-14,Maikona,184.27,173.04,156.36,2026-08-21 14:57:46.781098+00:00
2024-12-15,2025-01-14,Makuyu,176.6,165.37,148.69,2026-08-21 14:57:46.781098+00:00
2024-12-15,2025-01-14,Malaba,177.58,166.71,150.07,2026-08-21 14:57:46.781098+00:00
2024-12-15,2025-01-14,Malava,176.72,165.84,149.21,2026-08-21 14:57:46.781098+00:00
2024-12-15,2025-01-14,Malindi,174.03,162.81,146.14,2026-08-21 14:57:46.781098+00:00
2024-12-15,2025-01-14,Mandera,190.29,179.07,162.39,2026-08-21 14:57:46.781098+00:00
2024-12-15,2025-01-14,Maralal,177.99,167.1,150.48,2026-08-21 14:57:46.781098+00:00
2024-12-15,2025-01-14,Marani,177.03,166.14,149.52,2026-08-21 14:57:46.781098+00:00
2024-12-15,2025-01-14,Marereni,174.74,163.52,146.85,2026-08-21 14:57:46.781098+00:00
2024-12-15,2025-01-14,Marich,177.96,167.08,150.46,2026-08-21 14:57:46.781098+00:00
2024-12-15,2025-01-14,Marigat,176.3,165.41,148.79,2026-08-21 14:57:46.781098+00:00
2024-12-15,2025-01-14,Marimanti,178.76,167.54,150.86,2026-08-21 14:57:46.781098+00:00
2024-12-15,2025-01-14,Marsabit,184.72,173.49,156.82,2026-08-21 14:57:46.781098+00:00
2024-12-15,2025-01-14,Matunda,176.32,165.44,148.81,2026-08-21 14:57:46.781098+00:00
2024-12-15,2025-01-14,Matuu,177.25,166.02,149.35,2026-08-21 14:57:46.781098+00:00
2024-12-15,2025-01-14,Maua,180.09,168.88,152.2,2026-08-21 14:57:46.781098+00:00
2024-12-15,2025-01-14,Mbale,176.33,165.44,148.82,2026-08-21 14:57:46.781098+00:00
2024-12-15,2025-01-14,Mbita,177.19,166.31,149.68,2026-08-21 14:57:46.781098+00:00
2024-12-15,2025-01-14,Merille,181.39,170.16,153.48,2026-08-21 14:57:46.781098+00:00
2024-12-15,2025-01-14,Merti,182.03,170.8,154.12,2026-08-21 14:57:46.781098+00:00
2024-12-15,2025-01-14,Meru,179.6,168.39,151.71,2026-08-21 14:57:46.781098+00:00
2024-12-15,2025-01-14,Migori,178.12,167.24,150.62,2026-08-21 14:57:46.781098+00:00
2024-12-15,2025-01-14,Minjila,175.48,164.26,147.58,2026-08-21 14:57:46.781098+00:00
2024-12-15,2025-01-14,Modogashe,183.8,172.58,155.91,2026-08-21 14:57:46.781098+00:00
2024-12-15,2025-01-14,Mogotio,175.46,164.57,147.95,2026-08-21 14:57:46.781098+00:00
2024-12-15,2025-01-14,Moi's Bridge,176.4,165.52,148.89,2026-08-21 14:57:46.781098+00:00
2024-12-15,2025-01-14,Moiben,176.34,165.47,148.84,2026-08-21 14:57:46.781098+00:00
2024-12-15,2025-01-14,Molo,175.55,164.67,148.04,2026-08-21 14:57:46.781098+00:00
2024-12-15,2025-01-14,Mombasa,173.05,161.82,145.15,2026-08-21 14:57:46.781098+00:00
2024-12-15,2025-01-14,Morpus,177.57,166.69,150.06,2026-08-21 14:57:46.781098+00:00
2024-12-15,2025-01-14,Moyale,186.41,175.2,158.52,2026-08-21 14:57:46.781098+00:00
2024-12-15,2025-01-14,Mpeketoni,176.59,165.37,148.69,2026-08-21 14:57:46.781098+00:00
2024-12-15,2025-01-14,Mtito Andei,178.9,167.68,151.0,2026-08-21 14:57:46.781098+00:00
2024-12-15,2025-01-14,Muhoroni,176.58,165.69,149.06,2026-08-21 14:57:46.781098+00:00
2024-12-15,2025-01-14,Muhuru Bay,178.28,167.39,150.77,2026-08-21 14:57:46.781098+00:00
2024-12-15,2025-01-14,Mumias,176.68,165.79,149.17,2026-08-21 14:57:46.781098+00:00
2024-12-15,2025-01-14,Muranga,176.84,165.62,148.95,2026-08-21 14:57:46.781098+00:00
2024-12-15,2025-01-14,Mutuobare,178.05,166.83,150.15,2026-08-21 14:57:46.781098+00:00
2024-12-15,2025-01-14,Mwatate,175.0,163.77,147.09,2026-08-21 14:57:46.781098+00:00
2024-12-15,2025-01-14,Mwingi,178.34,167.13,150.45,2026-08-21 14:57:46.781098+00:00
2024-12-15,2025-01-14,Naiberi,176.33,165.45,148.82,2026-08-21 14:57:46.781098+00:00
2024-12-15,2025-01-14,Nairobi,176.29,165.06,148.39,2026-08-21 14:57:46.781098+00:00
2024-12-15,2025-01-14,Naivasha,175.86,164.98,148.36,2026-08-21 14:57:46.781098+00:00
2024-12-15,2025-01-14,Nakalale,183.72,172.84,156.22,2026-08-21 14:57:46.781098+00:00
2024-12-15,2025-01-14,Nakuru,175.51,164.63,148.01,2026-08-21 14:57:46.781098+00:00
2024-12-15,2025-01-14,Namanga,177.94,166.72,150.04,2026-08-21 14:57:46.781098+00:00
2024-12-15,2025-01-14,Nambale,177.26,166.38,149.75,2026-08-21 14:57:46.781098+00:00
2024-12-15,2025-01-14,Nandi Hills,176.54,165.66,149.03,2026-08-21 14:57:46.781098+00:00
2024-12-15,2025-01-14,Nanyuki,178.36,167.14,150.46,2026-08-21 14:57:46.781098+00:00
2024-12-15,2025-01-14,Narok,177.77,166.56,149.88,2026-08-21 14:57:46.781098+00:00
2024-12-15,2025-01-14,Ndhiwa,177.56,166.68,150.06,2026-08-21 14:57:46.781098+00:00
2024-12-15,2025-01-14,Nkubu,179.39,168.18,151.5,2026-08-21 14:57:46.781098+00:00
2024-12-15,2025-01-14,North Horr,185.75,174.53,157.85,2026-08-21 14:57:46.781098+00:00
2024-12-15,2025-01-14,Ntimaru,178.86,167.97,151.35,2026-08-21 14:57:46.781098+00:00
2024-12-15,2025-01-14,Nyahururu,175.78,164.9,148.26,2026-08-21 14:57:46.781098+00:00
2024-12-15,2025-01-14,Nyamira,176.95,166.06,149.44,2026-08-21 14:57:46.781098+00:00
2024-12-15,2025-01-14,Nyangusu,177.72,166.84,150.21,2026-08-21 14:57:46.781098+00:00
2024-12-15,2025-01-14,Nyansiongo,177.15,166.27,149.64,2026-08-21 14:57:46.781098+00:00
2024-12-15,2025-01-14,Nyeri,177.76,166.53,149.86,2026-08-21 14:57:46.781098+00:00
2024-12-15,2025-01-14,O'lessos,176.4,165.52,148.89,2026-08-21 14:57:46.781098+00:00
2024-12-15,2025-01-14,Ogembo,177.44,166.56,149.93,2026-08-21 14:57:46.781098+00:00
2024-12-15,2025-01-14,Oldonyiro,178.81,167.59,150.92,2026-08-21 14:57:46.781098+00:00
2024-12-15,2025-01-14,Olenguruone,176.31,165.42,148.8,2026-08-21 14:57:46.781098+00:00
2024-12-15,2025-01-14,Orolwo,177.72,166.85,150.21,2026-08-21 14:57:46.781098+00:00
2024-12-15,2025-01-14,Ortum,178.05,167.16,150.54,2026-08-21 14:57:46.781098+00:00
2024-12-15,2025-01-14,Oyugis,176.96,166.07,149.45,2026-08-21 14:57:46.781098+00:00
2024-12-15,2025-01-14,Port Bunyala,177.31,166.42,149.8,2026-08-21 14:57:46.781098+00:00
2024-12-15,2025-01-14,Rangwe,177.26,166.38,149.75,2026-08-21 14:57:46.781098+00:00
2024-12-15,2025-01-14,Rodi Kopany,177.27,166.39,149.77,2026-08-21 14:57:46.781098+00:00
2024-12-15,2025-01-14,Rongo,177.54,166.66,150.03,2026-08-21 14:57:46.781098+00:00
2024-12-15,2025-01-14,Rumuruti,176.37,165.48,148.86,2026-08-21 14:57:46.781098+00:00
2024-12-15,2025-01-14,Saboti,176.95,166.06,149.44,2026-08-21 14:57:46.781098+00:00
2024-12-15,2025-01-14,Sagana,177.07,165.86,149.18,2026-08-21 14:57:46.781098+00:00
2024-12-15,2025-01-14,Sambalat,177.72,166.85,150.21,2026-08-21 14:57:46.781098+00:00
2024-12-15,2025-01-14,Samburu,173.37,162.15,145.47,2026-08-21 14:57:46.781098+00:00
2024-12-15,2025-01-14,Sebit,177.67,166.79,150.16,2026-08-21 14:57:46.781098+00:00
2024-12-15,2025-01-14,Sengera,177.63,166.75,150.13,2026-08-21 14:57:46.781098+00:00
2024-12-15,2025-01-14,Serem,176.92,166.04,149.41,2026-08-21 14:57:46.781098+00:00
2024-12-15,2025-01-14,Siaya,176.69,165.8,149.18,2026-08-21 14:57:46.781098+00:00
2024-12-15,2025-01-14,Sigor,178.21,167.32,150.7,2026-08-21 14:57:46.781098+00:00
2024-12-15,2025-01-14,Sindo,177.27,166.39,149.77,2026-08-21 14:57:46.781098+00:00
2024-12-15,2025-01-14,SioPort,177.25,166.36,149.74,2026-08-21 14:57:46.781098+00:00
2024-12-15,2025-01-14,Sipili,179.16,167.94,151.27,2026-08-21 14:57:46.781098+00:00
2024-12-15,2025-01-14,Sololo,185.4,174.18,157.5,2026-08-21 14:57:46.781098+00:00
2024-12-15,2025-01-14,Sondu,176.44,165.56,148.93,2026-08-21 14:57:46.781098+00:00
2024-12-15,2025-01-14,Songor,177.38,166.5,149.87,2026-08-21 14:57:46.781098+00:00
2024-12-15,2025-01-14,Sotik,177.09,166.21,149.59,2026-08-21 14:57:46.781098+00:00
2024-12-15,2025-01-14,Soy,176.33,165.45,148.82,2026-08-21 14:57:46.781098+00:00
2024-12-15,2025-01-14,Tambach,176.38,165.49,148.87,2026-08-21 14:57:46.781098+00:00
2024-12-15,2025-01-14,Tarbaj,186.06,174.85,158.17,2026-08-21 14:57:46.781098+00:00
2024-12-15,2025-01-14,Taru,173.56,162.35,145.67,2026-08-21 14:57:46.781098+00:00
2024-12-15,2025-01-14,Taveta,176.15,164.92,148.25,2026-08-21 14:57:46.781098+00:00
2024-12-15,2025-01-14,Tenges,177.38,166.5,149.87,2026-08-21 14:57:46.781098+00:00
2024-12-15,2025-01-14,Thika,176.29,165.07,148.39,2026-08-21 14:57:46.781098+00:00
2024-12-15,2025-01-14,Timboroa,176.59,165.7,149.08,2026-08-21 14:57:46.781098+00:00
2024-12-15,2025-01-14,Tindiret,177.29,166.41,149.78,2026-08-21 14:57:46.781098+00:00
2024-12-15,2025-01-14,Tot,177.57,166.69,150.06,2026-08-21 14:57:46.781098+00:00
2024-12-15,2025-01-14,Turbi,184.71,173.48,156.81,2026-08-21 14:57:46.781098+00:00
2024-12-15,2025-01-14,Turbo,176.27,165.4,148.77,2026-08-21 14:57:46.781098+00:00
2024-12-15,2025-01-14,Ugunja,176.78,165.91,149.28,2026-08-21 14:57:46.781098+00:00
2024-12-15,2025-01-14,Usenge,176.92,166.05,149.42,2026-08-21 14:57:46.781098+00:00
2024-12-15,2025-01-14,Voi,174.64,163.41,146.73,2026-08-21 14:57:46.781098+00:00
2024-12-15,2025-01-14,Wajir,186.24,175.01,158.33,2026-08-21 14:57:46.781098+00:00
2024-12-15,2025-01-14,Wamba,178.88,168.01,151.38,2026-08-21 14:57:46.781098+00:00
2024-12-15,2025-01-14,Webuye,176.8,165.91,149.28,2026-08-21 14:57:46.781098+00:00
2024-12-15,2025-01-14,Wundanji,175.17,163.96,147.28,2026-08-21 14:57:46.781098+00:00
2024-12-15,2025-01-14,Ziwa,176.54,165.66,149.03,2026-08-21 14:57:46.781098+00:00
2025-01-15,2025-02-14,Ahero,176.62,167.44,151.82,2026-08-21 14:57:46.781098+00:00
2025-01-15,2025-02-14,Alale,178.78,169.6,153.98,2026-08-21 14:57:46.781098+00:00
2025-01-15,2025-02-14,Archers Post,179.28,170.1,154.48,2026-08-21 14:57:46.781098+00:00
2025-01-15,2025-02-14,Arror,177.64,168.46,152.84,2026-08-21 14:57:46.781098+00:00
2025-01-15,2025-02-14,Asembo,176.7,167.54,151.9,2026-08-21 14:57:46.781098+00:00
2025-01-15,2025-02-14,Asilong,177.98,168.8,153.18,2026-08-21 14:57:46.781098+00:00
2025-01-15,2025-02-14,Awasi,176.58,167.41,151.79,2026-08-21 14:57:46.781098+00:00
2025-01-15,2025-02-14,Barwessa,177.79,168.62,152.99,2026-08-21 14:57:46.781098+00:00
2025-01-15,2025-02-14,Bomet,177.82,168.64,153.02,2026-08-21 14:57:46.781098+00:00
2025-01-15,2025-02-14,Bondo,176.84,167.68,152.04,2026-08-21 14:57:46.781098+00:00
2025-01-15,2025-02-14,Bungoma,177.45,168.27,152.64,2026-08-21 14:57:46.781098+00:00
2025-01-15,2025-02-14,Burgich,178.36,169.18,153.56,2026-08-21 14:57:46.781098+00:00
2025-01-15,2025-02-14,Burnt Forest,176.57,167.4,151.77,2026-08-21 14:57:46.781098+00:00
2025-01-15,2025-02-14,Busia,177.55,168.38,152.75,2026-08-21 14:57:46.781098+00:00
2025-01-15,2025-02-14,Bute,185.25,175.74,160.06,2026-08-21 14:57:46.781098+00:00
2025-01-15,2025-02-14,Chebara,177.04,167.87,152.24,2026-08-21 14:57:46.781098+00:00
2025-01-15,2025-02-14,Chepareria,177.92,168.74,153.12,2026-08-21 14:57:46.781098+00:00
2025-01-15,2025-02-14,Chepkorniswo,177.74,168.57,152.93,2026-08-21 14:57:46.781098+00:00
2025-01-15,2025-02-14,Cheptulu,177.09,167.91,152.28,2026-08-21 14:57:46.781098+00:00
2025-01-15,2025-02-14,Chuka,178.33,168.81,153.14,2026-08-21 14:57:46.781098+00:00
2025-01-15,2025-02-14,Chwele,177.73,168.56,152.93,2026-08-21 14:57:46.781098+00:00
2025-01-15,2025-02-14,Dadaab,182.54,173.02,157.35,2026-08-21 14:57:46.781098+00:00
2025-01-15,2025-02-14,Doldo,179.47,169.96,154.28,2026-08-21 14:57:46.781098+00:00
2025-01-15,2025-02-14,Eldama Ravine,177.51,168.34,152.71,2026-08-21 14:57:46.781098+00:00
2025-01-15,2025-02-14,Eldas,188.43,178.92,163.24,2026-08-21 14:57:46.781098+00:00
2025-01-15,2025-02-14,Eldoret,176.62,167.45,151.82,2026-08-21 14:57:46.781098+00:00
2025-01-15,2025-02-14,Elwak,188.08,178.57,162.89,2026-08-21 14:57:46.781098+00:00
2025-01-15,2025-02-14,Embu,177.76,168.24,152.57,2026-08-21 14:57:46.781098+00:00
2025-01-15,2025-02-14,Endebes,177.58,168.41,152.78,2026-08-21 14:57:46.781098+00:00
2025-01-15,2025-02-14,Etago,178.18,169.0,153.38,2026-08-21 14:57:46.781098+00:00
2025-01-15,2025-02-14,Funyula,177.4,168.22,152.6,2026-08-21 14:57:46.781098+00:00
2025-01-15,2025-02-14,Garissa,181.05,171.54,155.87,2026-08-21 14:57:46.781098+00:00
2025-01-15,2025-02-14,Garsen,175.87,166.35,150.68,2026-08-21 14:57:46.781098+00:00
2025-01-15,2025-02-14,Gilgil,175.76,166.59,150.96,2026-08-21 14:57:46.781098+00:00
2025-01-15,2025-02-14,Habaswein,183.94,174.43,158.76,2026-08-21 14:57:46.781098+00:00
2025-01-15,2025-02-14,Hadado,183.73,174.22,158.55,2026-08-21 14:57:46.781098+00:00
2025-01-15,2025-02-14,Harambee,176.67,167.49,151.87,2026-08-21 14:57:46.781098+00:00
2025-01-15,2025-02-14,Hola,177.18,167.68,152.0,2026-08-21 14:57:46.781098+00:00
2025-01-15,2025-02-14,Homabay,177.49,168.32,152.7,2026-08-21 14:57:46.781098+00:00
2025-01-15,2025-02-14,Ikonge,177.01,167.84,152.21,2026-08-21 14:57:46.781098+00:00
2025-01-15,2025-02-14,Isebania,178.72,169.54,153.92,2026-08-21 14:57:46.781098+00:00
2025-01-15,2025-02-14,Isiolo,179.74,170.24,154.56,2026-08-21 14:57:46.781098+00:00
2025-01-15,2025-02-14,Iten,176.62,167.45,151.82,2026-08-21 14:57:46.781098+00:00
2025-01-15,2025-02-14,Kabarnet,177.11,167.94,152.31,2026-08-21 14:57:46.781098+00:00
2025-01-15,2025-02-14,Kabartonjo,177.51,168.34,152.71,2026-08-21 14:57:46.781098+00:00
2025-01-15,2025-02-14,Kabiyet,176.62,167.45,151.82,2026-08-21 14:57:46.781098+00:00
2025-01-15,2025-02-14,Kacheliba,178.13,168.95,153.33,2026-08-21 14:57:46.781098+00:00
2025-01-15,2025-02-14,Kachibora,177.04,167.87,152.24,2026-08-21 14:57:46.781098+00:00
2025-01-15,2025-02-14,Kaibichbich,177.68,168.51,152.89,2026-08-21 14:57:46.781098+00:00
2025-01-15,2025-02-14,Kaiboi,176.68,167.51,151.88,2026-08-21 14:57:46.781098+00:00
2025-01-15,2025-02-14,Kainuk,178.85,169.67,154.05,2026-08-21 14:57:46.781098+00:00
2025-01-15,2025-02-14,Kajiado,177.03,167.51,151.83,2026-08-21 14:57:46.781098+00:00
2025-01-15,2025-02-14,Kakamega,176.67,167.5,151.88,2026-08-21 14:57:46.781098+00:00
2025-01-15,2025-02-14,Kakuma,182.82,173.65,158.03,2026-08-21 14:57:46.781098+00:00
2025-01-15,2025-02-14,Kalacha,185.14,175.62,159.95,2026-08-21 14:57:46.781098+00:00
2025-01-15,2025-02-14,Kalemngorok,179.35,170.17,154.55,2026-08-21 14:57:46.781098+00:00
2025-01-15,2025-02-14,Kalokol,181.93,172.76,157.13,2026-08-21 14:57:46.781098+00:00
2025-01-15,2025-02-14,Kaloleni,173.5,164.0,148.32,2026-08-21 14:57:46.781098+00:00
2025-01-15,2025-02-14,Kapcherop,177.28,168.1,152.48,2026-08-21 14:57:46.781098+00:00
2025-01-15,2025-02-14,Kapedo,179.65,170.48,154.86,2026-08-21 14:57:46.781098+00:00
2025-01-15,2025-02-14,Kapenguria,177.7,168.52,152.9,2026-08-21 14:57:46.781098+00:00
2025-01-15,2025-02-14,Kapese,180.0,170.83,155.2,2026-08-21 14:57:46.781098+00:00
2025-01-15,2025-02-14,Kaplamai,177.07,167.9,152.27,2026-08-21 14:57:46.781098+00:00
2025-01-15,2025-02-14,Kapsabet,176.64,167.47,151.84,2026-08-21 14:57:46.781098+00:00
2025-01-15,2025-02-14,Kapsowar,177.17,167.99,152.37,2026-08-21 14:57:46.781098+00:00
2025-01-15,2025-02-14,Kaptarakwa,176.83,167.66,152.03,2026-08-21 14:57:46.781098+00:00
2025-01-15,2025-02-14,Kaspokwony,177.79,168.62,152.99,2026-08-21 14:57:46.781098+00:00
2025-01-15,2025-02-14,Kehancha,178.81,169.65,154.01,2026-08-21 14:57:46.781098+00:00
2025-01-15,2025-02-14,Kericho,177.17,167.99,152.37,2026-08-21 14:57:46.781098+00:00
2025-01-15,2025-02-14,Kerina,177.7,168.53,152.91,2026-08-21 14:57:46.781098+00:00
2025-01-15,2025-02-14,Keringet,177.39,168.22,152.59,2026-08-21 14:57:46.781098+00:00
2025-01-15,2025-02-14,Keroka,177.58,168.41,152.78,2026-08-21 14:57:46.781098+00:00
2025-01-15,2025-02-14,Kerugoya,177.68,168.16,152.49,2026-08-21 14:57:46.781098+00:00
2025-01-15,2025-02-14,Kesses,176.62,167.45,151.82,2026-08-21 14:57:46.781098+00:00
2025-01-15,2025-02-14,Keumbu,177.63,168.46,152.84,2026-08-21 14:57:46.781098+00:00
2025-01-15,2025-02-14,Kibish,185.28,176.11,160.49,2026-08-21 14:57:46.781098+00:00
2025-01-15,2025-02-14,Kiganjo,178.01,168.5,152.82,2026-08-21 14:57:46.781098+00:00
2025-01-15,2025-02-14,Kilgoris,178.11,168.94,153.31,2026-08-21 14:57:46.781098+00:00
2025-01-15,2025-02-14,Kilifi,174.1,164.59,148.92,2026-08-21 14:57:46.781098+00:00
2025-01-15,2025-02-14,Kimilili,177.65,168.48,152.85,2026-08-21 14:57:46.781098+00:00
2025-01-15,2025-02-14,Kiminini,177.21,168.04,152.41,2026-08-21 14:57:46.781098+00:00
2025-01-15,2025-02-14,Kimwarer,176.96,167.79,152.16,2026-08-21 14:57:46.781098+00:00
2025-01-15,2025-02-14,Kiplombe,176.62,167.45,151.82,2026-08-21 14:57:46.781098+00:00
2025-01-15,2025-02-14,Kipsaraman,178.77,169.59,153.97,2026-08-21 14:57:46.781098+00:00
2025-01-15,2025-02-14,Kisii,177.56,168.39,152.77,2026-08-21 14:57:46.781098+00:00
2025-01-15,2025-02-14,Kisumu,176.62,167.44,151.82,2026-08-21 14:57:46.781098+00:00
2025-01-15,2025-02-14,Kitale,177.02,167.84,152.22,2026-08-21 14:57:46.781098+00:00
2025-01-15,2025-02-14,Kitui,178.22,168.71,153.03,2026-08-21 14:57:46.781098+00:00
2025-01-15,2025-02-14,Kiwawa,178.78,169.6,153.98,2026-08-21 14:57:46.781098+00:00
2025-01-15,2025-02-14,Kobujoi,177.12,167.95,152.33,2026-08-21 14:57:46.781098+00:00
2025-01-15,2025-02-14,Korr,183.01,173.5,157.82,2026-08-21 14:57:46.781098+00:00
2025-01-15,2025-02-14,Kunyao,178.42,169.24,153.62,2026-08-21 14:57:46.781098+00:00
2025-01-15,2025-02-14,Kwale,173.72,164.21,148.54,2026-08-21 14:57:46.781098+00:00
2025-01-15,2025-02-14,Kwanza,177.81,168.64,153.0,2026-08-21 14:57:46.781098+00:00
2025-01-15,2025-02-14,Laisamis,181.99,172.49,156.81,2026-08-21 14:57:46.781098+00:00
2025-01-15,2025-02-14,Lamu,176.88,167.37,151.69,2026-08-21 14:57:46.781098+00:00
2025-01-15,2025-02-14,Lamuria,178.52,169.01,153.34,2026-08-21 14:57:46.781098+00:00
2025-01-15,2025-02-14,Liboi,184.02,174.51,158.84,2026-08-21 14:57:46.781098+00:00
2025-01-15,2025-02-14,Likoni Mainland,173.72,164.21,148.54,2026-08-21 14:57:46.781098+00:00
2025-01-15,2025-02-14,Lodosoit,180.46,171.28,155.66,2026-08-21 14:57:46.781098+00:00
2025-01-15,2025-02-14,Lodwar,181.11,171.94,156.31,2026-08-21 14:57:46.781098+00:00
2025-01-15,2025-02-14,Loima,180.17,170.99,155.37,2026-08-21 14:57:46.781098+00:00
2025-01-15,2025-02-14,Lokichar,180.04,170.87,155.24,2026-08-21 14:57:46.781098+00:00
2025-01-15,2025-02-14,Lokichogio,184.1,174.93,159.3,2026-08-21 14:57:46.781098+00:00
2025-01-15,2025-02-14,Lokiriama,181.85,172.68,157.05,2026-08-21 14:57:46.781098+00:00
2025-01-15,2025-02-14,Lokitaung,185.03,175.85,160.23,2026-08-21 14:57:46.781098+00:00
2025-01-15,2025-02-14,Lokori,180.43,171.26,155.64,2026-08-21 14:57:46.781098+00:00
2025-01-15,2025-02-14,Lomut,179.65,170.48,154.86,2026-08-21 14:57:46.781098+00:00
2025-01-15,2025-02-14,Londiani,176.08,166.91,151.29,2026-08-21 14:57:46.781098+00:00
2025-01-15,2025-02-14,Loruk,178.63,169.45,153.83,2026-08-21 14:57:46.781098+00:00
2025-01-15,2025-02-14,Loyangalani,185.21,175.69,160.02,2026-08-21 14:57:46.781098+00:00
2025-01-15,2025-02-14,Lugari,177.42,168.26,152.63,2026-08-21 14:57:46.781098+00:00
2025-01-15,2025-02-14,Lungalunga,174.49,164.97,149.3,2026-08-21 14:57:46.781098+00:00
2025-01-15,2025-02-14,Machakos,176.83,167.32,151.64,2026-08-21 14:57:46.781098+00:00
2025-01-15,2025-02-14,Magenche,178.29,169.11,153.49,2026-08-21 14:57:46.781098+00:00
2025-01-15,2025-02-14,Mai Mahiu,176.7,167.19,151.52,2026-08-21 14:57:46.781098+00:00
2025-01-15,2025-02-14,Maikona,184.56,175.04,159.36,2026-08-21 14:57:46.781098+00:00
2025-01-15,2025-02-14,Makuyu,176.89,167.37,151.69,2026-08-21 14:57:46.781098+00:00
2025-01-15,2025-02-14,Malaba,177.87,168.71,153.07,2026-08-21 14:57:46.781098+00:00
2025-01-15,2025-02-14,Malava,177.01,167.84,152.21,2026-08-21 14:57:46.781098+00:00
2025-01-15,2025-02-14,Malindi,174.32,164.81,149.14,2026-08-21 14:57:46.781098+00:00
2025-01-15,2025-02-14,Mandera,190.59,181.07,165.39,2026-08-21 14:57:46.781098+00:00
2025-01-15,2025-02-14,Maralal,178.28,169.1,153.48,2026-08-21 14:57:46.781098+00:00
2025-01-15,2025-02-14,Marani,177.32,168.14,152.52,2026-08-21 14:57:46.781098+00:00
2025-01-15,2025-02-14,Marereni,175.03,165.52,149.85,2026-08-21 14:57:46.781098+00:00
2025-01-15,2025-02-14,Marich,178.25,169.08,153.46,2026-08-21 14:57:46.781098+00:00
2025-01-15,2025-02-14,Marigat,176.59,167.41,151.79,2026-08-21 14:57:46.781098+00:00
2025-01-15,2025-02-14,Marimanti,179.06,169.54,153.86,2026-08-21 14:57:46.781098+00:00
2025-01-15,2025-02-14,Marsabit,185.01,175.49,159.82,2026-08-21 14:57:46.781098+00:00
2025-01-15,2025-02-14,Matunda,176.61,167.44,151.81,2026-08-21 14:57:46.781098+00:00
2025-01-15,2025-02-14,Matuu,177.54,168.02,152.35,2026-08-21 14:57:46.781098+00:00
2025-01-15,2025-02-14,Maua,180.39,170.88,155.2,2026-08-21 14:57:46.781098+00:00
2025-01-15,2025-02-14,Mbale,176.62,167.44,151.82,2026-08-21 14:57:46.781098+00:00
2025-01-15,2025-02-14,Mbita,177.48,168.31,152.68,2026-08-21 14:57:46.781098+00:00
2025-01-15,2025-02-14,Merille,181.68,172.16,156.48,2026-08-21 14:57:46.781098+00:00
2025-01-15,2025-02-14,Merti,182.32,172.8,157.12,2026-08-21 14:57:46.781098+00:00
2025-01-15,2025-02-14,Meru,179.9,170.39,154.71,2026-08-21 14:57:46.781098+00:00
2025-01-15,2025-02-14,Migori,178.41,169.24,153.62,2026-08-21 14:57:46.781098+00:00
2025-01-15,2025-02-14,Minjila,175.76,166.26,150.58,2026-08-21 14:57:46.781098+00:00
2025-01-15,2025-02-14,Modogashe,184.09,174.58,158.91,2026-08-21 14:57:46.781098+00:00
2025-01-15,2025-02-14,Mogotio,175.75,166.57,150.95,2026-08-21 14:57:46.781098+00:00
2025-01-15,2025-02-14,Moi's Bridge,176.69,167.52,151.89,2026-08-21 14:57:46.781098+00:00
2025-01-15,2025-02-14,Moiben,176.64,167.47,151.84,2026-08-21 14:57:46.781098+00:00
2025-01-15,2025-02-14,Molo,175.84,166.67,151.04,2026-08-21 14:57:46.781098+00:00
2025-01-15,2025-02-14,Mombasa,173.34,163.82,148.15,2026-08-21 14:57:46.781098+00:00
2025-01-15,2025-02-14,Morpus,177.86,168.69,153.06,2026-08-21 14:57:46.781098+00:00
2025-01-15,2025-02-14,Moyale,186.7,177.2,161.52,2026-08-21 14:57:46.781098+00:00
2025-01-15,2025-02-14,Mpeketoni,176.88,167.37,151.69,2026-08-21 14:57:46.781098+00:00
2025-01-15,2025-02-14,Mtito Andei,179.2,169.68,154.0,2026-08-21 14:57:46.781098+00:00
2025-01-15,2025-02-14,Muhoroni,176.87,167.69,152.06,2026-08-21 14:57:46.781098+00:00
2025-01-15,2025-02-14,Muhuru Bay,178.57,169.39,153.77,2026-08-21 14:57:46.781098+00:00
2025-01-15,2025-02-14,Mumias,176.97,167.79,152.17,2026-08-21 14:57:46.781098+00:00
2025-01-15,2025-02-14,Muranga,177.13,167.62,151.95,2026-08-21 14:57:46.781098+00:00
2025-01-15,2025-02-14,Mutuobare,178.35,168.83,153.15,2026-08-21 14:57:46.781098+00:00
2025-01-15,2025-02-14,Mwatate,175.28,165.77,150.09,2026-08-21 14:57:46.781098+00:00
2025-01-15,2025-02-14,Mwingi,178.64,169.13,153.45,2026-08-21 14:57:46.781098+00:00
2025-01-15,2025-02-14,Naiberi,176.62,167.45,151.82,2026-08-21 14:57:46.781098+00:00
2025-01-15,2025-02-14,Nairobi,176.58,167.06,151.39,2026-08-21 14:57:46.781098+00:00
2025-01-15,2025-02-14,Naivasha,176.16,166.98,151.36,2026-08-21 14:57:46.781098+00:00
2025-01-15,2025-02-14,Nakalale,184.01,174.84,159.22,2026-08-21 14:57:46.781098+00:00
2025-01-15,2025-02-14,Nakuru,175.8,166.63,151.01,2026-08-21 14:57:46.781098+00:00
2025-01-15,2025-02-14,Namanga,178.23,168.72,153.04,2026-08-21 14:57:46.781098+00:00
2025-01-15,2025-02-14,Nambale,177.55,168.38,152.75,2026-08-21 14:57:46.781098+00:00
2025-01-15,2025-02-14,Nandi Hills,176.83,167.66,152.03,2026-08-21 14:57:46.781098+00:00
2025-01-15,2025-02-14,Nanyuki,178.65,169.14,153.46,2026-08-21 14:57:46.781098+00:00
2025-01-15,2025-02-14,Narok,178.07,168.56,152.88,2026-08-21 14:57:46.781098+00:00
2025-01-15,2025-02-14,Ndhiwa,177.86,168.68,153.06,2026-08-21 14:57:46.781098+00:00
2025-01-15,2025-02-14,Nkubu,179.7,170.18,154.5,2026-08-21 14:57:46.781098+00:00
2025-01-15,2025-02-14,North Horr,186.04,176.53,160.85,2026-08-21 14:57:46.781098+00:00
2025-01-15,2025-02-14,Ntimaru,179.15,169.97,154.35,2026-08-21 14:57:46.781098+00:00
2025-01-15,2025-02-14,Nyahururu,176.07,166.9,151.26,2026-08-21 14:57:46.781098+00:00
2025-01-15,2025-02-14,Nyamira,177.24,168.06,152.44,2026-08-21 14:57:46.781098+00:00
2025-01-15,2025-02-14,Nyangusu,178.01,168.84,153.21,2026-08-21 14:57:46.781098+00:00
2025-01-15,2025-02-14,Nyansiongo,177.44,168.27,152.64,2026-08-21 14:57:46.781098+00:00
2025-01-15,2025-02-14,Nyeri,178.05,168.53,152.86,2026-08-21 14:57:46.781098+00:00
2025-01-15,2025-02-14,O'lessos,176.69,167.52,151.89,2026-08-21 14:57:46.781098+00:00
2025-01-15,2025-02-14,Ogembo,177.73,168.56,152.93,2026-08-21 14:57:46.781098+00:00
2025-01-15,2025-02-14,Oldonyiro,179.1,169.59,153.92,2026-08-21 14:57:46.781098+00:00
2025-01-15,2025-02-14,Olenguruone,176.6,167.42,151.8,2026-08-21 14:57:46.781098+00:00
2025-01-15,2025-02-14,Orolwo,178.01,168.85,153.21,2026-08-21 14:57:46.781098+00:00
2025-01-15,2025-02-14,Ortum,178.34,169.16,153.54,2026-08-21 14:57:46.781098+00:00
2025-01-15,2025-02-14,Oyugis,177.25,168.07,152.45,2026-08-21 14:57:46.781098+00:00
2025-01-15,2025-02-14,Port Bunyala,177.6,168.42,152.8,2026-08-21 14:57:46.781098+00:00
2025-01-15,2025-02-14,Rangwe,177.55,168.38,152.75,2026-08-21 14:57:46.781098+00:00
2025-01-15,2025-02-14,Rodi Kopany,177.56,168.39,152.77,2026-08-21 14:57:46.781098+00:00
2025-01-15,2025-02-14,Rongo,177.83,168.66,153.03,2026-08-21 14:57:46.781098+00:00
2025-01-15,2025-02-14,Rumuruti,176.66,167.48,151.86,2026-08-21 14:57:46.781098+00:00
2025-01-15,2025-02-14,Saboti,177.24,168.06,152.44,2026-08-21 14:57:46.781098+00:00
2025-01-15,2025-02-14,Sagana,177.38,167.86,152.18,2026-08-21 14:57:46.781098+00:00
2025-01-15,2025-02-14,Sambalat,178.01,168.85,153.21,2026-08-21 14:57:46.781098+00:00
2025-01-15,2025-02-14,Samburu,173.65,164.15,148.47,2026-08-21 14:57:46.781098+00:00
2025-01-15,2025-02-14,Sebit,177.96,168.79,153.16,2026-08-21 14:57:46.781098+00:00
2025-01-15,2025-02-14,Sengera,177.93,168.75,153.13,2026-08-21 14:57:46.781098+00:00
2025-01-15,2025-02-14,Serem,177.21,168.04,152.41,2026-08-21 14:57:46.781098+00:00
2025-01-15,2025-02-14,Siaya,176.98,167.8,152.18,2026-08-21 14:57:46.781098+00:00
2025-01-15,2025-02-14,Sigor,178.5,169.32,153.7,2026-08-21 14:57:46.781098+00:00
2025-01-15,2025-02-14,Sindo,177.56,168.39,152.77,2026-08-21 14:57:46.781098+00:00
2025-01-15,2025-02-14,SioPort,177.54,168.36,152.74,2026-08-21 14:57:46.781098+00:00
2025-01-15,2025-02-14,Sipili,179.45,169.94,154.27,2026-08-21 14:57:46.781098+00:00
2025-01-15,2025-02-14,Sololo,185.69,176.18,160.5,2026-08-21 14:57:46.781098+00:00
2025-01-15,2025-02-14,Sondu,176.73,167.56,151.93,2026-08-21 14:57:46.781098+00:00
2025-01-15,2025-02-14,Songor,177.67,168.5,152.87,2026-08-21 14:57:46.781098+00:00
2025-01-15,2025-02-14,Sotik,177.39,168.21,152.59,2026-08-21 14:57:46.781098+00:00
2025-01-15,2025-02-14,Soy,176.62,167.45,151.82,2026-08-21 14:57:46.781098+00:00
2025-01-15,2025-02-14,Tambach,176.67,167.49,151.87,2026-08-21 14:57:46.781098+00:00
2025-01-15,2025-02-14,Tarbaj,186.35,176.85,161.17,2026-08-21 14:57:46.781098+00:00
2025-01-15,2025-02-14,Taru,173.85,164.35,148.67,2026-08-21 14:57:46.781098+00:00
2025-01-15,2025-02-14,Taveta,176.44,166.92,151.25,2026-08-21 14:57:46.781098+00:00
2025-01-15,2025-02-14,Tenges,177.67,168.5,152.87,2026-08-21 14:57:46.781098+00:00
2025-01-15,2025-02-14,Thika,176.58,167.07,151.39,2026-08-21 14:57:46.781098+00:00
2025-01-15,2025-02-14,Timboroa,176.88,167.7,152.08,2026-08-21 14:57:46.781098+00:00
2025-01-15,2025-02-14,Tindiret,177.58,168.41,152.78,2026-08-21 14:57:46.781098+00:00
2025-01-15,2025-02-14,Tot,177.86,168.69,153.06,2026-08-21 14:57:46.781098+00:00
2025-01-15,2025-02-14,Turbi,185.0,175.48,159.81,2026-08-21 14:57:46.781098+00:00
2025-01-15,2025-02-14,Turbo,176.57,167.4,151.77,2026-08-21 14:57:46.781098+00:00
2025-01-15,2025-02-14,Ugunja,177.07,167.91,152.28,2026-08-21 14:57:46.781098+00:00
2025-01-15,2025-02-14,Usenge,177.21,168.05,152.42,2026-08-21 14:57:46.781098+00:00
2025-01-15,2025-02-14,Voi,174.92,165.41,149.73,2026-08-21 14:57:46.781098+00:00
2025-01-15,2025-02-14,Wajir,186.53,177.01,161.33,2026-08-21 14:57:46.781098+00:00
2025-01-15,2025-02-14,Wamba,179.18,170.01,154.38,2026-08-21 14:57:46.781098+00:00
2025-01-15,2025-02-14,Webuye,177.09,167.91,152.28,2026-08-21 14:57:46.781098+00:00
2025-01-15,2025-02-14,Wundanji,175.46,165.96,150.28,2026-08-21 14:57:46.781098+00:00
2025-01-15,2025-02-14,Ziwa,176.83,167.66,152.03,2026-08-21 14:57:46.781098+00:00
2025-02-15,2025-03-14,Ahero,176.62,167.44,151.82,2026-08-21 14:57:46.781098+00:00
2025-02-15,2025-03-14,Alale,178.78,169.6,153.98,2026-08-21 14:57:46.781098+00:00
2025-02-15,2025-03-14,Archers Post,179.28,170.1,154.48,2026-08-21 14:57:46.781098+00:00
2025-02-15,2025-03-14,Arror,177.64,168.46,152.84,2026-08-21 14:57:46.781098+00:00
2025-02-15,2025-03-14,Asembo,176.7,167.54,151.9,2026-08-21 14:57:46.781098+00:00
2025-02-15,2025-03-14,Asilong,177.97,168.8,153.18,2026-08-21 14:57:46.781098+00:00
2025-02-15,2025-03-14,Awasi,176.58,167.41,151.79,2026-08-21 14:57:46.781098+00:00
2025-02-15,2025-03-14,Barwessa,177.79,168.62,152.99,2026-08-21 14:57:46.781098+00:00
2025-02-15,2025-03-14,Bomet,177.82,168.64,153.02,2026-08-21 14:57:46.781098+00:00
2025-02-15,2025-03-14,Bondo,176.84,167.68,152.04,2026-08-21 14:57:46.781098+00:00
2025-02-15,2025-03-14,Bungoma,177.45,168.27,152.64,2026-08-21 14:57:46.781098+00:00
2025-02-15,2025-03-14,Burgich,178.36,169.18,153.56,2026-08-21 14:57:46.781098+00:00
2025-02-15,2025-03-14,Burnt Forest,176.56,167.4,151.77,2026-08-21 14:57:46.781098+00:00
2025-02-15,2025-03-14,Busia,177.55,168.38,152.75,2026-08-21 14:57:46.781098+00:00
2025-02-15,2025-03-14,Bute,185.24,175.74,160.06,2026-08-21 14:57:46.781098+00:00
2025-02-15,2025-03-14,Chebara,177.04,167.87,152.24,2026-08-21 14:57:46.781098+00:00
2025-02-15,2025-03-14,Chepareria,177.92,168.74,153.12,2026-08-21 14:57:46.781098+00:00
2025-02-15,2025-03-14,Chepkorniswo,177.74,168.57,152.93,2026-08-21 14:57:46.781098+00:00
2025-02-15,2025-03-14,Cheptulu,177.09,167.91,152.28,2026-08-21 14:57:46.781098+00:00
2025-02-15,2025-03-14,Chuka,178.33,168.81,153.14,2026-08-21 14:57:46.781098+00:00
2025-02-15,2025-03-14,Chwele,177.73,168.56,152.93,2026-08-21 14:57:46.781098+00:00
2025-02-15,2025-03-14,Dadaab,182.54,173.02,157.35,2026-08-21 14:57:46.781098+00:00
2025-02-15,2025-03-14,Doldo,179.46,169.96,154.28,2026-08-21 14:57:46.781098+00:00
2025-02-15,2025-03-14,Eldama Ravine,177.51,168.34,152.71,2026-08-21 14:57:46.781098+00:00
2025-02-15,2025-03-14,Eldas,188.43,178.92,163.24,2026-08-21 14:57:46.781098+00:00
2025-02-15,2025-03-14,Eldoret,176.62,167.45,151.82,2026-08-21 14:57:46.781098+00:00
2025-02-15,2025-03-14,Elwak,188.08,178.57,162.89,2026-08-21 14:57:46.781098+00:00
2025-02-15,2025-03-14,Embu,177.76,168.24,152.57,2026-08-21 14:57:46.781098+00:00
2025-02-15,2025-03-14,Endebes,177.58,168.41,152.78,2026-08-21 14:57:46.781098+00:00
2025-02-15,2025-03-14,Etago,178.18,169.0,153.38,2026-08-21 14:57:46.781098+00:00
2025-02-15,2025-03-14,Funyula,177.4,168.22,152.6,2026-08-21 14:57:46.781098+00:00
2025-02-15,2025-03-14,Garissa,181.05,171.54,155.87,2026-08-21 14:57:46.781098+00:00
2025-02-15,2025-03-14,Garsen,175.87,166.35,150.68,2026-08-21 14:57:46.781098+00:00
2025-02-15,2025-03-14,Gilgil,175.76,166.59,150.96,2026-08-21 14:57:46.781098+00:00
2025-02-15,2025-03-14,Habaswein,183.94,174.43,158.76,2026-08-21 14:57:46.781098+00:00
2025-02-15,2025-03-14,Hadado,183.73,174.22,158.55,2026-08-21 14:57:46.781098+00:00
2025-02-15,2025-03-14,Harambee,176.66,167.49,151.87,2026-08-21 14:57:46.781098+00:00
2025-02-15,2025-03-14,Hola,177.19,167.68,152.0,2026-08-21 14:57:46.781098+00:00
2025-02-15,2025-03-14,Homabay,177.49,168.32,152.7,2026-08-21 14:57:46.781098+00:00
2025-02-15,2025-03-14,Ikonge,177.01,167.84,152.21,2026-08-21 14:57:46.781098+00:00
2025-02-15,2025-03-14,Isebania,178.72,169.54,153.92,2026-08-21 14:57:46.781098+00:00
2025-02-15,2025-03-14,Isiolo,179.74,170.24,154.56,2026-08-21 14:57:46.781098+00:00
2025-02-15,2025-03-14,Iten,176.62,167.45,151.82,2026-08-21 14:57:46.781098+00:00
2025-02-15,2025-03-14,Kabarnet,177.11,167.94,152.31,2026-08-21 14:57:46.781098+00:00
2025-02-15,2025-03-14,Kabartonjo,177.51,168.34,152.71,2026-08-21 14:57:46.781098+00:00
2025-02-15,2025-03-14,Kabiyet,176.62,167.45,151.82,2026-08-21 14:57:46.781098+00:00
2025-02-15,2025-03-14,Kacheliba,178.13,168.95,153.33,2026-08-21 14:57:46.781098+00:00
2025-02-15,2025-03-14,Kachibora,177.04,167.87,152.24,2026-08-21 14:57:46.781098+00:00
2025-02-15,2025-03-14,Kaibichbich,177.68,168.51,152.89,2026-08-21 14:57:46.781098+00:00
2025-02-15,2025-03-14,Kaiboi,176.68,167.51,151.88,2026-08-21 14:57:46.781098+00:00
2025-02-15,2025-03-14,Kainuk,178.85,169.67,154.05,2026-08-21 14:57:46.781098+00:00
2025-02-15,2025-03-14,Kajiado,177.03,167.51,151.83,2026-08-21 14:57:46.781098+00:00
2025-02-15,2025-03-14,Kakamega,176.67,167.5,151.88,2026-08-21 14:57:46.781098+00:00
2025-02-15,2025-03-14,Kakuma,182.82,173.65,158.03,2026-08-21 14:57:46.781098+00:00
2025-02-15,2025-03-14,Kalacha,185.14,175.62,159.95,2026-08-21 14:57:46.781098+00:00
2025-02-15,2025-03-14,Kalemngorok,179.35,170.17,154.55,2026-08-21 14:57:46.781098+00:00
2025-02-15,2025-03-14,Kalokol,181.93,172.76,157.13,2026-08-21 14:57:46.781098+00:00
2025-02-15,2025-03-14,Kaloleni,173.5,164.0,148.32,2026-08-21 14:57:46.781098+00:00
2025-02-15,2025-03-14,Kapcherop,177.28,168.1,152.48,2026-08-21 14:57:46.781098+00:00
2025-02-15,2025-03-14,Kapedo,179.65,170.48,154.86,2026-08-21 14:57:46.781098+00:00
2025-02-15,2025-03-14,Kapenguria,177.69,168.52,152.9,2026-08-21 14:57:46.781098+00:00
2025-02-15,2025-03-14,Kapese,180.0,170.83,155.2,2026-08-21 14:57:46.781098+00:00
2025-02-15,2025-03-14,Kaplamai,177.07,167.9,152.27,2026-08-21 14:57:46.781098+00:00
2025-02-15,2025-03-14,Kapsabet,176.63,167.47,151.84,2026-08-21 14:57:46.781098+00:00
2025-02-15,2025-03-14,Kapsowar,177.17,167.99,152.37,2026-08-21 14:57:46.781098+00:00
2025-02-15,2025-03-14,Kaptarakwa,176.83,167.66,152.03,2026-08-21 14:57:46.781098+00:00
2025-02-15,2025-03-14,Kaspokwony,177.78,168.62,152.99,2026-08-21 14:57:46.781098+00:00
2025-02-15,2025-03-14,Kehancha,178.81,169.65,154.01,2026-08-21 14:57:46.781098+00:00
2025-02-15,2025-03-14,Kericho,177.17,167.99,152.37,2026-08-21 14:57:46.781098+00:00
2025-02-15,2025-03-14,Kerina,177.7,168.53,152.91,2026-08-21 14:57:46.781098+00:00
2025-02-15,2025-03-14,Keringet,177.39,168.22,152.59,2026-08-21 14:57:46.781098+00:00
2025-02-15,2025-03-14,Keroka,177.57,168.41,152.78,2026-08-21 14:57:46.781098+00:00
2025-02-15,2025-03-14,Kerugoya,177.68,168.16,152.49,2026-08-21 14:57:46.781098+00:00
2025-02-15,2025-03-14,Kesses,176.62,167.45,151.82,2026-08-21 14:57:46.781098+00:00
2025-02-15,2025-03-14,Keumbu,177.63,168.46,152.84,2026-08-21 14:57:46.781098+00:00
2025-02-15,2025-03-14,Kibish,185.28,176.11,160.49,2026-08-21 14:57:46.781098+00:00
2025-02-15,2025-03-14,Kiganjo,178.01,168.5,152.82,2026-08-21 14:57:46.781098+00:00
2025-02-15,2025-03-14,Kilgoris,178.11,168.94,153.31,2026-08-21 14:57:46.781098+00:00
2025-02-15,2025-03-14,Kilifi,174.1,164.59,148.92,2026-08-21 14:57:46.781098+00:00
2025-02-15,2025-03-14,Kimilili,177.64,168.48,152.85,2026-08-21 14:57:46.781098+00:00
2025-02-15,2025-03-14,Kiminini,177.21,168.04,152.41,2026-08-21 14:57:46.781098+00:00
2025-02-15,2025-03-14,Kimwarer,176.96,167.79,152.16,2026-08-21 14:57:46.781098+00:00
2025-02-15,2025-03-14,Kiplombe,176.62,167.45,151.82,2026-08-21 14:57:46.781098+00:00
2025-02-15,2025-03-14,Kipsaraman,178.77,169.59,153.97,2026-08-21 14:57:46.781098+00:00
2025-02-15,2025-03-14,Kisii,177.56,168.39,152.77,2026-08-21 14:57:46.781098+00:00
2025-02-15,2025-03-14,Kisumu,176.62,167.44,151.82,2026-08-21 14:57:46.781098+00:00
2025-02-15,2025-03-14,Kitale,177.02,167.84,152.22,2026-08-21 14:57:46.781098+00:00
2025-02-15,2025-03-14,Kitui,178.22,168.71,153.03,2026-08-21 14:57:46.781098+00:00
2025-02-15,2025-03-14,Kiwawa,178.78,169.6,153.98,2026-08-21 14:57:46.781098+00:00
2025-02-15,2025-03-14,Kobujoi,177.12,167.95,152.33,2026-08-21 14:57:46.781098+00:00
2025-02-15,2025-03-14,Korr,183.01,173.5,157.82,2026-08-21 14:57:46.781098+00:00
2025-02-15,2025-03-14,Kunyao,178.42,169.24,153.62,2026-08-21 14:57:46.781098+00:00
2025-02-15,2025-03-14,Kwale,173.72,164.21,148.54,2026-08-21 14:57:46.781098+00:00
2025-02-15,2025-03-14,Kwanza,177.8,168.64,153.0,2026-08-21 14:57:46.781098+00:00
2025-02-15,2025-03-14,Laisamis,181.99,172.49,156.81,2026-08-21 14:57:46.781098+00:00
2025-02-15,2025-03-14,Lamu,176.88,167.37,151.69,2026-08-21 14:57:46.781098+00:00
2025-02-15,2025-03-14,Lamuria,178.52,169.01,153.34,2026-08-21 14:57:46.781098+00:00
2025-02-15,2025-03-14,Liboi,184.02,174.51,158.84,2026-08-21 14:57:46.781098+00:00
2025-02-15,2025-03-14,Likoni Mainland,173.72,164.21,148.54,2026-08-21 14:57:46.781098+00:00
2025-02-15,2025-03-14,Lodosoit,180.46,171.28,155.66,2026-08-21 14:57:46.781098+00:00
2025-02-15,2025-03-14,Lodwar,181.11,171.94,156.31,2026-08-21 14:57:46.781098+00:00
2025-02-15,2025-03-14,Loima,180.17,170.99,155.37,2026-08-21 14:57:46.781098+00:00
2025-02-15,2025-03-14,Lokichar,180.04,170.87,155.24,2026-08-21 14:57:46.781098+00:00
2025-02-15,2025-03-14,Lokichogio,184.1,174.93,159.3,2026-08-21 14:57:46.781098+00:00
2025-02-15,2025-03-14,Lokiriama,181.85,172.68,157.05,2026-08-21 14:57:46.781098+00:00
2025-02-15,2025-03-14,Lokitaung,185.03,175.85,160.23,2026-08-21 14:57:46.781098+00:00
2025-02-15,2025-03-14,Lokori,180.43,171.26,155.64,2026-08-21 14:57:46.781098+00:00
2025-02-15,2025-03-14,Lomut,179.65,170.48,154.86,2026-08-21 14:57:46.781098+00:00
2025-02-15,2025-03-14,Londiani,176.08,166.91,151.29,2026-08-21 14:57:46.781098+00:00
2025-02-15,2025-03-14,Loruk,178.63,169.45,153.83,2026-08-21 14:57:46.781098+00:00
2025-02-15,2025-03-14,Loyangalani,185.21,175.69,160.02,2026-08-21 14:57:46.781098+00:00
2025-02-15,2025-03-14,Lugari,177.42,168.26,152.63,2026-08-21 14:57:46.781098+00:00
2025-02-15,2025-03-14,Lungalunga,174.49,164.97,149.3,2026-08-21 14:57:46.781098+00:00
2025-02-15,2025-03-14,Machakos,176.83,167.32,151.64,2026-08-21 14:57:46.781098+00:00
2025-02-15,2025-03-14,Magenche,178.29,169.11,153.49,2026-08-21 14:57:46.781098+00:00
2025-02-15,2025-03-14,Mai Mahiu,176.7,167.19,151.52,2026-08-21 14:57:46.781098+00:00
2025-02-15,2025-03-14,Maikona,184.56,175.04,159.36,2026-08-21 14:57:46.781098+00:00
2025-02-15,2025-03-14,Makuyu,176.89,167.37,151.69,2026-08-21 14:57:46.781098+00:00
2025-02-15,2025-03-14,Malaba,177.87,168.71,153.07,2026-08-21 14:57:46.781098+00:00
2025-02-15,2025-03-14,Malava,177.01,167.84,152.21,2026-08-21 14:57:46.781098+00:00
2025-02-15,2025-03-14,Malindi,174.32,164.81,149.14,2026-08-21 14:57:46.781098+00:00
2025-02-15,2025-03-14,Mandera,190.58,181.07,165.39,2026-08-21 14:57:46.781098+00:00
2025-02-15,2025-03-14,Maralal,178.28,169.1,153.48,2026-08-21 14:57:46.781098+00:00
2025-02-15,2025-03-14,Marani,177.32,168.14,152.52,2026-08-21 14:57:46.781098+00:00
2025-02-15,2025-03-14,Marereni,175.03,165.52,149.85,2026-08-21 14:57:46.781098+00:00
2025-02-15,2025-03-14,Marich,178.25,169.08,153.46,2026-08-21 14:57:46.781098+00:00
2025-02-15,2025-03-14,Marigat,176.59,167.41,151.79,2026-08-21 14:57:46.781098+00:00
2025-02-15,2025-03-14,Marimanti,179.05,169.54,153.86,2026-08-21 14:57:46.781098+00:00
2025-02-15,2025-03-14,Marsabit,185.01,175.49,159.82,2026-08-21 14:57:46.781098+00:00
2025-02-15,2025-03-14,Matunda,176.61,167.44,151.81,2026-08-21 14:57:46.781098+00:00
2025-02-15,2025-03-14,Matuu,177.54,168.02,152.35,2026-08-21 14:57:46.781098+00:00
2025-02-15,2025-03-14,Maua,180.38,170.88,155.2,2026-08-21 14:57:46.781098+00:00
2025-02-15,2025-03-14,Mbale,176.62,167.44,151.82,2026-08-21 14:57:46.781098+00:00
2025-02-15,2025-03-14,Mbita,177.48,168.31,152.68,2026-08-21 14:57:46.781098+00:00
2025-02-15,2025-03-14,Merille,181.68,172.16,156.48,2026-08-21 14:57:46.781098+00:00
2025-02-15,2025-03-14,Merti,182.32,172.8,157.12,2026-08-21 14:57:46.781098+00:00
2025-02-15,2025-03-14,Meru,179.89,170.39,154.71,2026-08-21 14:57:46.781098+00:00
2025-02-15,2025-03-14,Migori,178.41,169.24,153.62,2026-08-21 14:57:46.781098+00:00
2025-02-15,2025-03-14,Minjila,175.77,166.26,150.58,2026-08-21 14:57:46.781098+00:00
2025-02-15,2025-03-14,Modogashe,184.09,174.58,158.91,2026-08-21 14:57:46.781098+00:00
2025-02-15,2025-03-14,Mogotio,175.75,166.57,150.95,2026-08-21 14:57:46.781098+00:00
2025-02-15,2025-03-14,Moi's Bridge,176.69,167.52,151.89,2026-08-21 14:57:46.781098+00:00
2025-02-15,2025-03-14,Moiben,176.63,167.47,151.84,2026-08-21 14:57:46.781098+00:00
2025-02-15,2025-03-14,Molo,175.84,166.67,151.04,2026-08-21 14:57:46.781098+00:00
2025-02-15,2025-03-14,Mombasa,173.34,163.82,148.15,2026-08-21 14:57:46.781098+00:00
2025-02-15,2025-03-14,Morpus,177.86,168.69,153.06,2026-08-21 14:57:46.781098+00:00
2025-02-15,2025-03-14,Moyale,186.7,177.2,161.52,2026-08-21 14:57:46.781098+00:00
2025-02-15,2025-03-14,Mpeketoni,176.88,167.37,151.69,2026-08-21 14:57:46.781098+00:00
2025-02-15,2025-03-14,Mtito Andei,179.19,169.68,154.0,2026-08-21 14:57:46.781098+00:00
2025-02-15,2025-03-14,Muhoroni,176.87,167.69,152.06,2026-08-21 14:57:46.781098+00:00
2025-02-15,2025-03-14,Muhuru Bay,178.57,169.39,153.77,2026-08-21 14:57:46.781098+00:00
2025-02-15,2025-03-14,Mumias,176.97,167.79,152.17,2026-08-21 14:57:46.781098+00:00
2025-02-15,2025-03-14,Muranga,177.13,167.62,151.95,2026-08-21 14:57:46.781098+00:00
2025-02-15,2025-03-14,Mutuobare,178.34,168.83,153.15,2026-08-21 14:57:46.781098+00:00
2025-02-15,2025-03-14,Mwatate,175.29,165.77,150.09,2026-08-21 14:57:46.781098+00:00
2025-02-15,2025-03-14,Mwingi,178.63,169.13,153.45,2026-08-21 14:57:46.781098+00:00
2025-02-15,2025-03-14,Naiberi,176.62,167.45,151.82,2026-08-21 14:57:46.781098+00:00
2025-02-15,2025-03-14,Nairobi,176.58,167.06,151.39,2026-08-21 14:57:46.781098+00:00
2025-02-15,2025-03-14,Naivasha,176.15,166.98,151.36,2026-08-21 14:57:46.781098+00:00
2025-02-15,2025-03-14,Nakalale,184.01,174.84,159.22,2026-08-21 14:57:46.781098+00:00
2025-02-15,2025-03-14,Nakuru,175.8,166.63,151.01,2026-08-21 14:57:46.781098+00:00
2025-02-15,2025-03-14,Namanga,178.23,168.72,153.04,2026-08-21 14:57:46.781098+00:00
2025-02-15,2025-03-14,Nambale,177.55,168.38,152.75,2026-08-21 14:57:46.781098+00:00
2025-02-15,2025-03-14,Nandi Hills,176.83,167.66,152.03,2026-08-21 14:57:46.781098+00:00
2025-02-15,2025-03-14,Nanyuki,178.65,169.14,153.46,2026-08-21 14:57:46.781098+00:00
2025-02-15,2025-03-14,Narok,178.06,168.56,152.88,2026-08-21 14:57:46.781098+00:00
2025-02-15,2025-03-14,Ndhiwa,177.85,168.68,153.06,2026-08-21 14:57:46.781098+00:00
2025-02-15,2025-03-14,Nkubu,179.68,170.18,154.5,2026-08-21 14:57:46.781098+00:00
2025-02-15,2025-03-14,North Horr,186.04,176.53,160.85,2026-08-21 14:57:46.781098+00:00
2025-02-15,2025-03-14,Ntimaru,179.15,169.97,154.35,2026-08-21 14:57:46.781098+00:00
2025-02-15,2025-03-14,Nyahururu,176.07,166.9,151.26,2026-08-21 14:57:46.781098+00:00
2025-02-15,2025-03-14,Nyamira,177.24,168.06,152.44,2026-08-21 14:57:46.781098+00:00
2025-02-15,2025-03-14,Nyangusu,178.01,168.84,153.21,2026-08-21 14:57:46.781098+00:00
2025-02-15,2025-03-14,Nyansiongo,177.44,168.27,152.64,2026-08-21 14:57:46.781098+00:00
2025-02-15,2025-03-14,Nyeri,178.05,168.53,152.86,2026-08-21 14:57:46.781098+00:00
2025-02-15,2025-03-14,O'lessos,176.69,167.52,151.89,2026-08-21 14:57:46.781098+00:00
2025-02-15,2025-03-14,Ogembo,177.73,168.56,152.93,2026-08-21 14:57:46.781098+00:00
2025-02-15,2025-03-14,Oldonyiro,179.1,169.59,153.92,2026-08-21 14:57:46.781098+00:00
2025-02-15,2025-03-14,Olenguruone,176.6,167.42,151.8,2026-08-21 14:57:46.781098+00:00
2025-02-15,2025-03-14,Orolwo,178.01,168.85,153.21,2026-08-21 14:57:46.781098+00:00
2025-02-15,2025-03-14,Ortum,178.34,169.16,153.54,2026-08-21 14:57:46.781098+00:00
2025-02-15,2025-03-14,Oyugis,177.25,168.07,152.45,2026-08-21 14:57:46.781098+00:00
2025-02-15,2025-03-14,Port Bunyala,177.6,168.42,152.8,2026-08-21 14:57:46.781098+00:00
2025-02-15,2025-03-14,Rangwe,177.55,168.38,152.75,2026-08-21 14:57:46.781098+00:00
2025-02-15,2025-03-14,Rodi Kopany,177.56,168.39,152.77,2026-08-21 14:57:46.781098+00:00
2025-02-15,2025-03-14,Rongo,177.83,168.66,153.03,2026-08-21 14:57:46.781098+00:00
2025-02-15,2025-03-14,Rumuruti,176.66,167.48,151.86,2026-08-21 14:57:46.781098+00:00
2025-02-15,2025-03-14,Saboti,177.24,168.06,152.44,2026-08-21 14:57:46.781098+00:00
2025-02-15,2025-03-14,Sagana,177.36,167.86,152.18,2026-08-21 14:57:46.781098+00:00
2025-02-15,2025-03-14,Sambalat,178.01,168.85,153.21,2026-08-21 14:57:46.781098+00:00
2025-02-15,2025-03-14,Samburu,173.66,164.15,148.47,2026-08-21 14:57:46.781098+00:00
2025-02-15,2025-03-14,Sebit,177.96,168.79,153.16,2026-08-21 14:57:46.781098+00:00
2025-02-15,2025-03-14,Sengera,177.92,168.75,153.13,2026-08-21 14:57:46.781098+00:00
2025-02-15,2025-03-14,Serem,177.21,168.04,152.41,2026-08-21 14:57:46.781098+00:00
2025-02-15,2025-03-14,Siaya,176.98,167.8,152.18,2026-08-21 14:57:46.781098+00:00
2025-02-15,2025-03-14,Sigor,178.5,169.32,153.7,2026-08-21 14:57:46.781098+00:00
2025-02-15,2025-03-14,Sindo,177.56,168.39,152.77,2026-08-21 14:57:46.781098+00:00
2025-02-15,2025-03-14,SioPort,177.54,168.36,152.74,2026-08-21 14:57:46.781098+00:00
2025-02-15,2025-03-14,Sipili,179.45,169.94,154.27,2026-08-21 14:57:46.781098+00:00
2025-02-15,2025-03-14,Sololo,185.69,176.18,160.5,2026-08-21 14:57:46.781098+00:00
2025-02-15,2025-03-14,Sondu,176.73,167.56,151.93,2026-08-21 14:57:46.781098+00:00
2025-02-15,2025-03-14,Songor,177.67,168.5,152.87,2026-08-21 14:57:46.781098+00:00
2025-02-15,2025-03-14,Sotik,177.38,168.21,152.59,2026-08-21 14:57:46.781098+00:00
2025-02-15,2025-03-14,Soy,176.62,167.45,151.82,2026-08-21 14:57:46.781098+00:00
2025-02-15,2025-03-14,Tambach,176.67,167.49,151.87,2026-08-21 14:57:46.781098+00:00
2025-02-15,2025-03-14,Tarbaj,186.35,176.85,161.17,2026-08-21 14:57:46.781098+00:00
2025-02-15,2025-03-14,Taru,173.85,164.35,148.67,2026-08-21 14:57:46.781098+00:00
2025-02-15,2025-03-14,Taveta,176.44,166.92,151.25,2026-08-21 14:57:46.781098+00:00
2025-02-15,2025-03-14,Tenges,177.67,168.5,152.87,2026-08-21 14:57:46.781098+00:00
2025-02-15,2025-03-14,Thika,176.58,167.07,151.39,2026-08-21 14:57:46.781098+00:00
2025-02-15,2025-03-14,Timboroa,176.88,167.7,152.08,2026-08-21 14:57:46.781098+00:00
2025-02-15,2025-03-14,Tindiret,177.58,168.41,152.78,2026-08-21 14:57:46.781098+00:00
2025-02-15,2025-03-14,Tot,177.86,168.69,153.06,2026-08-21 14:57:46.781098+00:00
2025-02-15,2025-03-14,Turbi,185.0,175.48,159.81,2026-08-21 14:57:46.781098+00:00
2025-02-15,2025-03-14,Turbo,176.56,167.4,151.77,2026-08-21 14:57:46.781098+00:00
2025-02-15,2025-03-14,Ugunja,177.07,167.91,152.28,2026-08-21 14:57:46.781098+00:00
2025-02-15,2025-03-14,Usenge,177.21,168.05,152.42,2026-08-21 14:57:46.781098+00:00
2025-02-15,2025-03-14,Voi,174.93,165.41,149.73,2026-08-21 14:57:46.781098+00:00
2025-02-15,2025-03-14,Wajir,186.53,177.01,161.33,2026-08-21 14:57:46.781098+00:00
2025-02-15,2025-03-14,Wamba,179.17,170.01,154.38,2026-08-21 14:57:46.781098+00:00
2025-02-15,2025-03-14,Webuye,177.09,167.91,152.28,2026-08-21 14:57:46.781098+00:00
2025-02-15,2025-03-14,Wundanji,175.46,165.96,150.28,2026-08-21 14:57:46.781098+00:00
2025-02-15,2025-03-14,Ziwa,176.83,167.66,152.03,2026-08-21 14:57:46.781098+00:00
2025-03-15,2025-04-14,Ahero,176.62,167.44,151.82,2026-08-21 14:57:46.781098+00:00
2025-03-15,2025-04-14,Alale,178.78,169.6,153.98,2026-08-21 14:57:46.781098+00:00
2025-03-15,2025-04-14,Archers Post,179.28,170.1,154.48,2026-08-21 14:57:46.781098+00:00
2025-03-15,2025-04-14,Arror,177.64,168.46,152.84,2026-08-21 14:57:46.781098+00:00
2025-03-15,2025-04-14,Asembo,176.7,167.54,151.9,2026-08-21 14:57:46.781098+00:00
2025-03-15,2025-04-14,Asilong,177.97,168.8,153.18,2026-08-21 14:57:46.781098+00:00
2025-03-15,2025-04-14,Awasi,176.58,167.41,151.79,2026-08-21 14:57:46.781098+00:00
2025-03-15,2025-04-14,Barwessa,177.79,168.62,152.99,2026-08-21 14:57:46.781098+00:00
2025-03-15,2025-04-14,Bomet,177.82,168.64,153.02,2026-08-21 14:57:46.781098+00:00
2025-03-15,2025-04-14,Bondo,176.84,167.68,152.04,2026-08-21 14:57:46.781098+00:00
2025-03-15,2025-04-14,Bungoma,177.45,168.27,152.64,2026-08-21 14:57:46.781098+00:00
2025-03-15,2025-04-14,Burgich,178.36,169.18,153.56,2026-08-21 14:57:46.781098+00:00
2025-03-15,2025-04-14,Burnt Forest,176.56,167.4,151.77,2026-08-21 14:57:46.781098+00:00
2025-03-15,2025-04-14,Busia,177.55,168.38,152.75,2026-08-21 14:57:46.781098+00:00
2025-03-15,2025-04-14,Bute,185.24,175.74,160.06,2026-08-21 14:57:46.781098+00:00
2025-03-15,2025-04-14,Chebara,177.04,167.87,152.24,2026-08-21 14:57:46.781098+00:00
2025-03-15,2025-04-14,Chepareria,177.92,168.74,153.12,2026-08-21 14:57:46.781098+00:00
2025-03-15,2025-04-14,Chepkorniswo,177.74,168.57,152.93,2026-08-21 14:57:46.781098+00:00
2025-03-15,2025-04-14,Cheptulu,177.09,167.91,152.28,2026-08-21 14:57:46.781098+00:00
2025-03-15,2025-04-14,Chuka,178.33,168.81,153.14,2026-08-21 14:57:46.781098+00:00
2025-03-15,2025-04-14,Chwele,177.73,168.56,152.93,2026-08-21 14:57:46.781098+00:00
2025-03-15,2025-04-14,Dadaab,182.54,173.02,157.35,2026-08-21 14:57:46.781098+00:00
2025-03-15,2025-04-14,Doldo,179.46,169.96,154.28,2026-08-21 14:57:46.781098+00:00
2025-03-15,2025-04-14,Eldama Ravine,177.51,168.34,152.71,2026-08-21 14:57:46.781098+00:00
2025-03-15,2025-04-14,Eldas,188.43,178.92,163.24,2026-08-21 14:57:46.781098+00:00
2025-03-15,2025-04-14,Eldoret,176.62,167.45,151.82,2026-08-21 14:57:46.781098+00:00
2025-03-15,2025-04-14,Elwak,188.08,178.57,162.89,2026-08-21 14:57:46.781098+00:00
2025-03-15,2025-04-14,Embu,177.76,168.24,152.57,2026-08-21 14:57:46.781098+00:00
2025-03-15,2025-04-14,Endebes,177.58,168.41,152.78,2026-08-21 14:57:46.781098+00:00
2025-03-15,2025-04-14,Etago,178.18,169.0,153.38,2026-08-21 14:57:46.781098+00:00
2025-03-15,2025-04-14,Funyula,177.4,168.22,152.6,2026-08-21 14:57:46.781098+00:00
2025-03-15,2025-04-14,Garissa,181.05,171.54,155.87,2026-08-21 14:57:46.781098+00:00
2025-03-15,2025-04-14,Garsen,175.87,166.35,150.68,2026-08-21 14:57:46.781098+00:00
2025-03-15,2025-04-14,Gilgil,175.76,166.59,150.96,2026-08-21 14:57:46.781098+00:00
2025-03-15,2025-04-14,Habaswein,183.94,174.43,158.76,2026-08-21 14:57:46.781098+00:00
2025-03-15,2025-04-14,Hadado,183.73,174.22,158.55,2026-08-21 14:57:46.781098+00:00
2025-03-15,2025-04-14,Harambee,176.66,167.49,151.87,2026-08-21 14:57:46.781098+00:00
2025-03-15,2025-04-14,Hola,177.19,167.68,152.0,2026-08-21 14:57:46.781098+00:00
2025-03-15,2025-04-14,Homabay,177.49,168.32,152.7,2026-08-21 14:57:46.781098+00:00
2025-03-15,2025-04-14,Ikonge,177.01,167.84,152.21,2026-08-21 14:57:46.781098+00:00
2025-03-15,2025-04-14,Isebania,178.72,169.54,153.92,2026-08-21 14:57:46.781098+00:00
2025-03-15,2025-04-14,Isiolo,179.74,170.24,154.56,2026-08-21 14:57:46.781098+00:00
2025-03-15,2025-04-14,Iten,176.62,167.45,151.82,2026-08-21 14:57:46.781098+00:00
2025-03-15,2025-04-14,Kabarnet,177.11,167.94,152.31,2026-08-21 14:57:46.781098+00:00
2025-03-15,2025-04-14,Kabartonjo,177.51,168.34,152.71,2026-08-21 14:57:46.781098+00:00
2025-03-15,2025-04-14,Kabiyet,176.62,167.45,151.82,2026-08-21 14:57:46.781098+00:00
2025-03-15,2025-04-14,Kacheliba,178.13,168.95,153.33,2026-08-21 14:57:46.781098+00:00
2025-03-15,2025-04-14,Kachibora,177.04,167.87,152.24,2026-08-21 14:57:46.781098+00:00
2025-03-15,2025-04-14,Kaibichbich,177.68,168.51,152.89,2026-08-21 14:57:46.781098+00:00
2025-03-15,2025-04-14,Kaiboi,176.68,167.51,151.88,2026-08-21 14:57:46.781098+00:00
2025-03-15,2025-04-14,Kainuk,178.85,169.67,154.05,2026-08-21 14:57:46.781098+00:00
2025-03-15,2025-04-14,Kajiado,177.03,167.51,151.83,2026-08-21 14:57:46.781098+00:00
2025-03-15,2025-04-14,Kakamega,176.67,167.5,151.88,2026-08-21 14:57:46.781098+00:00
2025-03-15,2025-04-14,Kakuma,182.82,173.65,158.03,2026-08-21 14:57:46.781098+00:00
2025-03-15,2025-04-14,Kalacha,185.14,175.62,159.95,2026-08-21 14:57:46.781098+00:00
2025-03-15,2025-04-14,Kalemngorok,179.35,170.17,154.55,2026-08-21 14:57:46.781098+00:00
2025-03-15,2025-04-14,Kalokol,181.93,172.76,157.13,2026-08-21 14:57:46.781098+00:00
2025-03-15,2025-04-14,Kaloleni,173.5,164.0,148.32,2026-08-21 14:57:46.781098+00:00
2025-03-15,2025-04-14,Kapcherop,177.28,168.1,152.48,2026-08-21 14:57:46.781098+00:00
2025-03-15,2025-04-14,Kapedo,179.65,170.48,154.86,2026-08-21 14:57:46.781098+00:00
2025-03-15,2025-04-14,Kapenguria,177.69,168.52,152.9,2026-08-21 14:57:46.781098+00:00
2025-03-15,2025-04-14,Kapese,180.0,170.83,155.2,2026-08-21 14:57:46.781098+00:00
2025-03-15,2025-04-14,Kaplamai,177.07,167.9,152.27,2026-08-21 14:57:46.781098+00:00
2025-03-15,2025-04-14,Kapsabet,176.63,167.47,151.84,2026-08-21 14:57:46.781098+00:00
2025-03-15,2025-04-14,Kapsowar,177.17,167.99,152.37,2026-08-21 14:57:46.781098+00:00
2025-03-15,2025-04-14,Kaptarakwa,176.83,167.66,152.03,2026-08-21 14:57:46.781098+00:00
2025-03-15,2025-04-14,Kaspokwony,177.78,168.62,152.99,2026-08-21 14:57:46.781098+00:00
2025-03-15,2025-04-14,Kehancha,178.81,169.65,154.01,2026-08-21 14:57:46.781098+00:00
2025-03-15,2025-04-14,Kericho,177.17,167.99,152.37,2026-08-21 14:57:46.781098+00:00
2025-03-15,2025-04-14,Kerina,177.7,168.53,152.91,2026-08-21 14:57:46.781098+00:00
2025-03-15,2025-04-14,Keringet,177.39,168.22,152.59,2026-08-21 14:57:46.781098+00:00
2025-03-15,2025-04-14,Keroka,177.57,168.41,152.78,2026-08-21 14:57:46.781098+00:00
2025-03-15,2025-04-14,Kerugoya,177.68,168.16,152.49,2026-08-21 14:57:46.781098+00:00
2025-03-15,2025-04-14,Kesses,176.62,167.45,151.82,2026-08-21 14:57:46.781098+00:00
2025-03-15,2025-04-14,Keumbu,177.63,168.46,152.84,2026-08-21 14:57:46.781098+00:00
2025-03-15,2025-04-14,Kibish,185.28,176.11,160.49,2026-08-21 14:57:46.781098+00:00
2025-03-15,2025-04-14,Kiganjo,178.01,168.5,152.82,2026-08-21 14:57:46.781098+00:00
2025-03-15,2025-04-14,Kilgoris,178.11,168.94,153.31,2026-08-21 14:57:46.781098+00:00
2025-03-15,2025-04-14,Kilifi,174.1,164.59,148.92,2026-08-21 14:57:46.781098+00:00
2025-03-15,2025-04-14,Kimilili,177.64,168.48,152.85,2026-08-21 14:57:46.781098+00:00
2025-03-15,2025-04-14,Kiminini,177.21,168.04,152.41,2026-08-21 14:57:46.781098+00:00
2025-03-15,2025-04-14,Kimwarer,176.96,167.79,152.16,2026-08-21 14:57:46.781098+00:00
2025-03-15,2025-04-14,Kiplombe,176.62,167.45,151.82,2026-08-21 14:57:46.781098+00:00
2025-03-15,2025-04-14,Kipsaraman,178.77,169.59,153.97,2026-08-21 14:57:46.781098+00:00
2025-03-15,2025-04-14,Kisii,177.56,168.39,152.77,2026-08-21 14:57:46.781098+00:00
2025-03-15,2025-04-14,Kisumu,176.62,167.44,151.82,2026-08-21 14:57:46.781098+00:00
2025-03-15,2025-04-14,Kitale,177.02,167.84,152.22,2026-08-21 14:57:46.781098+00:00
2025-03-15,2025-04-14,Kitui,178.22,168.71,153.03,2026-08-21 14:57:46.781098+00:00
2025-03-15,2025-04-14,Kiwawa,178.78,169.6,153.98,2026-08-21 14:57:46.781098+00:00
2025-03-15,2025-04-14,Kobujoi,177.12,167.95,152.33,2026-08-21 14:57:46.781098+00:00
2025-03-15,2025-04-14,Korr,183.01,173.5,157.82,2026-08-21 14:57:46.781098+00:00
2025-03-15,2025-04-14,Kunyao,178.42,169.24,153.62,2026-08-21 14:57:46.781098+00:00
2025-03-15,2025-04-14,Kwale,173.72,164.21,148.54,2026-08-21 14:57:46.781098+00:00
2025-03-15,2025-04-14,Kwanza,177.8,168.64,153.0,2026-08-21 14:57:46.781098+00:00
2025-03-15,2025-04-14,Laisamis,181.99,172.49,156.81,2026-08-21 14:57:46.781098+00:00
2025-03-15,2025-04-14,Lamu,176.88,167.37,151.69,2026-08-21 14:57:46.781098+00:00
2025-03-15,2025-04-14,Lamuria,178.52,169.01,153.34,2026-08-21 14:57:46.781098+00:00
2025-03-15,2025-04-14,Liboi,184.02,174.51,158.84,2026-08-21 14:57:46.781098+00:00
2025-03-15,2025-04-14,Likoni Mainland,173.72,164.21,148.54,2026-08-21 14:57:46.781098+00:00
2025-03-15,2025-04-14,Lodosoit,180.46,171.28,155.66,2026-08-21 14:57:46.781098+00:00
2025-03-15,2025-04-14,Lodwar,181.11,171.94,156.31,2026-08-21 14:57:46.781098+00:00
2025-03-15,2025-04-14,Loima,180.17,170.99,155.37,2026-08-21 14:57:46.781098+00:00
2025-03-15,2025-04-14,Lokichar,180.04,170.87,155.24,2026-08-21 14:57:46.781098+00:00
2025-03-15,2025-04-14,Lokichogio,184.1,174.93,159.3,2026-08-21 14:57:46.781098+00:00
2025-03-15,2025-04-14,Lokiriama,181.85,172.68,157.05,2026-08-21 14:57:46.781098+00:00
2025-03-15,2025-04-14,Lokitaung,185.03,175.85,160.23,2026-08-21 14:57:46.781098+00:00
2025-03-15,2025-04-14,Lokori,180.43,171.26,155.64,2026-08-21 14:57:46.781098+00:00
2025-03-15,2025-04-14,Lomut,179.65,170.48,154.86,2026-08-21 14:57:46.781098+00:00
2025-03-15,2025-04-14,Londiani,176.08,166.91,151.29,2026-08-21 14:57:46.781098+00:00
2025-03-15,2025-04-14,Loruk,178.63,169.45,153.83,2026-08-21 14:57:46.781098+00:00
2025-03-15,2025-04-14,Loyangalani,185.21,175.69,160.02,2026-08-21 14:57:46.781098+00:00
2025-03-15,2025-04-14,Lugari,177.42,168.26,152.63,2026-08-21 14:57:46.781098+00:00
2025-03-15,2025-04-14,Lungalunga,174.49,164.97,149.3,2026-08-21 14:57:46.781098+00:00
2025-03-15,2025-04-14,Machakos,176.83,167.32,151.64,2026-08-21 14:57:46.781098+00:00
2025-03-15,2025-04-14,Magenche,178.29,169.11,153.49,2026-08-21 14:57:46.781098+00:00
2025-03-15,2025-04-14,Mai Mahiu,176.7,167.19,151.52,2026-08-21 14:57:46.781098+00:00
2025-03-15,2025-04-14,Maikona,184.56,175.04,159.36,2026-08-21 14:57:46.781098+00:00
2025-03-15,2025-04-14,Makuyu,176.89,167.37,151.69,2026-08-21 14:57:46.781098+00:00
2025-03-15,2025-04-14,Malaba,177.87,168.71,153.07,2026-08-21 14:57:46.781098+00:00
2025-03-15,2025-04-14,Malava,177.01,167.84,152.21,2026-08-21 14:57:46.781098+00:00
2025-03-15,2025-04-14,Malindi,174.32,164.81,149.14,2026-08-21 14:57:46.781098+00:00
2025-03-15,2025-04-14,Mandera,190.58,181.07,165.39,2026-08-21 14:57:46.781098+00:00
2025-03-15,2025-04-14,Maralal,178.28,169.1,153.48,2026-08-21 14:57:46.781098+00:00
2025-03-15,2025-04-14,Marani,177.32,168.14,152.52,2026-08-21 14:57:46.781098+00:00
2025-03-15,2025-04-14,Marereni,175.03,165.52,149.85,2026-08-21 14:57:46.781098+00:00
2025-03-15,2025-04-14,Marich,178.25,169.08,153.46,2026-08-21 14:57:46.781098+00:00
2025-03-15,2025-04-14,Marigat,176.59,167.41,151.79,2026-08-21 14:57:46.781098+00:00
2025-03-15,2025-04-14,Marimanti,179.05,169.54,153.86,2026-08-21 14:57:46.781098+00:00
2025-03-15,2025-04-14,Marsabit,185.01,175.49,159.82,2026-08-21 14:57:46.781098+00:00
2025-03-15,2025-04-14,Matunda,176.61,167.44,151.81,2026-08-21 14:57:46.781098+00:00
2025-03-15,2025-04-14,Matuu,177.54,168.02,152.35,2026-08-21 14:57:46.781098+00:00
2025-03-15,2025-04-14,Maua,180.38,170.88,155.2,2026-08-21 14:57:46.781098+00:00
2025-03-15,2025-04-14,Mbale,176.62,167.44,151.82,2026-08-21 14:57:46.781098+00:00
2025-03-15,2025-04-14,Mbita,177.48,168.31,152.68,2026-08-21 14:57:46.781098+00:00
2025-03-15,2025-04-14,Merille,181.68,172.16,156.48,2026-08-21 14:57:46.781098+00:00
2025-03-15,2025-04-14,Merti,182.32,172.8,157.12,2026-08-21 14:57:46.781098+00:00
2025-03-15,2025-04-14,Meru,179.89,170.39,154.71,2026-08-21 14:57:46.781098+00:00
2025-03-15,2025-04-14,Migori,178.41,169.24,153.62,2026-08-21 14:57:46.781098+00:00
2025-03-15,2025-04-14,Minjila,175.77,166.26,150.58,2026-08-21 14:57:46.781098+00:00
2025-03-15,2025-04-14,Modogashe,184.09,174.58,158.91,2026-08-21 14:57:46.781098+00:00
2025-03-15,2025-04-14,Mogotio,175.75,166.57,150.95,2026-08-21 14:57:46.781098+00:00
2025-03-15,2025-04-14,Moi's Bridge,176.69,167.52,151.89,2026-08-21 14:57:46.781098+00:00
2025-03-15,2025-04-14,Moiben,176.63,167.47,151.84,2026-08-21 14:57:46.781098+00:00
2025-03-15,2025-04-14,Molo,175.84,166.67,151.04,2026-08-21 14:57:46.781098+00:00
2025-03-15,2025-04-14,Mombasa,173.34,163.82,148.15,2026-08-21 14:57:46.781098+00:00
2025-03-15,2025-04-14,Morpus,177.86,168.69,153.06,2026-08-21 14:57:46.781098+00:00
2025-03-15,2025-04-14,Moyale,186.7,177.2,161.52,2026-08-21 14:57:46.781098+00:00
2025-03-15,2025-04-14,Mpeketoni,176.88,167.37,151.69,2026-08-21 14:57:46.781098+00:00
2025-03-15,2025-04-14,Mtito Andei,179.19,169.68,154.0,2026-08-21 14:57:46.781098+00:00
2025-03-15,2025-04-14,Muhoroni,176.87,167.69,152.06,2026-08-21 14:57:46.781098+00:00
2025-03-15,2025-04-14,Muhuru Bay,178.57,169.39,153.77,2026-08-21 14:57:46.781098+00:00
2025-03-15,2025-04-14,Mumias,176.97,167.79,152.17,2026-08-21 14:57:46.781098+00:00
2025-03-15,2025-04-14,Muranga,177.13,167.62,151.95,2026-08-21 14:57:46.781098+00:00
2025-03-15,2025-04-14,Mutuobare,178.34,168.83,153.15,2026-08-21 14:57:46.781098+00:00
2025-03-15,2025-04-14,Mwatate,175.29,165.77,150.09,2026-08-21 14:57:46.781098+00:00
2025-03-15,2025-04-14,Mwingi,178.63,169.13,153.45,2026-08-21 14:57:46.781098+00:00
2025-03-15,2025-04-14,Naiberi,176.62,167.45,151.82,2026-08-21 14:57:46.781098+00:00
2025-03-15,2025-04-14,Nairobi,176.58,167.06,151.39,2026-08-21 14:57:46.781098+00:00
2025-03-15,2025-04-14,Naivasha,176.15,166.98,151.36,2026-08-21 14:57:46.781098+00:00
2025-03-15,2025-04-14,Nakalale,184.01,174.84,159.22,2026-08-21 14:57:46.781098+00:00
2025-03-15,2025-04-14,Nakuru,175.8,166.63,151.01,2026-08-21 14:57:46.781098+00:00
2025-03-15,2025-04-14,Namanga,178.23,168.72,153.04,2026-08-21 14:57:46.781098+00:00
2025-03-15,2025-04-14,Nambale,177.55,168.38,152.75,2026-08-21 14:57:46.781098+00:00
2025-03-15,2025-04-14,Nandi Hills,176.83,167.66,152.03,2026-08-21 14:57:46.781098+00:00
2025-03-15,2025-04-14,Nanyuki,178.65,169.14,153.46,2026-08-21 14:57:46.781098+00:00
2025-03-15,2025-04-14,Narok,178.06,168.56,152.88,2026-08-21 14:57:46.781098+00:00
2025-03-15,2025-04-14,Ndhiwa,177.85,168.68,153.06,2026-08-21 14:57:46.781098+00:00
2025-03-15,2025-04-14,Nkubu,179.68,170.18,154.5,2026-08-21 14:57:46.781098+00:00
2025-03-15,2025-04-14,North Horr,186.04,176.53,160.85,2026-08-21 14:57:46.781098+00:00
2025-03-15,2025-04-14,Ntimaru,179.15,169.97,154.35,2026-08-21 14:57:46.781098+00:00
2025-03-15,2025-04-14,Nyahururu,176.07,166.9,151.26,2026-08-21 14:57:46.781098+00:00
2025-03-15,2025-04-14,Nyamira,177.24,168.06,152.44,2026-08-21 14:57:46.781098+00:00
2025-03-15,2025-04-14,Nyangusu,178.01,168.84,153.21,2026-08-21 14:57:46.781098+00:00
2025-03-15,2025-04-14,Nyansiongo,177.44,168.27,152.64,2026-08-21 14:57:46.781098+00:00
2025-03-15,2025-04-14,Nyeri,178.05,168.53,152.86,2026-08-21 14:57:46.781098+00:00
2025-03-15,2025-04-14,O'lessos,176.69,167.52,151.89,2026-08-21 14:57:46.781098+00:00
2025-03-15,2025-04-14,Ogembo,177.73,168.56,152.93,2026-08-21 14:57:46.781098+00:00
2025-03-15,2025-04-14,Oldonyiro,179.1,169.59,153.92,2026-08-21 14:57:46.781098+00:00
2025-03-15,2025-04-14,Olenguruone,176.6,167.42,151.8,2026-08-21 14:57:46.781098+00:00
2025-03-15,2025-04-14,Orolwo,178.01,168.85,153.21,2026-08-21 14:57:46.781098+00:00
2025-03-15,2025-04-14,Ortum,178.34,169.16,153.54,2026-08-21 14:57:46.781098+00:00
2025-03-15,2025-04-14,Oyugis,177.25,168.07,152.45,2026-08-21 14:57:46.781098+00:00
2025-03-15,2025-04-14,Port Bunyala,177.6,168.42,152.8,2026-08-21 14:57:46.781098+00:00
2025-03-15,2025-04-14,Rangwe,177.55,168.38,152.75,2026-08-21 14:57:46.781098+00:00
2025-03-15,2025-04-14,Rodi Kopany,177.56,168.39,152.77,2026-08-21 14:57:46.781098+00:00
2025-03-15,2025-04-14,Rongo,177.83,168.66,153.03,2026-08-21 14:57:46.781098+00:00
2025-03-15,2025-04-14,Rumuruti,176.66,167.48,151.86,2026-08-21 14:57:46.781098+00:00
2025-03-15,2025-04-14,Saboti,177.24,168.06,152.44,2026-08-21 14:57:46.781098+00:00
2025-03-15,2025-04-14,Sagana,177.36,167.86,152.18,2026-08-21 14:57:46.781098+00:00
2025-03-15,2025-04-14,Sambalat,178.01,168.85,153.21,2026-08-21 14:57:46.781098+00:00
2025-03-15,2025-04-14,Samburu,173.66,164.15,148.47,2026-08-21 14:57:46.781098+00:00
2025-03-15,2025-04-14,Sebit,177.96,168.79,153.16,2026-08-21 14:57:46.781098+00:00
2025-03-15,2025-04-14,Sengera,177.92,168.75,153.13,2026-08-21 14:57:46.781098+00:00
2025-03-15,2025-04-14,Serem,177.21,168.04,152.41,2026-08-21 14:57:46.781098+00:00
2025-03-15,2025-04-14,Siaya,176.98,167.8,152.18,2026-08-21 14:57:46.781098+00:00
2025-03-15,2025-04-14,Sigor,178.5,169.32,153.7,2026-08-21 14:57:46.781098+00:00
2025-03-15,2025-04-14,Sindo,177.56,168.39,152.77,2026-08-21 14:57:46.781098+00:00
2025-03-15,2025-04-14,SioPort,177.54,168.36,152.74,2026-08-21 14:57:46.781098+00:00
2025-03-15,2025-04-14,Sipili,179.45,169.94,154.27,2026-08-21 14:57:46.781098+00:00
2025-03-15,2025-04-14,Sololo,185.69,176.18,160.5,2026-08-21 14:57:46.781098+00:00
2025-03-15,2025-04-14,Sondu,176.73,167.56,151.93,2026-08-21 14:57:46.781098+00:00
2025-03-15,2025-04-14,Songor,177.67,168.5,152.87,2026-08-21 14:57:46.781098+00:00
2025-03-15,2025-04-14,Sotik,177.38,168.21,152.59,2026-08-21 14:57:46.781098+00:00
2025-03-15,2025-04-14,Soy,176.62,167.45,151.82,2026-08-21 14:57:46.781098+00:00
2025-03-15,2025-04-14,Tambach,176.67,167.49,151.87,2026-08-21 14:57:46.781098+00:00
2025-03-15,2025-04-14,Tarbaj,186.35,176.85,161.17,2026-08-21 14:57:46.781098+00:00
2025-03-15,2025-04-14,Taru,173.85,164.35,148.67,2026-08-21 14:57:46.781098+00:00
2025-03-15,2025-04-14,Taveta,176.44,166.92,151.25,2026-08-21 14:57:46.781098+00:00
2025-03-15,2025-04-14,Tenges,177.67,168.5,152.87,2026-08-21 14:57:46.781098+00:00
2025-03-15,2025-04-14,Thika,176.58,167.07,151.39,2026-08-21 14:57:46.781098+00:00
2025-03-15,2025-04-14,Timboroa,176.88,167.7,152.08,2026-08-21 14:57:46.781098+00:00
2025-03-15,2025-04-14,Tindiret,177.58,168.41,152.78,2026-08-21 14:57:46.781098+00:00
2025-03-15,2025-04-14,Tot,177.86,168.69,153.06,2026-08-21 14:57:46.781098+00:00
2025-03-15,2025-04-14,Turbi,185.0,175.48,159.81,2026-08-21 14:57:46.781098+00:00
2025-03-15,2025-04-14,Turbo,176.56,167.4,151.77,2026-08-21 14:57:46.781098+00:00
2025-03-15,2025-04-14,Ugunja,177.07,167.91,152.28,2026-08-21 14:57:46.781098+00:00
2025-03-15,2025-04-14,Usenge,177.21,168.05,152.42,2026-08-21 14:57:46.781098+00:00
2025-03-15,2025-04-14,Voi,174.93,165.41,149.73,2026-08-21 14:57:46.781098+00:00
2025-03-15,2025-04-14,Wajir,186.53,177.01,161.33,2026-08-21 14:57:46.781098+00:00
2025-03-15,2025-04-14,Wamba,179.17,170.01,154.38,2026-08-21 14:57:46.781098+00:00
2025-03-15,2025-04-14,Webuye,177.09,167.91,152.28,2026-08-21 14:57:46.781098+00:00
2025-03-15,2025-04-14,Wundanji,175.46,165.96,150.28,2026-08-21 14:57:46.781098+00:00
2025-03-15,2025-04-14,Ziwa,176.83,167.66,152.03,2026-08-21 14:57:46.781098+00:00
2025-04-15,2025-05-14,Ahero,174.67,165.24,149.42,2026-08-21 14:57:46.781098+00:00
2025-04-15,2025-05-14,Alale,176.83,167.4,151.58,2026-08-21 14:57:46.781098+00:00
2025-04-15,2025-05-14,Archers Post,177.33,167.9,152.08,2026-08-21 14:57:46.781098+00:00
2025-04-15,2025-05-14,Arror,175.69,166.26,150.44,2026-08-21 14:57:46.781098+00:00
2025-04-15,2025-05-14,Asembo,174.75,165.34,149.5,2026-08-21 14:57:46.781098+00:00
2025-04-15,2025-05-14,Asilong,176.03,166.6,150.78,2026-08-21 14:57:46.781098+00:00
2025-04-15,2025-05-14,Awasi,174.63,165.21,149.39,2026-08-21 14:57:46.781098+00:00
2025-04-15,2025-05-14,Barwessa,175.84,166.42,150.59,2026-08-21 14:57:46.781098+00:00
2025-04-15,2025-05-14,Bomet,175.87,166.44,150.62,2026-08-21 14:57:46.781098+00:00
2025-04-15,2025-05-14,Bondo,174.89,165.48,149.64,2026-08-21 14:57:46.781098+00:00
2025-04-15,2025-05-14,Bungoma,175.5,166.07,150.24,2026-08-21 14:57:46.781098+00:00
2025-04-15,2025-05-14,Burgich,176.41,166.98,151.16,2026-08-21 14:57:46.781098+00:00
2025-04-15,2025-05-14,Burnt Forest,174.62,165.2,149.37,2026-08-21 14:57:46.781098+00:00
2025-04-15,2025-05-14,Busia,175.6,166.18,150.35,2026-08-21 14:57:46.781098+00:00
2025-04-15,2025-05-14,Bute,183.3,173.54,157.66,2026-08-21 14:57:46.781098+00:00
2025-04-15,2025-05-14,Chebara,175.09,165.67,149.84,2026-08-21 14:57:46.781098+00:00
2025-04-15,2025-05-14,Chepareria,175.97,166.54,150.72,2026-08-21 14:57:46.781098+00:00
2025-04-15,2025-05-14,Chepkorniswo,175.79,166.37,150.53,2026-08-21 14:57:46.781098+00:00
2025-04-15,2025-05-14,Cheptulu,175.14,165.71,149.88,2026-08-21 14:57:46.781098+00:00
2025-04-15,2025-05-14,Chuka,176.38,166.61,150.74,2026-08-21 14:57:46.781098+00:00
2025-04-15,2025-05-14,Chwele,175.78,166.36,150.53,2026-08-21 14:57:46.781098+00:00
2025-04-15,2025-05-14,Dadaab,180.59,170.82,154.95,2026-08-21 14:57:46.781098+00:00
2025-04-15,2025-05-14,Doldo,177.52,167.76,151.88,2026-08-21 14:57:46.781098+00:00
2025-04-15,2025-05-14,Eldama Ravine,175.56,166.14,150.31,2026-08-21 14:57:46.781098+00:00
2025-04-15,2025-05-14,Eldas,186.48,176.72,160.84,2026-08-21 14:57:46.781098+00:00
2025-04-15,2025-05-14,Eldoret,174.67,165.25,149.42,2026-08-21 14:57:46.781098+00:00
2025-04-15,2025-05-14,Elwak,186.13,176.37,160.49,2026-08-21 14:57:46.781098+00:00
2025-04-15,2025-05-14,Embu,175.81,166.04,150.17,2026-08-21 14:57:46.781098+00:00
2025-04-15,2025-05-14,Endebes,175.63,166.21,150.38,2026-08-21 14:57:46.781098+00:00
2025-04-15,2025-05-14,Etago,176.23,166.8,150.98,2026-08-21 14:57:46.781098+00:00
2025-04-15,2025-05-14,Funyula,175.45,166.02,150.2,2026-08-21 14:57:46.781098+00:00
2025-04-15,2025-05-14,Garissa,179.1,169.34,153.47,2026-08-21 14:57:46.781098+00:00
2025-04-15,2025-05-14,Garsen,173.92,164.15,148.28,2026-08-21 14:57:46.781098+00:00
2025-04-15,2025-05-14,Gilgil,173.81,164.39,148.56,2026-08-21 14:57:46.781098+00:00
2025-04-15,2025-05-14,Habaswein,181.99,172.23,156.36,2026-08-21 14:57:46.781098+00:00
2025-04-15,2025-05-14,Hadado,181.78,172.02,156.15,2026-08-21 14:57:46.781098+00:00
2025-04-15,2025-05-14,Harambee,174.72,165.29,149.47,2026-08-21 14:57:46.781098+00:00
2025-04-15,2025-05-14,Hola,175.23,165.48,149.6,2026-08-21 14:57:46.781098+00:00
2025-04-15,2025-05-14,Homabay,175.54,166.12,150.3,2026-08-21 14:57:46.781098+00:00
2025-04-15,2025-05-14,Ikonge,175.06,165.64,149.81,2026-08-21 14:57:46.781098+00:00
2025-04-15,2025-05-14,Isebania,176.77,167.34,151.52,2026-08-21 14:57:46.781098+00:00
2025-04-15,2025-05-14,Isiolo,177.79,168.04,152.16,2026-08-21 14:57:46.781098+00:00
2025-04-15,2025-05-14,Iten,174.67,165.25,149.42,2026-08-21 14:57:46.781098+00:00
2025-04-15,2025-05-14,Kabarnet,175.16,165.74,149.91,2026-08-21 14:57:46.781098+00:00
2025-04-15,2025-05-14,Kabartonjo,175.56,166.14,150.31,2026-08-21 14:57:46.781098+00:00
2025-04-15,2025-05-14,Kabiyet,174.67,165.25,149.42,2026-08-21 14:57:46.781098+00:00
2025-04-15,2025-05-14,Kacheliba,176.18,166.75,150.93,2026-08-21 14:57:46.781098+00:00
2025-04-15,2025-05-14,Kachibora,175.09,165.67,149.84,2026-08-21 14:57:46.781098+00:00
2025-04-15,2025-05-14,Kaibichbich,175.73,166.31,150.49,2026-08-21 14:57:46.781098+00:00
2025-04-15,2025-05-14,Kaiboi,174.73,165.31,149.48,2026-08-21 14:57:46.781098+00:00
2025-04-15,2025-05-14,Kainuk,176.9,167.47,151.65,2026-08-21 14:57:46.781098+00:00
2025-04-15,2025-05-14,Kajiado,175.08,165.31,149.43,2026-08-21 14:57:46.781098+00:00
2025-04-15,2025-05-14,Kakamega,174.72,165.3,149.48,2026-08-21 14:57:46.781098+00:00
2025-04-15,2025-05-14,Kakuma,180.87,171.45,155.63,2026-08-21 14:57:46.781098+00:00
2025-04-15,2025-05-14,Kalacha,183.19,173.42,157.55,2026-08-21 14:57:46.781098+00:00
2025-04-15,2025-05-14,Kalemngorok,177.4,167.97,152.15,2026-08-21 14:57:46.781098+00:00
2025-04-15,2025-05-14,Kalokol,179.98,170.56,154.73,2026-08-21 14:57:46.781098+00:00
2025-04-15,2025-05-14,Kaloleni,171.55,161.8,145.92,2026-08-21 14:57:46.781098+00:00
2025-04-15,2025-05-14,Kapcherop,175.33,165.9,150.08,2026-08-21 14:57:46.781098+00:00
2025-04-15,2025-05-14,Kapedo,177.7,168.28,152.46,2026-08-21 14:57:46.781098+00:00
2025-04-15,2025-05-14,Kapenguria,175.75,166.32,150.5,2026-08-21 14:57:46.781098+00:00
2025-04-15,2025-05-14,Kapese,178.05,168.63,152.8,2026-08-21 14:57:46.781098+00:00
2025-04-15,2025-05-14,Kaplamai,175.12,165.7,149.87,2026-08-21 14:57:46.781098+00:00
2025-04-15,2025-05-14,Kapsabet,174.69,165.27,149.44,2026-08-21 14:57:46.781098+00:00
2025-04-15,2025-05-14,Kapsowar,175.22,165.79,149.97,2026-08-21 14:57:46.781098+00:00
2025-04-15,2025-05-14,Kaptarakwa,174.88,165.46,149.63,2026-08-21 14:57:46.781098+00:00
2025-04-15,2025-05-14,Kaspokwony,175.84,166.42,150.59,2026-08-21 14:57:46.781098+00:00
2025-04-15,2025-05-14,Kehancha,176.86,167.45,151.61,2026-08-21 14:57:46.781098+00:00
2025-04-15,2025-05-14,Kericho,175.22,165.79,149.97,2026-08-21 14:57:46.781098+00:00
2025-04-15,2025-05-14,Kerina,175.75,166.33,150.51,2026-08-21 14:57:46.781098+00:00
2025-04-15,2025-05-14,Keringet,175.44,166.02,150.19,2026-08-21 14:57:46.781098+00:00
2025-04-15,2025-05-14,Keroka,175.63,166.21,150.38,2026-08-21 14:57:46.781098+00:00
2025-04-15,2025-05-14,Kerugoya,175.73,165.96,150.09,2026-08-21 14:57:46.781098+00:00
2025-04-15,2025-05-14,Kesses,174.67,165.25,149.42,2026-08-21 14:57:46.781098+00:00
2025-04-15,2025-05-14,Keumbu,175.68,166.26,150.44,2026-08-21 14:57:46.781098+00:00
2025-04-15,2025-05-14,Kibish,183.33,173.91,158.09,2026-08-21 14:57:46.781098+00:00
2025-04-15,2025-05-14,Kiganjo,176.06,166.3,150.42,2026-08-21 14:57:46.781098+00:00
2025-04-15,2025-05-14,Kilgoris,176.16,166.74,150.91,2026-08-21 14:57:46.781098+00:00
2025-04-15,2025-05-14,Kilifi,172.15,162.39,146.52,2026-08-21 14:57:46.781098+00:00
2025-04-15,2025-05-14,Kimilili,175.7,166.28,150.45,2026-08-21 14:57:46.781098+00:00
2025-04-15,2025-05-14,Kiminini,175.26,165.84,150.01,2026-08-21 14:57:46.781098+00:00
2025-04-15,2025-05-14,Kimwarer,175.01,165.59,149.76,2026-08-21 14:57:46.781098+00:00
2025-04-15,2025-05-14,Kiplombe,174.67,165.25,149.42,2026-08-21 14:57:46.781098+00:00
2025-04-15,2025-05-14,Kipsaraman,176.82,167.39,151.57,2026-08-21 14:57:46.781098+00:00
2025-04-15,2025-05-14,Kisii,175.61,166.19,150.37,2026-08-21 14:57:46.781098+00:00
2025-04-15,2025-05-14,Kisumu,174.67,165.24,149.42,2026-08-21 14:57:46.781098+00:00
2025-04-15,2025-05-14,Kitale,175.07,165.64,149.82,2026-08-21 14:57:46.781098+00:00
2025-04-15,2025-05-14,Kitui,176.27,166.51,150.63,2026-08-21 14:57:46.781098+00:00
2025-04-15,2025-05-14,Kiwawa,176.83,167.4,151.58,2026-08-21 14:57:46.781098+00:00
2025-04-15,2025-05-14,Kobujoi,175.17,165.75,149.93,2026-08-21 14:57:46.781098+00:00
2025-04-15,2025-05-14,Korr,181.06,171.3,155.42,2026-08-21 14:57:46.781098+00:00
2025-04-15,2025-05-14,Kunyao,176.47,167.04,151.22,2026-08-21 14:57:46.781098+00:00
2025-04-15,2025-05-14,Kwale,171.77,162.01,146.14,2026-08-21 14:57:46.781098+00:00
2025-04-15,2025-05-14,Kwanza,175.86,166.44,150.6,2026-08-21 14:57:46.781098+00:00
2025-04-15,2025-05-14,Laisamis,180.04,170.29,154.41,2026-08-21 14:57:46.781098+00:00
2025-04-15,2025-05-14,Lamu,174.93,165.17,149.29,2026-08-21 14:57:46.781098+00:00
2025-04-15,2025-05-14,Lamuria,176.57,166.81,150.94,2026-08-21 14:57:46.781098+00:00
2025-04-15,2025-05-14,Liboi,182.07,172.31,156.44,2026-08-21 14:57:46.781098+00:00
2025-04-15,2025-05-14,Likoni Mainland,171.77,162.01,146.14,2026-08-21 14:57:46.781098+00:00
2025-04-15,2025-05-14,Lodosoit,178.51,169.08,153.26,2026-08-21 14:57:46.781098+00:00
2025-04-15,2025-05-14,Lodwar,179.16,169.74,153.91,2026-08-21 14:57:46.781098+00:00
2025-04-15,2025-05-14,Loima,178.22,168.79,152.97,2026-08-21 14:57:46.781098+00:00
2025-04-15,2025-05-14,Lokichar,178.09,168.67,152.84,2026-08-21 14:57:46.781098+00:00
2025-04-15,2025-05-14,Lokichogio,182.15,172.73,156.9,2026-08-21 14:57:46.781098+00:00
2025-04-15,2025-05-14,Lokiriama,179.9,170.48,154.65,2026-08-21 14:57:46.781098+00:00
2025-04-15,2025-05-14,Lokitaung,183.08,173.65,157.83,2026-08-21 14:57:46.781098+00:00
2025-04-15,2025-05-14,Lokori,178.48,169.06,153.24,2026-08-21 14:57:46.781098+00:00
2025-04-15,2025-05-14,Lomut,177.7,168.28,152.46,2026-08-21 14:57:46.781098+00:00
2025-04-15,2025-05-14,Londiani,174.13,164.71,148.89,2026-08-21 14:57:46.781098+00:00
2025-04-15,2025-05-14,Loruk,176.68,167.25,151.43,2026-08-21 14:57:46.781098+00:00
2025-04-15,2025-05-14,Loyangalani,183.26,173.49,157.62,2026-08-21 14:57:46.781098+00:00
2025-04-15,2025-05-14,Lugari,175.47,166.06,150.23,2026-08-21 14:57:46.781098+00:00
2025-04-15,2025-05-14,Lungalunga,172.54,162.77,146.9,2026-08-21 14:57:46.781098+00:00
2025-04-15,2025-05-14,Machakos,174.88,165.12,149.24,2026-08-21 14:57:46.781098+00:00
2025-04-15,2025-05-14,Magenche,176.34,166.91,151.09,2026-08-21 14:57:46.781098+00:00
2025-04-15,2025-05-14,Mai Mahiu,174.75,164.99,149.12,2026-08-21 14:57:46.781098+00:00
2025-04-15,2025-05-14,Maikona,182.61,172.84,156.96,2026-08-21 14:57:46.781098+00:00
2025-04-15,2025-05-14,Makuyu,174.94,165.17,149.29,2026-08-21 14:57:46.781098+00:00
2025-04-15,2025-05-14,Malaba,175.92,166.51,150.67,2026-08-21 14:57:46.781098+00:00
2025-04-15,2025-05-14,Malava,175.06,165.64,149.81,2026-08-21 14:57:46.781098+00:00
2025-04-15,2025-05-14,Malindi,172.37,162.61,146.74,2026-08-21 14:57:46.781098+00:00
2025-04-15,2025-05-14,Mandera,188.64,178.87,162.99,2026-08-21 14:57:46.781098+00:00
2025-04-15,2025-05-14,Maralal,176.33,166.9,151.08,2026-08-21 14:57:46.781098+00:00
2025-04-15,2025-05-14,Marani,175.37,165.94,150.12,2026-08-21 14:57:46.781098+00:00
2025-04-15,2025-05-14,Marereni,173.08,163.32,147.45,2026-08-21 14:57:46.781098+00:00
2025-04-15,2025-05-14,Marich,176.3,166.88,151.06,2026-08-21 14:57:46.781098+00:00
2025-04-15,2025-05-14,Marigat,174.64,165.21,149.39,2026-08-21 14:57:46.781098+00:00
2025-04-15,2025-05-14,Marimanti,177.11,167.34,151.46,2026-08-21 14:57:46.781098+00:00
2025-04-15,2025-05-14,Marsabit,183.06,173.29,157.42,2026-08-21 14:57:46.781098+00:00
2025-04-15,2025-05-14,Matunda,174.66,165.24,149.41,2026-08-21 14:57:46.781098+00:00
2025-04-15,2025-05-14,Matuu,175.59,165.82,149.95,2026-08-21 14:57:46.781098+00:00
2025-04-15,2025-05-14,Maua,178.44,168.68,152.8,2026-08-21 14:57:46.781098+00:00
2025-04-15,2025-05-14,Mbale,174.67,165.24,149.42,2026-08-21 14:57:46.781098+00:00
2025-04-15,2025-05-14,Mbita,175.53,166.11,150.28,2026-08-21 14:57:46.781098+00:00
2025-04-15,2025-05-14,Merille,179.73,169.96,154.08,2026-08-21 14:57:46.781098+00:00
2025-04-15,2025-05-14,Merti,180.37,170.6,154.72,2026-08-21 14:57:46.781098+00:00
2025-04-15,2025-05-14,Meru,177.95,168.19,152.31,2026-08-21 14:57:46.781098+00:00
2025-04-15,2025-05-14,Migori,176.46,167.04,151.22,2026-08-21 14:57:46.781098+00:00
2025-04-15,2025-05-14,Minjila,173.81,164.06,148.18,2026-08-21 14:57:46.781098+00:00
2025-04-15,2025-05-14,Modogashe,182.14,172.38,156.51,2026-08-21 14:57:46.781098+00:00
2025-04-15,2025-05-14,Mogotio,173.8,164.37,148.55,2026-08-21 14:57:46.781098+00:00
2025-04-15,2025-05-14,Moi's Bridge,174.74,165.32,149.49,2026-08-21 14:57:46.781098+00:00
2025-04-15,2025-05-14,Moiben,174.69,165.27,149.44,2026-08-21 14:57:46.781098+00:00
2025-04-15,2025-05-14,Molo,173.89,164.47,148.64,2026-08-21 14:57:46.781098+00:00
2025-04-15,2025-05-14,Mombasa,171.39,161.62,145.75,2026-08-21 14:57:46.781098+00:00
2025-04-15,2025-05-14,Morpus,175.91,166.49,150.66,2026-08-21 14:57:46.781098+00:00
2025-04-15,2025-05-14,Moyale,184.75,175.0,159.12,2026-08-21 14:57:46.781098+00:00
2025-04-15,2025-05-14,Mpeketoni,174.93,165.17,149.29,2026-08-21 14:57:46.781098+00:00
2025-04-15,2025-05-14,Mtito Andei,177.25,167.48,151.6,2026-08-21 14:57:46.781098+00:00
2025-04-15,2025-05-14,Muhoroni,174.92,165.49,149.66,2026-08-21 14:57:46.781098+00:00
2025-04-15,2025-05-14,Muhuru Bay,176.62,167.19,151.37,2026-08-21 14:57:46.781098+00:00
2025-04-15,2025-05-14,Mumias,175.02,165.59,149.77,2026-08-21 14:57:46.781098+00:00
2025-04-15,2025-05-14,Muranga,175.18,165.42,149.55,2026-08-21 14:57:46.781098+00:00
2025-04-15,2025-05-14,Mutuobare,176.4,166.63,150.75,2026-08-21 14:57:46.781098+00:00
2025-04-15,2025-05-14,Mwatate,173.33,163.57,147.69,2026-08-21 14:57:46.781098+00:00
2025-04-15,2025-05-14,Mwingi,176.69,166.93,151.05,2026-08-21 14:57:46.781098+00:00
2025-04-15,2025-05-14,Naiberi,174.67,165.25,149.42,2026-08-21 14:57:46.781098+00:00
2025-04-15,2025-05-14,Nairobi,174.63,164.86,148.99,2026-08-21 14:57:46.781098+00:00
2025-04-15,2025-05-14,Naivasha,174.21,164.78,148.96,2026-08-21 14:57:46.781098+00:00
2025-04-15,2025-05-14,Nakalale,182.06,172.64,156.82,2026-08-21 14:57:46.781098+00:00
2025-04-15,2025-05-14,Nakuru,173.85,164.43,148.61,2026-08-21 14:57:46.781098+00:00
2025-04-15,2025-05-14,Namanga,176.28,166.52,150.64,2026-08-21 14:57:46.781098+00:00
2025-04-15,2025-05-14,Nambale,175.6,166.18,150.35,2026-08-21 14:57:46.781098+00:00
2025-04-15,2025-05-14,Nandi Hills,174.88,165.46,149.63,2026-08-21 14:57:46.781098+00:00
2025-04-15,2025-05-14,Nanyuki,176.7,166.94,151.06,2026-08-21 14:57:46.781098+00:00
2025-04-15,2025-05-14,Narok,176.12,166.36,150.48,2026-08-21 14:57:46.781098+00:00
2025-04-15,2025-05-14,Ndhiwa,175.91,166.48,150.66,2026-08-21 14:57:46.781098+00:00
2025-04-15,2025-05-14,Nkubu,177.75,167.98,152.1,2026-08-21 14:57:46.781098+00:00
2025-04-15,2025-05-14,North Horr,184.09,174.33,158.45,2026-08-21 14:57:46.781098+00:00
2025-04-15,2025-05-14,Ntimaru,177.2,167.77,151.95,2026-08-21 14:57:46.781098+00:00
2025-04-15,2025-05-14,Nyahururu,174.12,164.7,148.86,2026-08-21 14:57:46.781098+00:00
2025-04-15,2025-05-14,Nyamira,175.29,165.86,150.04,2026-08-21 14:57:46.781098+00:00
2025-04-15,2025-05-14,Nyangusu,176.06,166.64,150.81,2026-08-21 14:57:46.781098+00:00
2025-04-15,2025-05-14,Nyansiongo,175.49,166.07,150.24,2026-08-21 14:57:46.781098+00:00
2025-04-15,2025-05-14,Nyeri,176.1,166.33,150.46,2026-08-21 14:57:46.781098+00:00
2025-04-15,2025-05-14,O'lessos,174.74,165.32,149.49,2026-08-21 14:57:46.781098+00:00
2025-04-15,2025-05-14,Ogembo,175.78,166.36,150.53,2026-08-21 14:57:46.781098+00:00
2025-04-15,2025-05-14,Oldonyiro,177.15,167.39,151.52,2026-08-21 14:57:46.781098+00:00
2025-04-15,2025-05-14,Olenguruone,174.65,165.22,149.4,2026-08-21 14:57:46.781098+00:00
2025-04-15,2025-05-14,Orolwo,176.06,166.65,150.81,2026-08-21 14:57:46.781098+00:00
2025-04-15,2025-05-14,Ortum,176.39,166.96,151.14,2026-08-21 14:57:46.781098+00:00
2025-04-15,2025-05-14,Oyugis,175.3,165.87,150.05,2026-08-21 14:57:46.781098+00:00
2025-04-15,2025-05-14,Port Bunyala,175.65,166.22,150.4,2026-08-21 14:57:46.781098+00:00
2025-04-15,2025-05-14,Rangwe,175.6,166.18,150.35,2026-08-21 14:57:46.781098+00:00
2025-04-15,2025-05-14,Rodi Kopany,175.61,166.19,150.37,2026-08-21 14:57:46.781098+00:00
2025-04-15,2025-05-14,Rongo,175.88,166.46,150.63,2026-08-21 14:57:46.781098+00:00
2025-04-15,2025-05-14,Rumuruti,174.71,165.28,149.46,2026-08-21 14:57:46.781098+00:00
2025-04-15,2025-05-14,Saboti,175.29,165.86,150.04,2026-08-21 14:57:46.781098+00:00
2025-04-15,2025-05-14,Sagana,175.43,165.66,149.78,2026-08-21 14:57:46.781098+00:00
2025-04-15,2025-05-14,Sambalat,176.06,166.65,150.81,2026-08-21 14:57:46.781098+00:00
2025-04-15,2025-05-14,Samburu,171.7,161.95,146.07,2026-08-21 14:57:46.781098+00:00
2025-04-15,2025-05-14,Sebit,176.01,166.59,150.76,2026-08-21 14:57:46.781098+00:00
2025-04-15,2025-05-14,Sengera,175.98,166.55,150.73,2026-08-21 14:57:46.781098+00:00
2025-04-15,2025-05-14,Serem,175.26,165.84,150.01,2026-08-21 14:57:46.781098+00:00
2025-04-15,2025-05-14,Siaya,175.03,165.6,149.78,2026-08-21 14:57:46.781098+00:00
2025-04-15,2025-05-14,Sigor,176.55,167.12,151.3,2026-08-21 14:57:46.781098+00:00
2025-04-15,2025-05-14,Sindo,175.61,166.19,150.37,2026-08-21 14:57:46.781098+00:00
2025-04-15,2025-05-14,SioPort,175.59,166.16,150.34,2026-08-21 14:57:46.781098+00:00
2025-04-15,2025-05-14,Sipili,177.5,167.74,151.87,2026-08-21 14:57:46.781098+00:00
2025-04-15,2025-05-14,Sololo,183.74,173.98,158.1,2026-08-21 14:57:46.781098+00:00
2025-04-15,2025-05-14,Sondu,174.78,165.36,149.53,2026-08-21 14:57:46.781098+00:00
2025-04-15,2025-05-14,Songor,175.72,166.3,150.47,2026-08-21 14:57:46.781098+00:00
2025-04-15,2025-05-14,Sotik,175.44,166.01,150.19,2026-08-21 14:57:46.781098+00:00
2025-04-15,2025-05-14,Soy,174.67,165.25,149.42,2026-08-21 14:57:46.781098+00:00
2025-04-15,2025-05-14,Tambach,174.72,165.29,149.47,2026-08-21 14:57:46.781098+00:00
2025-04-15,2025-05-14,Tarbaj,184.4,174.65,158.77,2026-08-21 14:57:46.781098+00:00
2025-04-15,2025-05-14,Taru,171.9,162.15,146.27,2026-08-21 14:57:46.781098+00:00
2025-04-15,2025-05-14,Taveta,174.49,164.72,148.85,2026-08-21 14:57:46.781098+00:00
2025-04-15,2025-05-14,Tenges,175.72,166.3,150.47,2026-08-21 14:57:46.781098+00:00
2025-04-15,2025-05-14,Thika,174.63,164.87,148.99,2026-08-21 14:57:46.781098+00:00
2025-04-15,2025-05-14,Timboroa,174.93,165.5,149.68,2026-08-21 14:57:46.781098+00:00
2025-04-15,2025-05-14,Tindiret,175.63,166.21,150.38,2026-08-21 14:57:46.781098+00:00
2025-04-15,2025-05-14,Tot,175.91,166.49,150.66,2026-08-21 14:57:46.781098+00:00
2025-04-15,2025-05-14,Turbi,183.05,173.28,157.41,2026-08-21 14:57:46.781098+00:00
2025-04-15,2025-05-14,Turbo,174.62,165.2,149.37,2026-08-21 14:57:46.781098+00:00
2025-04-15,2025-05-14,Ugunja,175.12,165.71,149.88,2026-08-21 14:57:46.781098+00:00
2025-04-15,2025-05-14,Usenge,175.26,165.85,150.02,2026-08-21 14:57:46.781098+00:00
2025-04-15,2025-05-14,Voi,172.97,163.21,147.33,2026-08-21 14:57:46.781098+00:00
2025-04-15,2025-05-14,Wajir,184.58,174.81,158.93,2026-08-21 14:57:46.781098+00:00
2025-04-15,2025-05-14,Wamba,177.23,167.81,151.98,2026-08-21 14:57:46.781098+00:00
2025-04-15,2025-05-14,Webuye,175.14,165.71,149.88,2026-08-21 14:57:46.781098+00:00
2025-04-15,2025-05-14,Wundanji,173.51,163.76,147.88,2026-08-21 14:57:46.781098+00:00
2025-04-15,2025-05-14,Ziwa,174.88,165.46,149.63,2026-08-21 14:57:46.781098+00:00
2025-05-15,2025-06-14,Ahero,174.67,165.24,149.42,2026-08-21 14:57:46.781098+00:00
2025-05-15,2025-06-14,Alale,176.83,167.4,151.58,2026-08-21 14:57:46.781098+00:00
2025-05-15,2025-06-14,Archers Post,177.33,167.9,152.08,2026-08-21 14:57:46.781098+00:00
2025-05-15,2025-06-14,Arror,175.69,166.26,150.44,2026-08-21 14:57:46.781098+00:00
2025-05-15,2025-06-14,Asembo,174.75,165.34,149.5,2026-08-21 14:57:46.781098+00:00
2025-05-15,2025-06-14,Asilong,176.03,166.6,150.78,2026-08-21 14:57:46.781098+00:00
2025-05-15,2025-06-14,Awasi,174.63,165.21,149.39,2026-08-21 14:57:46.781098+00:00
2025-05-15,2025-06-14,Barwessa,175.84,166.42,150.59,2026-08-21 14:57:46.781098+00:00
2025-05-15,2025-06-14,Bomet,175.87,166.44,150.62,2026-08-21 14:57:46.781098+00:00
2025-05-15,2025-06-14,Bondo,174.89,165.48,149.64,2026-08-21 14:57:46.781098+00:00
2025-05-15,2025-06-14,Bungoma,175.5,166.07,150.24,2026-08-21 14:57:46.781098+00:00
2025-05-15,2025-06-14,Burgich,176.41,166.98,151.16,2026-08-21 14:57:46.781098+00:00
2025-05-15,2025-06-14,Burnt Forest,174.62,165.2,149.37,2026-08-21 14:57:46.781098+00:00
2025-05-15,2025-06-14,Busia,175.6,166.18,150.35,2026-08-21 14:57:46.781098+00:00
2025-05-15,2025-06-14,Bute,183.3,173.54,157.66,2026-08-21 14:57:46.781098+00:00
2025-05-15,2025-06-14,Chebara,175.09,165.67,149.84,2026-08-21 14:57:46.781098+00:00
2025-05-15,2025-06-14,Chepareria,175.97,166.54,150.72,2026-08-21 14:57:46.781098+00:00
2025-05-15,2025-06-14,Chepkorniswo,175.79,166.37,150.53,2026-08-21 14:57:46.781098+00:00
2025-05-15,2025-06-14,Cheptulu,175.14,165.71,149.88,2026-08-21 14:57:46.781098+00:00
2025-05-15,2025-06-14,Chuka,176.38,166.61,150.74,2026-08-21 14:57:46.781098+00:00
2025-05-15,2025-06-14,Chwele,175.78,166.36,150.53,2026-08-21 14:57:46.781098+00:00
2025-05-15,2025-06-14,Dadaab,180.59,170.82,154.95,2026-08-21 14:57:46.781098+00:00
2025-05-15,2025-06-14,Doldo,177.52,167.76,151.88,2026-08-21 14:57:46.781098+00:00
2025-05-15,2025-06-14,Eldama Ravine,175.56,166.14,150.31,2026-08-21 14:57:46.781098+00:00
2025-05-15,2025-06-14,Eldas,186.48,176.72,160.84,2026-08-21 14:57:46.781098+00:00
2025-05-15,2025-06-14,Eldoret,174.67,165.25,149.42,2026-08-21 14:57:46.781098+00:00
2025-05-15,2025-06-14,Elwak,186.13,176.37,160.49,2026-08-21 14:57:46.781098+00:00
2025-05-15,2025-06-14,Embu,175.81,166.04,150.17,2026-08-21 14:57:46.781098+00:00
2025-05-15,2025-06-14,Endebes,175.63,166.21,150.38,2026-08-21 14:57:46.781098+00:00
2025-05-15,2025-06-14,Etago,176.23,166.8,150.98,2026-08-21 14:57:46.781098+00:00
2025-05-15,2025-06-14,Funyula,175.45,166.02,150.2,2026-08-21 14:57:46.781098+00:00
2025-05-15,2025-06-14,Garissa,179.1,169.34,153.47,2026-08-21 14:57:46.781098+00:00
2025-05-15,2025-06-14,Garsen,173.92,164.15,148.28,2026-08-21 14:57:46.781098+00:00
2025-05-15,2025-06-14,Gilgil,173.81,164.39,148.56,2026-08-21 14:57:46.781098+00:00
2025-05-15,2025-06-14,Habaswein,181.99,172.23,156.36,2026-08-21 14:57:46.781098+00:00
2025-05-15,2025-06-14,Hadado,181.78,172.02,156.15,2026-08-21 14:57:46.781098+00:00
2025-05-15,2025-06-14,Harambee,174.72,165.29,149.47,2026-08-21 14:57:46.781098+00:00
2025-05-15,2025-06-14,Hola,175.23,165.48,149.6,2026-08-21 14:57:46.781098+00:00
2025-05-15,2025-06-14,Homabay,175.54,166.12,150.3,2026-08-21 14:57:46.781098+00:00
2025-05-15,2025-06-14,Ikonge,175.06,165.64,149.81,2026-08-21 14:57:46.781098+00:00
2025-05-15,2025-06-14,Isebania,176.77,167.34,151.52,2026-08-21 14:57:46.781098+00:00
2025-05-15,2025-06-14,Isiolo,177.79,168.04,152.16,2026-08-21 14:57:46.781098+00:00
2025-05-15,2025-06-14,Iten,174.67,165.25,149.42,2026-08-21 14:57:46.781098+00:00
2025-05-15,2025-06-14,Kabarnet,175.16,165.74,149.91,2026-08-21 14:57:46.781098+00:00
2025-05-15,2025-06-14,Kabartonjo,175.56,166.14,150.31,2026-08-21 14:57:46.781098+00:00
2025-05-15,2025-06-14,Kabiyet,174.67,165.25,149.42,2026-08-21 14:57:46.781098+00:00
2025-05-15,2025-06-14,Kacheliba,176.18,166.75,150.93,2026-08-21 14:57:46.781098+00:00
2025-05-15,2025-06-14,Kachibora,175.09,165.67,149.84,2026-08-21 14:57:46.781098+00:00
2025-05-15,2025-06-14,Kaibichbich,175.73,166.31,150.49,2026-08-21 14:57:46.781098+00:00
2025-05-15,2025-06-14,Kaiboi,174.73,165.31,149.48,2026-08-21 14:57:46.781098+00:00
2025-05-15,2025-06-14,Kainuk,176.9,167.47,151.65,2026-08-21 14:57:46.781098+00:00
2025-05-15,2025-06-14,Kajiado,175.08,165.31,149.43,2026-08-21 14:57:46.781098+00:00
2025-05-15,2025-06-14,Kakamega,174.72,165.3,149.48,2026-08-21 14:57:46.781098+00:00
2025-05-15,2025-06-14,Kakuma,180.87,171.45,155.63,2026-08-21 14:57:46.781098+00:00
2025-05-15,2025-06-14,Kalacha,183.19,173.42,157.55,2026-08-21 14:57:46.781098+00:00
2025-05-15,2025-06-14,Kalemngorok,177.4,167.97,152.15,2026-08-21 14:57:46.781098+00:00
2025-05-15,2025-06-14,Kalokol,179.98,170.56,154.73,2026-08-21 14:57:46.781098+00:00
2025-05-15,2025-06-14,Kaloleni,171.55,161.8,145.92,2026-08-21 14:57:46.781098+00:00
2025-05-15,2025-06-14,Kapcherop,175.33,165.9,150.08,2026-08-21 14:57:46.781098+00:00
2025-05-15,2025-06-14,Kapedo,177.7,168.28,152.46,2026-08-21 14:57:46.781098+00:00
2025-05-15,2025-06-14,Kapenguria,175.75,166.32,150.5,2026-08-21 14:57:46.781098+00:00
2025-05-15,2025-06-14,Kapese,178.05,168.63,152.8,2026-08-21 14:57:46.781098+00:00
2025-05-15,2025-06-14,Kaplamai,175.12,165.7,149.87,2026-08-21 14:57:46.781098+00:00
2025-05-15,2025-06-14,Kapsabet,174.69,165.27,149.44,2026-08-21 14:57:46.781098+00:00
2025-05-15,2025-06-14,Kapsowar,175.22,165.79,149.97,2026-08-21 14:57:46.781098+00:00
2025-05-15,2025-06-14,Kaptarakwa,174.88,165.46,149.63,2026-08-21 14:57:46.781098+00:00
2025-05-15,2025-06-14,Kaspokwony,175.84,166.42,150.59,2026-08-21 14:57:46.781098+00:00
2025-05-15,2025-06-14,Kehancha,176.86,167.45,151.61,2026-08-21 14:57:46.781098+00:00
2025-05-15,2025-06-14,Kericho,175.22,165.79,149.97,2026-08-21 14:57:46.781098+00:00
2025-05-15,2025-06-14,Kerina,175.75,166.33,150.51,2026-08-21 14:57:46.781098+00:00
2025-05-15,2025-06-14,Keringet,175.44,166.02,150.19,2026-08-21 14:57:46.781098+00:00
2025-05-15,2025-06-14,Keroka,175.63,166.21,150.38,2026-08-21 14:57:46.781098+00:00
2025-05-15,2025-06-14,Kerugoya,175.73,165.96,150.09,2026-08-21 14:57:46.781098+00:00
2025-05-15,2025-06-14,Kesses,174.67,165.25,149.42,2026-08-21 14:57:46.781098+00:00
2025-05-15,2025-06-14,Keumbu,175.68,166.26,150.44,2026-08-21 14:57:46.781098+00:00
2025-05-15,2025-06-14,Kibish,183.33,173.91,158.09,2026-08-21 14:57:46.781098+00:00
2025-05-15,2025-06-14,Kiganjo,176.06,166.3,150.42,2026-08-21 14:57:46.781098+00:00
2025-05-15,2025-06-14,Kilgoris,176.16,166.74,150.91,2026-08-21 14:57:46.781098+00:00
2025-05-15,2025-06-14,Kilifi,172.15,162.39,146.52,2026-08-21 14:57:46.781098+00:00
2025-05-15,2025-06-14,Kimilili,175.7,166.28,150.45,2026-08-21 14:57:46.781098+00:00
2025-05-15,2025-06-14,Kiminini,175.26,165.84,150.01,2026-08-21 14:57:46.781098+00:00
2025-05-15,2025-06-14,Kimwarer,175.01,165.59,149.76,2026-08-21 14:57:46.781098+00:00
2025-05-15,2025-06-14,Kiplombe,174.67,165.25,149.42,2026-08-21 14:57:46.781098+00:00
2025-05-15,2025-06-14,Kipsaraman,176.82,167.39,151.57,2026-08-21 14:57:46.781098+00:00
2025-05-15,2025-06-14,Kisii,175.61,166.19,150.37,2026-08-21 14:57:46.781098+00:00
2025-05-15,2025-06-14,Kisumu,174.67,165.24,149.42,2026-08-21 14:57:46.781098+00:00
2025-05-15,2025-06-14,Kitale,175.07,165.64,149.82,2026-08-21 14:57:46.781098+00:00
2025-05-15,2025-06-14,Kitui,176.27,166.51,150.63,2026-08-21 14:57:46.781098+00:00
2025-05-15,2025-06-14,Kiwawa,176.83,167.4,151.58,2026-08-21 14:57:46.781098+00:00
2025-05-15,2025-06-14,Kobujoi,175.17,165.75,149.93,2026-08-21 14:57:46.781098+00:00
2025-05-15,2025-06-14,Korr,181.06,171.3,155.42,2026-08-21 14:57:46.781098+00:00
2025-05-15,2025-06-14,Kunyao,176.47,167.04,151.22,2026-08-21 14:57:46.781098+00:00
2025-05-15,2025-06-14,Kwale,171.77,162.01,146.14,2026-08-21 14:57:46.781098+00:00
2025-05-15,2025-06-14,Kwanza,175.86,166.44,150.6,2026-08-21 14:57:46.781098+00:00
2025-05-15,2025-06-14,Laisamis,180.04,170.29,154.41,2026-08-21 14:57:46.781098+00:00
2025-05-15,2025-06-14,Lamu,174.93,165.17,149.29,2026-08-21 14:57:46.781098+00:00
2025-05-15,2025-06-14,Lamuria,176.57,166.81,150.94,2026-08-21 14:57:46.781098+00:00
2025-05-15,2025-06-14,Liboi,182.07,172.31,156.44,2026-08-21 14:57:46.781098+00:00
2025-05-15,2025-06-14,Likoni Mainland,171.77,162.01,146.14,2026-08-21 14:57:46.781098+00:00
2025-05-15,2025-06-14,Lodosoit,178.51,169.08,153.26,2026-08-21 14:57:46.781098+00:00
2025-05-15,2025-06-14,Lodwar,179.16,169.74,153.91,2026-08-21 14:57:46.781098+00:00
2025-05-15,2025-06-14,Loima,178.22,168.79,152.97,2026-08-21 14:57:46.781098+00:00
2025-05-15,2025-06-14,Lokichar,178.09,168.67,152.84,2026-08-21 14:57:46.781098+00:00
2025-05-15,2025-06-14,Lokichogio,182.15,172.73,156.9,2026-08-21 14:57:46.781098+00:00
2025-05-15,2025-06-14,Lokiriama,179.9,170.48,154.65,2026-08-21 14:57:46.781098+00:00
2025-05-15,2025-06-14,Lokitaung,183.08,173.65,157.83,2026-08-21 14:57:46.781098+00:00
2025-05-15,2025-06-14,Lokori,178.48,169.06,153.24,2026-08-21 14:57:46.781098+00:00
2025-05-15,2025-06-14,Lomut,177.7,168.28,152.46,2026-08-21 14:57:46.781098+00:00
2025-05-15,2025-06-14,Londiani,174.13,164.71,148.89,2026-08-21 14:57:46.781098+00:00
2025-05-15,2025-06-14,Loruk,176.68,167.25,151.43,2026-08-21 14:57:46.781098+00:00
2025-05-15,2025-06-14,Loyangalani,183.26,173.49,157.62,2026-08-21 14:57:46.781098+00:00
2025-05-15,2025-06-14,Lugari,175.47,166.06,150.23,2026-08-21 14:57:46.781098+00:00
2025-05-15,2025-06-14,Lungalunga,172.54,162.77,146.9,2026-08-21 14:57:46.781098+00:00
2025-05-15,2025-06-14,Machakos,174.88,165.12,149.24,2026-08-21 14:57:46.781098+00:00
2025-05-15,2025-06-14,Magenche,176.34,166.91,151.09,2026-08-21 14:57:46.781098+00:00
2025-05-15,2025-06-14,Mai Mahiu,174.75,164.99,149.12,2026-08-21 14:57:46.781098+00:00
2025-05-15,2025-06-14,Maikona,182.61,172.84,156.96,2026-08-21 14:57:46.781098+00:00
2025-05-15,2025-06-14,Makuyu,174.94,165.17,149.29,2026-08-21 14:57:46.781098+00:00
2025-05-15,2025-06-14,Malaba,175.92,166.51,150.67,2026-08-21 14:57:46.781098+00:00
2025-05-15,2025-06-14,Malava,175.06,165.64,149.81,2026-08-21 14:57:46.781098+00:00
2025-05-15,2025-06-14,Malindi,172.37,162.61,146.74,2026-08-21 14:57:46.781098+00:00
2025-05-15,2025-06-14,Mandera,188.64,178.87,162.99,2026-08-21 14:57:46.781098+00:00
2025-05-15,2025-06-14,Maralal,176.33,166.9,151.08,2026-08-21 14:57:46.781098+00:00
2025-05-15,2025-06-14,Marani,175.37,165.94,150.12,2026-08-21 14:57:46.781098+00:00
2025-05-15,2025-06-14,Marereni,173.08,163.32,147.45,2026-08-21 14:57:46.781098+00:00
2025-05-15,2025-06-14,Marich,176.3,166.88,151.06,2026-08-21 14:57:46.781098+00:00
2025-05-15,2025-06-14,Marigat,174.64,165.21,149.39,2026-08-21 14:57:46.781098+00:00
2025-05-15,2025-06-14,Marimanti,177.11,167.34,151.46,2026-08-21 14:57:46.781098+00:00
2025-05-15,2025-06-14,Marsabit,183.06,173.29,157.42,2026-08-21 14:57:46.781098+00:00
2025-05-15,2025-06-14,Matunda,174.66,165.24,149.41,2026-08-21 14:57:46.781098+00:00
2025-05-15,2025-06-14,Matuu,175.59,165.82,149.95,2026-08-21 14:57:46.781098+00:00
2025-05-15,2025-06-14,Maua,178.44,168.68,152.8,2026-08-21 14:57:46.781098+00:00
2025-05-15,2025-06-14,Mbale,174.67,165.24,149.42,2026-08-21 14:57:46.781098+00:00
2025-05-15,2025-06-14,Mbita,175.53,166.11,150.28,2026-08-21 14:57:46.781098+00:00
2025-05-15,2025-06-14,Merille,179.73,169.96,154.08,2026-08-21 14:57:46.781098+00:00
2025-05-15,2025-06-14,Merti,180.37,170.6,154.72,2026-08-21 14:57:46.781098+00:00
2025-05-15,2025-06-14,Meru,177.95,168.19,152.31,2026-08-21 14:57:46.781098+00:00
2025-05-15,2025-06-14,Migori,176.46,167.04,151.22,2026-08-21 14:57:46.781098+00:00
2025-05-15,2025-06-14,Minjila,173.81,164.06,148.18,2026-08-21 14:57:46.781098+00:00
2025-05-15,2025-06-14,Modogashe,182.14,172.38,156.51,2026-08-21 14:57:46.781098+00:00
2025-05-15,2025-06-14,Mogotio,173.8,164.37,148.55,2026-08-21 14:57:46.781098+00:00
2025-05-15,2025-06-14,Moi's Bridge,174.74,165.32,149.49,2026-08-21 14:57:46.781098+00:00
2025-05-15,2025-06-14,Moiben,174.69,165.27,149.44,2026-08-21 14:57:46.781098+00:00
2025-05-15,2025-06-14,Molo,173.89,164.47,148.64,2026-08-21 14:57:46.781098+00:00
2025-05-15,2025-06-14,Mombasa,171.39,161.62,145.75,2026-08-21 14:57:46.781098+00:00
2025-05-15,2025-06-14,Morpus,175.91,166.49,150.66,2026-08-21 14:57:46.781098+00:00
2025-05-15,2025-06-14,Moyale,184.75,175.0,159.12,2026-08-21 14:57:46.781098+00:00
2025-05-15,2025-06-14,Mpeketoni,174.93,165.17,149.29,2026-08-21 14:57:46.781098+00:00
2025-05-15,2025-06-14,Mtito Andei,177.25,167.48,151.6,2026-08-21 14:57:46.781098+00:00
2025-05-15,2025-06-14,Muhoroni,174.92,165.49,149.66,2026-08-21 14:57:46.781098+00:00
2025-05-15,2025-06-14,Muhuru Bay,176.62,167.19,151.37,2026-08-21 14:57:46.781098+00:00
2025-05-15,2025-06-14,Mumias,175.02,165.59,149.77,2026-08-21 14:57:46.781098+00:00
2025-05-15,2025-06-14,Muranga,175.18,165.42,149.55,2026-08-21 14:57:46.781098+00:00
2025-05-15,2025-06-14,Mutuobare,176.4,166.63,150.75,2026-08-21 14:57:46.781098+00:00
2025-05-15,2025-06-14,Mwatate,173.33,163.57,147.69,2026-08-21 14:57:46.781098+00:00
2025-05-15,2025-06-14,Mwingi,176.69,166.93,151.05,2026-08-21 14:57:46.781098+00:00
2025-05-15,2025-06-14,Naiberi,174.67,165.25,149.42,2026-08-21 14:57:46.781098+00:00
2025-05-15,2025-06-14,Nairobi,174.63,164.86,148.99,2026-08-21 14:57:46.781098+00:00
2025-05-15,2025-06-14,Naivasha,174.21,164.78,148.96,2026-08-21 14:57:46.781098+00:00
2025-05-15,2025-06-14,Nakalale,182.06,172.64,156.82,2026-08-21 14:57:46.781098+00:00
2025-05-15,2025-06-14,Nakuru,173.85,164.43,148.61,2026-08-21 14:57:46.781098+00:00
2025-05-15,2025-06-14,Namanga,176.28,166.52,150.64,2026-08-21 14:57:46.781098+00:00
2025-05-15,2025-06-14,Nambale,175.6,166.18,150.35,2026-08-21 14:57:46.781098+00:00
2025-05-15,2025-06-14,Nandi Hills,174.88,165.46,149.63,2026-08-21 14:57:46.781098+00:00
2025-05-15,2025-06-14,Nanyuki,176.7,166.94,151.06,2026-08-21 14:57:46.781098+00:00
2025-05-15,2025-06-14,Narok,176.12,166.36,150.48,2026-08-21 14:57:46.781098+00:00
2025-05-15,2025-06-14,Ndhiwa,175.91,166.48,150.66,2026-08-21 14:57:46.781098+00:00
2025-05-15,2025-06-14,Nkubu,177.75,167.98,152.1,2026-08-21 14:57:46.781098+00:00
2025-05-15,2025-06-14,North Horr,184.09,174.33,158.45,2026-08-21 14:57:46.781098+00:00
2025-05-15,2025-06-14,Ntimaru,177.2,167.77,151.95,2026-08-21 14:57:46.781098+00:00
2025-05-15,2025-06-14,Nyahururu,174.12,164.7,148.86,2026-08-21 14:57:46.781098+00:00
2025-05-15,2025-06-14,Nyamira,175.29,165.86,150.04,2026-08-21 14:57:46.781098+00:00
2025-05-15,2025-06-14,Nyangusu,176.06,166.64,150.81,2026-08-21 14:57:46.781098+00:00
2025-05-15,2025-06-14,Nyansiongo,175.49,166.07,150.24,2026-08-21 14:57:46.781098+00:00
2025-05-15,2025-06-14,Nyeri,176.1,166.33,150.46,2026-08-21 14:57:46.781098+00:00
2025-05-15,2025-06-14,O'lessos,174.74,165.32,149.49,2026-08-21 14:57:46.781098+00:00
2025-05-15,2025-06-14,Ogembo,175.78,166.36,150.53,2026-08-21 14:57:46.781098+00:00
2025-05-15,2025-06-14,Oldonyiro,177.15,167.39,151.52,2026-08-21 14:57:46.781098+00:00
2025-05-15,2025-06-14,Olenguruone,174.65,165.22,149.4,2026-08-21 14:57:46.781098+00:00
2025-05-15,2025-06-14,Orolwo,176.06,166.65,150.81,2026-08-21 14:57:46.781098+00:00
2025-05-15,2025-06-14,Ortum,176.39,166.96,151.14,2026-08-21 14:57:46.781098+00:00
2025-05-15,2025-06-14,Oyugis,175.3,165.87,150.05,2026-08-21 14:57:46.781098+00:00
2025-05-15,2025-06-14,Port Bunyala,175.65,166.22,150.4,2026-08-21 14:57:46.781098+00:00
2025-05-15,2025-06-14,Rangwe,175.6,166.18,150.35,2026-08-21 14:57:46.781098+00:00
2025-05-15,2025-06-14,Rodi Kopany,175.61,166.19,150.37,2026-08-21 14:57:46.781098+00:00
2025-05-15,2025-06-14,Rongo,175.88,166.46,150.63,2026-08-21 14:57:46.781098+00:00
2025-05-15,2025-06-14,Rumuruti,174.71,165.28,149.46,2026-08-21 14:57:46.781098+00:00
2025-05-15,2025-06-14,Saboti,175.29,165.86,150.04,2026-08-21 14:57:46.781098+00:00
2025-05-15,2025-06-14,Sagana,175.43,165.66,149.78,2026-08-21 14:57:46.781098+00:00
2025-05-15,2025-06-14,Sambalat,176.06,166.65,150.81,2026-08-21 14:57:46.781098+00:00
2025-05-15,2025-06-14,Samburu,171.7,161.95,146.07,2026-08-21 14:57:46.781098+00:00
2025-05-15,2025-06-14,Sebit,176.01,166.59,150.76,2026-08-21 14:57:46.781098+00:00
2025-05-15,2025-06-14,Sengera,175.98,166.55,150.73,2026-08-21 14:57:46.781098+00:00
2025-05-15,2025-06-14,Serem,175.26,165.84,150.01,2026-08-21 14:57:46.781098+00:00
2025-05-15,2025-06-14,Siaya,175.03,165.6,149.78,2026-08-21 14:57:46.781098+00:00
2025-05-15,2025-06-14,Sigor,176.55,167.12,151.3,2026-08-21 14:57:46.781098+00:00
2025-05-15,2025-06-14,Sindo,175.61,166.19,150.37,2026-08-21 14:57:46.781098+00:00
2025-05-15,2025-06-14,SioPort,175.59,166.16,150.34,2026-08-21 14:57:46.781098+00:00
2025-05-15,2025-06-14,Sipili,177.5,167.74,151.87,2026-08-21 14:57:46.781098+00:00
2025-05-15,2025-06-14,Sololo,183.74,173.98,158.1,2026-08-21 14:57:46.781098+00:00
2025-05-15,2025-06-14,Sondu,174.78,165.36,149.53,2026-08-21 14:57:46.781098+00:00
2025-05-15,2025-06-14,Songor,175.72,166.3,150.47,2026-08-21 14:57:46.781098+00:00
2025-05-15,2025-06-14,Sotik,175.44,166.01,150.19,2026-08-21 14:57:46.781098+00:00
2025-05-15,2025-06-14,Soy,174.67,165.25,149.42,2026-08-21 14:57:46.781098+00:00
2025-05-15,2025-06-14,Tambach,174.72,165.29,149.47,2026-08-21 14:57:46.781098+00:00
2025-05-15,2025-06-14,Tarbaj,184.4,174.65,158.77,2026-08-21 14:57:46.781098+00:00
2025-05-15,2025-06-14,Taru,171.9,162.15,146.27,2026-08-21 14:57:46.781098+00:00
2025-05-15,2025-06-14,Taveta,174.49,164.72,148.85,2026-08-21 14:57:46.781098+00:00
2025-05-15,2025-06-14,Tenges,175.72,166.3,150.47,2026-08-21 14:57:46.781098+00:00
2025-05-15,2025-06-14,Thika,174.63,164.87,148.99,2026-08-21 14:57:46.781098+00:00
2025-05-15,2025-06-14,Timboroa,174.93,165.5,149.68,2026-08-21 14:57:46.781098+00:00
2025-05-15,2025-06-14,Tindiret,175.63,166.21,150.38,2026-08-21 14:57:46.781098+00:00
2025-05-15,2025-06-14,Tot,175.91,166.49,150.66,2026-08-21 14:57:46.781098+00:00
2025-05-15,2025-06-14,Turbi,183.05,173.28,157.41,2026-08-21 14:57:46.781098+00:00
2025-05-15,2025-06-14,Turbo,174.62,165.2,149.37,2026-08-21 14:57:46.781098+00:00
2025-05-15,2025-06-14,Ugunja,175.12,165.71,149.88,2026-08-21 14:57:46.781098+00:00
2025-05-15,2025-06-14,Usenge,175.26,165.85,150.02,2026-08-21 14:57:46.781098+00:00
2025-05-15,2025-06-14,Voi,172.97,163.21,147.33,2026-08-21 14:57:46.781098+00:00
2025-05-15,2025-06-14,Wajir,184.58,174.81,158.93,2026-08-21 14:57:46.781098+00:00
2025-05-15,2025-06-14,Wamba,177.23,167.81,151.98,2026-08-21 14:57:46.781098+00:00
2025-05-15,2025-06-14,Webuye,175.14,165.71,149.88,2026-08-21 14:57:46.781098+00:00
2025-05-15,2025-06-14,Wundanji,173.51,163.76,147.88,2026-08-21 14:57:46.781098+00:00
2025-05-15,2025-06-14,Ziwa,174.88,165.46,149.63,2026-08-21 14:57:46.781098+00:00
2025-06-15,2025-07-14,Ahero,177.28,163.23,147.3,2026-08-21 14:57:46.781098+00:00
2025-06-15,2025-07-14,Alale,179.92,165.87,149.93,2026-08-21 14:57:46.781098+00:00
2025-06-15,2025-07-14,Archers Post,180.82,166.76,150.82,2026-08-21 14:57:46.781098+00:00
2025-06-15,2025-07-14,Arror,178.43,164.37,148.44,2026-08-21 14:57:46.781098+00:00
2025-06-15,2025-07-14,Asembo,177.21,163.15,147.22,2026-08-21 14:57:46.781098+00:00
2025-06-15,2025-07-14,Asilong,178.86,164.81,148.87,2026-08-21 14:57:46.781098+00:00
2025-06-15,2025-07-14,Awasi,177.05,162.99,147.05,2026-08-21 14:57:46.781098+00:00
2025-06-15,2025-07-14,Barwessa,178.63,164.58,148.64,2026-08-21 14:57:46.781098+00:00
2025-06-15,2025-07-14,Bomet,178.66,164.6,148.67,2026-08-21 14:57:46.781098+00:00
2025-06-15,2025-07-14,Bondo,177.4,163.34,147.4,2026-08-21 14:57:46.781098+00:00
2025-06-15,2025-07-14,Bungoma,178.18,164.12,148.19,2026-08-21 14:57:46.781098+00:00
2025-06-15,2025-07-14,Burgich,179.37,165.32,149.38,2026-08-21 14:57:46.781098+00:00
2025-06-15,2025-07-14,Burnt Forest,177.03,162.98,147.04,2026-08-21 14:57:46.781098+00:00
2025-06-15,2025-07-14,Busia,178.32,164.27,148.33,2026-08-21 14:57:46.781098+00:00
2025-06-15,2025-07-14,Bute,188.45,174.09,158.06,2026-08-21 14:57:46.781098+00:00
2025-06-15,2025-07-14,Chebara,177.65,163.6,147.66,2026-08-21 14:57:46.781098+00:00
2025-06-15,2025-07-14,Chepareria,178.79,164.74,148.8,2026-08-21 14:57:46.781098+00:00
2025-06-15,2025-07-14,Chepkorniswo,178.56,164.5,148.57,2026-08-21 14:57:46.781098+00:00
2025-06-15,2025-07-14,Cheptulu,177.7,163.65,147.71,2026-08-21 14:57:46.781098+00:00
2025-06-15,2025-07-14,Chuka,179.42,165.01,149.04,2026-08-21 14:57:46.781098+00:00
2025-06-15,2025-07-14,Chwele,178.55,164.5,148.56,2026-08-21 14:57:46.781098+00:00
2025-06-15,2025-07-14,Dadaab,184.92,170.51,154.52,2026-08-21 14:57:46.781098+00:00
2025-06-15,2025-07-14,Doldo,180.9,166.51,150.52,2026-08-21 14:57:46.781098+00:00
2025-06-15,2025-07-14,Eldama Ravine,178.27,164.21,148.28,2026-08-21 14:57:46.781098+00:00
2025-06-15,2025-07-14,Eldas,192.6,178.2,162.21,2026-08-21 14:57:46.781098+00:00
2025-06-15,2025-07-14,Eldoret,177.28,163.24,147.3,2026-08-21 14:57:46.781098+00:00
2025-06-15,2025-07-14,Elwak,192.14,177.75,161.76,2026-08-21 14:57:46.781098+00:00
2025-06-15,2025-07-14,Embu,178.67,164.27,148.28,2026-08-21 14:57:46.781098+00:00
2025-06-15,2025-07-14,Endebes,178.35,164.3,148.36,2026-08-21 14:57:46.781098+00:00
2025-06-15,2025-07-14,Etago,179.13,165.08,149.14,2026-08-21 14:57:46.781098+00:00
2025-06-15,2025-07-14,Funyula,178.12,164.06,148.13,2026-08-21 14:57:46.781098+00:00
2025-06-15,2025-07-14,Garissa,182.98,168.57,152.59,2026-08-21 14:57:46.781098+00:00
2025-06-15,2025-07-14,Garsen,177.13,162.74,146.76,2026-08-21 14:57:46.781098+00:00
2025-06-15,2025-07-14,Gilgil,176.23,162.18,146.24,2026-08-21 14:57:46.781098+00:00
2025-06-15,2025-07-14,Habaswein,186.75,172.34,156.36,2026-08-21 14:57:46.781098+00:00
2025-06-15,2025-07-14,Hadado,186.47,172.06,156.09,2026-08-21 14:57:46.781098+00:00
2025-06-15,2025-07-14,Harambee,177.16,163.11,147.17,2026-08-21 14:57:46.781098+00:00
2025-06-15,2025-07-14,Hola,178.86,164.45,148.48,2026-08-21 14:57:46.781098+00:00
2025-06-15,2025-07-14,Homabay,178.25,164.19,148.26,2026-08-21 14:57:46.781098+00:00
2025-06-15,2025-07-14,Ikonge,177.61,163.56,147.62,2026-08-21 14:57:46.781098+00:00
2025-06-15,2025-07-14,Isebania,179.84,165.79,149.85,2026-08-21 14:57:46.781098+00:00
2025-06-15,2025-07-14,Isiolo,181.27,166.87,150.88,2026-08-21 14:57:46.781098+00:00
2025-06-15,2025-07-14,Iten,177.28,163.24,147.3,2026-08-21 14:57:46.781098+00:00
2025-06-15,2025-07-14,Kabarnet,177.99,163.93,148.0,2026-08-21 14:57:46.781098+00:00
2025-06-15,2025-07-14,Kabartonjo,178.27,164.21,148.28,2026-08-21 14:57:46.781098+00:00
2025-06-15,2025-07-14,Kabiyet,177.11,163.05,147.11,2026-08-21 14:57:46.781098+00:00
2025-06-15,2025-07-14,Kacheliba,179.06,165.01,149.07,2026-08-21 14:57:46.781098+00:00
2025-06-15,2025-07-14,Kachibora,177.65,163.6,147.66,2026-08-21 14:57:46.781098+00:00
2025-06-15,2025-07-14,Kaibichbich,178.48,164.43,148.49,2026-08-21 14:57:46.781098+00:00
2025-06-15,2025-07-14,Kaiboi,177.18,163.13,147.19,2026-08-21 14:57:46.781098+00:00
2025-06-15,2025-07-14,Kainuk,180.01,165.95,150.02,2026-08-21 14:57:46.781098+00:00
2025-06-15,2025-07-14,Kajiado,177.71,163.32,147.33,2026-08-21 14:57:46.781098+00:00
2025-06-15,2025-07-14,Kakamega,177.17,163.12,147.18,2026-08-21 14:57:46.781098+00:00
2025-06-15,2025-07-14,Kakuma,185.19,171.14,155.21,2026-08-21 14:57:46.781098+00:00
2025-06-15,2025-07-14,Kalacha,188.3,173.9,157.91,2026-08-21 14:57:46.781098+00:00
2025-06-15,2025-07-14,Kalemngorok,180.66,166.61,150.67,2026-08-21 14:57:46.781098+00:00
2025-06-15,2025-07-14,Kalokol,184.03,169.98,154.05,2026-08-21 14:57:46.781098+00:00
2025-06-15,2025-07-14,Kaloleni,174.05,159.65,143.68,2026-08-21 14:57:46.781098+00:00
2025-06-15,2025-07-14,Kapcherop,177.96,163.91,147.97,2026-08-21 14:57:46.781098+00:00
2025-06-15,2025-07-14,Kapedo,181.05,167.01,151.07,2026-08-21 14:57:46.781098+00:00
2025-06-15,2025-07-14,Kapenguria,178.5,164.45,148.51,2026-08-21 14:57:46.781098+00:00
2025-06-15,2025-07-14,Kapese,181.51,167.46,151.52,2026-08-21 14:57:46.781098+00:00
2025-06-15,2025-07-14,Kaplamai,177.69,163.63,147.69,2026-08-21 14:57:46.781098+00:00
2025-06-15,2025-07-14,Kapsabet,177.12,163.07,147.13,2026-08-21 14:57:46.781098+00:00
2025-06-15,2025-07-14,Kapsowar,177.82,163.76,147.82,2026-08-21 14:57:46.781098+00:00
2025-06-15,2025-07-14,Kaptarakwa,177.38,163.33,147.39,2026-08-21 14:57:46.781098+00:00
2025-06-15,2025-07-14,Kaspokwony,178.63,164.57,148.63,2026-08-21 14:57:46.781098+00:00
2025-06-15,2025-07-14,Kehancha,179.96,165.91,149.98,2026-08-21 14:57:46.781098+00:00
2025-06-15,2025-07-14,Kericho,177.82,163.76,147.82,2026-08-21 14:57:46.781098+00:00
2025-06-15,2025-07-14,Kerina,178.51,164.46,148.53,2026-08-21 14:57:46.781098+00:00
2025-06-15,2025-07-14,Keringet,178.11,164.05,148.11,2026-08-21 14:57:46.781098+00:00
2025-06-15,2025-07-14,Keroka,178.35,164.3,148.36,2026-08-21 14:57:46.781098+00:00
2025-06-15,2025-07-14,Kerugoya,178.57,164.16,148.18,2026-08-21 14:57:46.781098+00:00
2025-06-15,2025-07-14,Kesses,177.28,163.24,147.3,2026-08-21 14:57:46.781098+00:00
2025-06-15,2025-07-14,Keumbu,178.42,164.37,148.43,2026-08-21 14:57:46.781098+00:00
2025-06-15,2025-07-14,Kibish,188.4,174.35,158.41,2026-08-21 14:57:46.781098+00:00
2025-06-15,2025-07-14,Kiganjo,179.0,164.6,148.62,2026-08-21 14:57:46.781098+00:00
2025-06-15,2025-07-14,Kilgoris,179.04,164.99,149.05,2026-08-21 14:57:46.781098+00:00
2025-06-15,2025-07-14,Kilifi,174.83,160.43,144.45,2026-08-21 14:57:46.781098+00:00
2025-06-15,2025-07-14,Kimilili,178.44,164.39,148.46,2026-08-21 14:57:46.781098+00:00
2025-06-15,2025-07-14,Kiminini,177.86,163.82,147.88,2026-08-21 14:57:46.781098+00:00
2025-06-15,2025-07-14,Kimwarer,177.54,163.49,147.55,2026-08-21 14:57:46.781098+00:00
2025-06-15,2025-07-14,Kiplombe,177.28,163.24,147.3,2026-08-21 14:57:46.781098+00:00
2025-06-15,2025-07-14,Kipsaraman,179.89,165.85,149.91,2026-08-21 14:57:46.781098+00:00
2025-06-15,2025-07-14,Kisii,178.34,164.28,148.34,2026-08-21 14:57:46.781098+00:00
2025-06-15,2025-07-14,Kisumu,177.28,163.23,147.3,2026-08-21 14:57:46.781098+00:00
2025-06-15,2025-07-14,Kitale,177.61,163.56,147.62,2026-08-21 14:57:46.781098+00:00
2025-06-15,2025-07-14,Kitui,179.28,164.87,148.89,2026-08-21 14:57:46.781098+00:00
2025-06-15,2025-07-14,Kiwawa,179.92,165.87,149.93,2026-08-21 14:57:46.781098+00:00
2025-06-15,2025-07-14,Kobujoi,177.76,163.71,147.77,2026-08-21 14:57:46.781098+00:00
2025-06-15,2025-07-14,Korr,185.53,171.12,155.14,2026-08-21 14:57:46.781098+00:00
2025-06-15,2025-07-14,Kunyao,179.44,165.39,149.45,2026-08-21 14:57:46.781098+00:00
2025-06-15,2025-07-14,Kwale,174.4,160.0,144.03,2026-08-21 14:57:46.781098+00:00
2025-06-15,2025-07-14,Kwanza,178.64,164.59,148.65,2026-08-21 14:57:46.781098+00:00
2025-06-15,2025-07-14,Laisamis,184.21,169.8,153.82,2026-08-21 14:57:46.781098+00:00
2025-06-15,2025-07-14,Lamu,178.45,164.06,148.09,2026-08-21 14:57:46.781098+00:00
2025-06-15,2025-07-14,Lamuria,179.67,165.27,149.28,2026-08-21 14:57:46.781098+00:00
2025-06-15,2025-07-14,Liboi,186.85,172.45,156.46,2026-08-21 14:57:46.781098+00:00
2025-06-15,2025-07-14,Likoni Mainland,174.4,160.0,144.03,2026-08-21 14:57:46.781098+00:00
2025-06-15,2025-07-14,Lodosoit,182.35,168.3,152.37,2026-08-21 14:57:46.781098+00:00
2025-06-15,2025-07-14,Lodwar,182.96,168.91,152.97,2026-08-21 14:57:46.781098+00:00
2025-06-15,2025-07-14,Loima,181.73,167.68,151.74,2026-08-21 14:57:46.781098+00:00
2025-06-15,2025-07-14,Lokichar,181.56,167.52,151.58,2026-08-21 14:57:46.781098+00:00
2025-06-15,2025-07-14,Lokichogio,186.86,172.81,156.87,2026-08-21 14:57:46.781098+00:00
2025-06-15,2025-07-14,Lokiriama,183.92,169.87,153.93,2026-08-21 14:57:46.781098+00:00
2025-06-15,2025-07-14,Lokitaung,188.07,174.02,158.08,2026-08-21 14:57:46.781098+00:00
2025-06-15,2025-07-14,Lokori,182.07,168.03,152.09,2026-08-21 14:57:46.781098+00:00
2025-06-15,2025-07-14,Lomut,181.05,167.01,151.07,2026-08-21 14:57:46.781098+00:00
2025-06-15,2025-07-14,Londiani,176.64,162.6,146.66,2026-08-21 14:57:46.781098+00:00
2025-06-15,2025-07-14,Loruk,179.72,165.66,149.73,2026-08-21 14:57:46.781098+00:00
2025-06-15,2025-07-14,Loyangalani,188.4,173.99,158.0,2026-08-21 14:57:46.781098+00:00
2025-06-15,2025-07-14,Lugari,178.15,164.1,148.17,2026-08-21 14:57:46.781098+00:00
2025-06-15,2025-07-14,Lungalunga,175.22,160.81,144.84,2026-08-21 14:57:46.781098+00:00
2025-06-15,2025-07-14,Machakos,177.46,163.06,147.08,2026-08-21 14:57:46.781098+00:00
2025-06-15,2025-07-14,Magenche,179.28,165.22,149.29,2026-08-21 14:57:46.781098+00:00
2025-06-15,2025-07-14,Mai Mahiu,177.29,162.9,146.91,2026-08-21 14:57:46.781098+00:00
2025-06-15,2025-07-14,Maikona,187.54,173.14,157.16,2026-08-21 14:57:46.781098+00:00
2025-06-15,2025-07-14,Makuyu,177.54,163.13,147.15,2026-08-21 14:57:46.781098+00:00
2025-06-15,2025-07-14,Malaba,178.73,164.69,148.75,2026-08-21 14:57:46.781098+00:00
2025-06-15,2025-07-14,Malava,177.61,163.56,147.62,2026-08-21 14:57:46.781098+00:00
2025-06-15,2025-07-14,Malindi,175.12,160.72,144.74,2026-08-21 14:57:46.781098+00:00
2025-06-15,2025-07-14,Mandera,195.41,181.01,165.02,2026-08-21 14:57:46.781098+00:00
2025-06-15,2025-07-14,Maralal,179.51,165.46,149.52,2026-08-21 14:57:46.781098+00:00
2025-06-15,2025-07-14,Marani,178.0,163.95,148.02,2026-08-21 14:57:46.781098+00:00
2025-06-15,2025-07-14,Marereni,176.04,161.65,145.67,2026-08-21 14:57:46.781098+00:00
2025-06-15,2025-07-14,Marich,179.23,165.17,149.23,2026-08-21 14:57:46.781098+00:00
2025-06-15,2025-07-14,Marigat,177.3,163.25,147.31,2026-08-21 14:57:46.781098+00:00
2025-06-15,2025-07-14,Marimanti,180.36,165.96,149.98,2026-08-21 14:57:46.781098+00:00
2025-06-15,2025-07-14,Marsabit,188.14,173.73,157.75,2026-08-21 14:57:46.781098+00:00
2025-06-15,2025-07-14,Matunda,177.09,163.04,147.1,2026-08-21 14:57:46.781098+00:00
2025-06-15,2025-07-14,Matuu,178.38,163.98,147.99,2026-08-21 14:57:46.781098+00:00
2025-06-15,2025-07-14,Maua,182.11,167.7,151.72,2026-08-21 14:57:46.781098+00:00
2025-06-15,2025-07-14,Mbale,177.28,163.23,147.3,2026-08-21 14:57:46.781098+00:00
2025-06-15,2025-07-14,Mbita,178.22,164.17,148.24,2026-08-21 14:57:46.781098+00:00
2025-06-15,2025-07-14,Merille,183.79,169.38,153.4,2026-08-21 14:57:46.781098+00:00
2025-06-15,2025-07-14,Merti,184.63,170.22,154.23,2026-08-21 14:57:46.781098+00:00
2025-06-15,2025-07-14,Meru,181.47,167.06,151.08,2026-08-21 14:57:46.781098+00:00
2025-06-15,2025-07-14,Migori,179.44,165.38,149.45,2026-08-21 14:57:46.781098+00:00
2025-06-15,2025-07-14,Minjila,177.0,162.61,146.64,2026-08-21 14:57:46.781098+00:00
2025-06-15,2025-07-14,Modogashe,186.95,172.54,156.55,2026-08-21 14:57:46.781098+00:00
2025-06-15,2025-07-14,Mogotio,176.21,162.16,146.22,2026-08-21 14:57:46.781098+00:00
2025-06-15,2025-07-14,Moi's Bridge,177.19,163.14,147.2,2026-08-21 14:57:46.781098+00:00
2025-06-15,2025-07-14,Moiben,177.12,163.07,147.13,2026-08-21 14:57:46.781098+00:00
2025-06-15,2025-07-14,Molo,176.33,162.28,146.35,2026-08-21 14:57:46.781098+00:00
2025-06-15,2025-07-14,Mombasa,174.01,159.62,143.64,2026-08-21 14:57:46.781098+00:00
2025-06-15,2025-07-14,Morpus,178.72,164.66,148.73,2026-08-21 14:57:46.781098+00:00
2025-06-15,2025-07-14,Moyale,190.36,175.95,159.96,2026-08-21 14:57:46.781098+00:00
2025-06-15,2025-07-14,Mpeketoni,178.45,164.06,148.09,2026-08-21 14:57:46.781098+00:00
2025-06-15,2025-07-14,Mtito Andei,180.54,166.14,150.15,2026-08-21 14:57:46.781098+00:00
2025-06-15,2025-07-14,Muhoroni,177.42,163.36,147.44,2026-08-21 14:57:46.781098+00:00
2025-06-15,2025-07-14,Muhuru Bay,179.64,165.59,149.65,2026-08-21 14:57:46.781098+00:00
2025-06-15,2025-07-14,Mumias,177.55,163.5,147.56,2026-08-21 14:57:46.781098+00:00
2025-06-15,2025-07-14,Muranga,177.86,163.46,147.47,2026-08-21 14:57:46.781098+00:00
2025-06-15,2025-07-14,Mutuobare,179.44,165.03,149.05,2026-08-21 14:57:46.781098+00:00
2025-06-15,2025-07-14,Mwatate,176.38,161.97,146.0,2026-08-21 14:57:46.781098+00:00
2025-06-15,2025-07-14,Mwingi,179.82,165.42,149.43,2026-08-21 14:57:46.781098+00:00
2025-06-15,2025-07-14,Naiberi,177.28,163.24,147.3,2026-08-21 14:57:46.781098+00:00
2025-06-15,2025-07-14,Nairobi,177.32,162.91,146.93,2026-08-21 14:57:46.781098+00:00
2025-06-15,2025-07-14,Naivasha,176.74,162.69,146.75,2026-08-21 14:57:46.781098+00:00
2025-06-15,2025-07-14,Nakalale,186.75,172.7,156.76,2026-08-21 14:57:46.781098+00:00
2025-06-15,2025-07-14,Nakuru,176.47,162.41,146.47,2026-08-21 14:57:46.781098+00:00
2025-06-15,2025-07-14,Namanga,179.29,164.89,148.91,2026-08-21 14:57:46.781098+00:00
2025-06-15,2025-07-14,Nambale,178.32,164.27,148.33,2026-08-21 14:57:46.781098+00:00
2025-06-15,2025-07-14,Nandi Hills,177.38,163.33,147.39,2026-08-21 14:57:46.781098+00:00
2025-06-15,2025-07-14,Nanyuki,179.84,165.43,149.45,2026-08-21 14:57:46.781098+00:00
2025-06-15,2025-07-14,Narok,179.07,164.67,148.69,2026-08-21 14:57:46.781098+00:00
2025-06-15,2025-07-14,Ndhiwa,178.71,164.66,148.72,2026-08-21 14:57:46.781098+00:00
2025-06-15,2025-07-14,Nkubu,181.19,166.8,150.81,2026-08-21 14:57:46.781098+00:00
2025-06-15,2025-07-14,North Horr,189.49,175.08,159.09,2026-08-21 14:57:46.781098+00:00
2025-06-15,2025-07-14,Ntimaru,180.4,166.34,150.42,2026-08-21 14:57:46.781098+00:00
2025-06-15,2025-07-14,Nyahururu,176.63,162.57,146.64,2026-08-21 14:57:46.781098+00:00
2025-06-15,2025-07-14,Nyamira,177.9,163.85,147.91,2026-08-21 14:57:46.781098+00:00
2025-06-15,2025-07-14,Nyangusu,178.92,164.86,148.92,2026-08-21 14:57:46.781098+00:00
2025-06-15,2025-07-14,Nyansiongo,178.17,164.12,148.18,2026-08-21 14:57:46.781098+00:00
2025-06-15,2025-07-14,Nyeri,179.06,164.65,148.67,2026-08-21 14:57:46.781098+00:00
2025-06-15,2025-07-14,O'lessos,177.19,163.14,147.2,2026-08-21 14:57:46.781098+00:00
2025-06-15,2025-07-14,Ogembo,178.55,164.5,148.56,2026-08-21 14:57:46.781098+00:00
2025-06-15,2025-07-14,Oldonyiro,180.44,166.08,150.05,2026-08-21 14:57:46.781098+00:00
2025-06-15,2025-07-14,Olenguruone,177.32,163.27,147.33,2026-08-21 14:57:46.781098+00:00
2025-06-15,2025-07-14,Orolwo,178.92,164.87,148.93,2026-08-21 14:57:46.781098+00:00
2025-06-15,2025-07-14,Ortum,179.34,165.29,149.35,2026-08-21 14:57:46.781098+00:00
2025-06-15,2025-07-14,Oyugis,177.92,163.86,147.93,2026-08-21 14:57:46.781098+00:00
2025-06-15,2025-07-14,Port Bunyala,178.37,164.31,148.38,2026-08-21 14:57:46.781098+00:00
2025-06-15,2025-07-14,Rangwe,178.32,164.27,148.33,2026-08-21 14:57:46.781098+00:00
2025-06-15,2025-07-14,Rodi Kopany,178.34,164.28,148.34,2026-08-21 14:57:46.781098+00:00
2025-06-15,2025-07-14,Rongo,178.68,164.63,148.69,2026-08-21 14:57:46.781098+00:00
2025-06-15,2025-07-14,Rumuruti,177.39,163.34,147.4,2026-08-21 14:57:46.781098+00:00
2025-06-15,2025-07-14,Saboti,177.9,163.85,147.91,2026-08-21 14:57:46.781098+00:00
2025-06-15,2025-07-14,Sagana,178.16,163.77,147.78,2026-08-21 14:57:46.781098+00:00
2025-06-15,2025-07-14,Sambalat,178.92,164.87,148.93,2026-08-21 14:57:46.781098+00:00
2025-06-15,2025-07-14,Samburu,174.25,159.85,143.87,2026-08-21 14:57:46.781098+00:00
2025-06-15,2025-07-14,Sebit,178.85,164.79,148.86,2026-08-21 14:57:46.781098+00:00
2025-06-15,2025-07-14,Sengera,178.8,164.75,148.82,2026-08-21 14:57:46.781098+00:00
2025-06-15,2025-07-14,Serem,177.86,163.82,147.88,2026-08-21 14:57:46.781098+00:00
2025-06-15,2025-07-14,Siaya,177.56,163.51,147.58,2026-08-21 14:57:46.781098+00:00
2025-06-15,2025-07-14,Sigor,179.56,165.5,149.56,2026-08-21 14:57:46.781098+00:00
2025-06-15,2025-07-14,Sindo,178.34,164.28,148.34,2026-08-21 14:57:46.781098+00:00
2025-06-15,2025-07-14,SioPort,178.29,164.24,148.31,2026-08-21 14:57:46.781098+00:00
2025-06-15,2025-07-14,Sipili,180.89,166.48,150.5,2026-08-21 14:57:46.781098+00:00
2025-06-15,2025-07-14,Sololo,189.03,174.63,158.64,2026-08-21 14:57:46.781098+00:00
2025-06-15,2025-07-14,Sondu,177.24,163.19,147.25,2026-08-21 14:57:46.781098+00:00
2025-06-15,2025-07-14,Songor,178.47,164.41,148.48,2026-08-21 14:57:46.781098+00:00
2025-06-15,2025-07-14,Sotik,178.09,164.05,148.11,2026-08-21 14:57:46.781098+00:00
2025-06-15,2025-07-14,Soy,177.11,163.05,147.11,2026-08-21 14:57:46.781098+00:00
2025-06-15,2025-07-14,Tambach,177.16,163.11,147.17,2026-08-21 14:57:46.781098+00:00
2025-06-15,2025-07-14,Tarbaj,189.9,175.5,159.51,2026-08-21 14:57:46.781098+00:00
2025-06-15,2025-07-14,Taru,174.51,160.1,144.13,2026-08-21 14:57:46.781098+00:00
2025-06-15,2025-07-14,Taveta,177.87,163.48,147.51,2026-08-21 14:57:46.781098+00:00
2025-06-15,2025-07-14,Tenges,178.47,164.41,148.48,2026-08-21 14:57:46.781098+00:00
2025-06-15,2025-07-14,Thika,177.13,162.74,146.75,2026-08-21 14:57:46.781098+00:00
2025-06-15,2025-07-14,Timboroa,177.43,163.38,147.45,2026-08-21 14:57:46.781098+00:00
2025-06-15,2025-07-14,Tindiret,178.35,164.3,148.36,2026-08-21 14:57:46.781098+00:00
2025-06-15,2025-07-14,Tot,178.72,164.66,148.73,2026-08-21 14:57:46.781098+00:00
2025-06-15,2025-07-14,Turbi,188.12,173.72,157.74,2026-08-21 14:57:46.781098+00:00
2025-06-15,2025-07-14,Turbo,177.03,162.98,147.04,2026-08-21 14:57:46.781098+00:00
2025-06-15,2025-07-14,Ugunja,177.7,163.64,147.71,2026-08-21 14:57:46.781098+00:00
2025-06-15,2025-07-14,Usenge,177.88,163.83,147.89,2026-08-21 14:57:46.781098+00:00
2025-06-15,2025-07-14,Voi,175.9,161.51,145.52,2026-08-21 14:57:46.781098+00:00
2025-06-15,2025-07-14,Wajir,190.11,175.72,159.73,2026-08-21 14:57:46.781098+00:00
2025-06-15,2025-07-14,Wamba,180.69,166.63,150.71,2026-08-21 14:57:46.781098+00:00
2025-06-15,2025-07-14,Webuye,177.7,163.65,147.71,2026-08-21 14:57:46.781098+00:00
2025-06-15,2025-07-14,Wundanji,176.61,162.21,146.23,2026-08-21 14:57:46.781098+00:00
2025-06-15,2025-07-14,Ziwa,177.38,163.33,147.39,2026-08-21 14:57:46.781098+00:00
2025-07-15,2025-08-14,Ahero,186.15,171.78,156.83,2026-08-21 14:57:46.781098+00:00
2025-07-15,2025-08-14,Alale,189.25,174.89,159.94,2026-08-21 14:57:46.781098+00:00
2025-07-15,2025-08-14,Archers Post,190.56,176.2,161.24,2026-08-21 14:57:46.781098+00:00
2025-07-15,2025-08-14,Arror,187.42,173.06,158.11,2026-08-21 14:57:46.781098+00:00
2025-07-15,2025-08-14,Asembo,185.91,171.56,156.6,2026-08-21 14:57:46.781098+00:00
2025-07-15,2025-08-14,Asilong,187.96,173.59,158.64,2026-08-21 14:57:46.781098+00:00
2025-07-15,2025-08-14,Awasi,185.72,171.36,156.4,2026-08-21 14:57:46.781098+00:00
2025-07-15,2025-08-14,Barwessa,187.67,173.3,158.35,2026-08-21 14:57:46.781098+00:00
2025-07-15,2025-08-14,Bomet,187.71,173.35,158.39,2026-08-21 14:57:46.781098+00:00
2025-07-15,2025-08-14,Bondo,186.15,171.78,156.83,2026-08-21 14:57:46.781098+00:00
2025-07-15,2025-08-14,Bungoma,187.11,172.75,157.79,2026-08-21 14:57:46.781098+00:00
2025-07-15,2025-08-14,Burgich,188.58,174.22,159.27,2026-08-21 14:57:46.781098+00:00
2025-07-15,2025-08-14,Burnt Forest,185.7,171.34,156.38,2026-08-21 14:57:46.781098+00:00
2025-07-15,2025-08-14,Busia,187.28,172.92,157.97,2026-08-21 14:57:46.781098+00:00
2025-07-15,2025-08-14,Bute,199.89,185.17,170.17,2026-08-21 14:57:46.781098+00:00
2025-07-15,2025-08-14,Chebara,186.46,172.1,157.14,2026-08-21 14:57:46.781098+00:00
2025-07-15,2025-08-14,Chepareria,187.87,173.51,158.55,2026-08-21 14:57:46.781098+00:00
2025-07-15,2025-08-14,Chepkorniswo,187.58,173.22,158.26,2026-08-21 14:57:46.781098+00:00
2025-07-15,2025-08-14,Cheptulu,186.53,172.17,157.2,2026-08-21 14:57:46.781098+00:00
2025-07-15,2025-08-14,Chuka,188.76,174.03,159.03,2026-08-21 14:57:46.781098+00:00
2025-07-15,2025-08-14,Chwele,187.57,173.21,158.26,2026-08-21 14:57:46.781098+00:00
2025-07-15,2025-08-14,Dadaab,195.53,180.81,165.81,2026-08-21 14:57:46.781098+00:00
2025-07-15,2025-08-14,Doldo,190.59,175.87,160.87,2026-08-21 14:57:46.781098+00:00
2025-07-15,2025-08-14,Eldama Ravine,187.22,172.86,157.9,2026-08-21 14:57:46.781098+00:00
2025-07-15,2025-08-14,Eldas,205.02,190.3,175.29,2026-08-21 14:57:46.781098+00:00
2025-07-15,2025-08-14,Eldoret,186.16,171.8,156.83,2026-08-21 14:57:46.781098+00:00
2025-07-15,2025-08-14,Elwak,204.46,189.73,174.73,2026-08-21 14:57:46.781098+00:00
2025-07-15,2025-08-14,Embu,187.84,173.12,158.11,2026-08-21 14:57:46.781098+00:00
2025-07-15,2025-08-14,Endebes,187.33,172.97,158.01,2026-08-21 14:57:46.781098+00:00
2025-07-15,2025-08-14,Etago,188.29,173.93,158.97,2026-08-21 14:57:46.781098+00:00
2025-07-15,2025-08-14,Funyula,187.04,172.68,157.71,2026-08-21 14:57:46.781098+00:00
2025-07-15,2025-08-14,Garissa,193.14,178.42,163.41,2026-08-21 14:57:46.781098+00:00
2025-07-15,2025-08-14,Garsen,186.73,172.01,157.01,2026-08-21 14:57:46.781098+00:00
2025-07-15,2025-08-14,Gilgil,184.9,170.54,155.58,2026-08-21 14:57:46.781098+00:00
2025-07-15,2025-08-14,Habaswein,197.79,183.07,168.06,2026-08-21 14:57:46.781098+00:00
2025-07-15,2025-08-14,Hadado,197.46,182.73,167.73,2026-08-21 14:57:46.781098+00:00
2025-07-15,2025-08-14,Harambee,185.85,171.49,156.53,2026-08-21 14:57:46.781098+00:00
2025-07-15,2025-08-14,Hola,188.85,174.13,159.13,2026-08-21 14:57:46.781098+00:00
2025-07-15,2025-08-14,Homabay,187.19,172.83,157.88,2026-08-21 14:57:46.781098+00:00
2025-07-15,2025-08-14,Ikonge,186.41,172.05,157.09,2026-08-21 14:57:46.781098+00:00
2025-07-15,2025-08-14,Isebania,189.16,174.8,159.84,2026-08-21 14:57:46.781098+00:00
2025-07-15,2025-08-14,Isiolo,191.04,176.32,161.31,2026-08-21 14:57:46.781098+00:00
2025-07-15,2025-08-14,Iten,186.16,171.8,156.83,2026-08-21 14:57:46.781098+00:00
2025-07-15,2025-08-14,Kabarnet,187.07,172.71,157.75,2026-08-21 14:57:46.781098+00:00
2025-07-15,2025-08-14,Kabartonjo,187.22,172.86,157.9,2026-08-21 14:57:46.781098+00:00
2025-07-15,2025-08-14,Kabiyet,185.79,171.43,156.47,2026-08-21 14:57:46.781098+00:00
2025-07-15,2025-08-14,Kacheliba,188.21,173.85,158.89,2026-08-21 14:57:46.781098+00:00
2025-07-15,2025-08-14,Kachibora,186.46,172.1,157.14,2026-08-21 14:57:46.781098+00:00
2025-07-15,2025-08-14,Kaibichbich,187.49,173.13,158.17,2026-08-21 14:57:46.781098+00:00
2025-07-15,2025-08-14,Kaiboi,185.88,171.52,156.55,2026-08-21 14:57:46.781098+00:00
2025-07-15,2025-08-14,Kainuk,189.37,175.01,160.05,2026-08-21 14:57:46.781098+00:00
2025-07-15,2025-08-14,Kajiado,186.66,171.93,156.93,2026-08-21 14:57:46.781098+00:00
2025-07-15,2025-08-14,Kakamega,185.87,171.51,156.55,2026-08-21 14:57:46.781098+00:00
2025-07-15,2025-08-14,Kakuma,195.76,181.4,166.45,2026-08-21 14:57:46.781098+00:00
2025-07-15,2025-08-14,Kalacha,199.72,185.0,169.99,2026-08-21 14:57:46.781098+00:00
2025-07-15,2025-08-14,Kalemngorok,190.17,175.81,160.86,2026-08-21 14:57:46.781098+00:00
2025-07-15,2025-08-14,Kalokol,194.33,179.97,165.01,2026-08-21 14:57:46.781098+00:00
2025-07-15,2025-08-14,Kaloleni,182.92,168.2,153.2,2026-08-21 14:57:46.781098+00:00
2025-07-15,2025-08-14,Kapcherop,186.84,172.48,157.52,2026-08-21 14:57:46.781098+00:00
2025-07-15,2025-08-14,Kapedo,190.67,176.31,161.34,2026-08-21 14:57:46.781098+00:00
2025-07-15,2025-08-14,Kapenguria,187.51,173.15,158.19,2026-08-21 14:57:46.781098+00:00
2025-07-15,2025-08-14,Kapese,191.23,176.87,161.9,2026-08-21 14:57:46.781098+00:00
2025-07-15,2025-08-14,Kaplamai,186.5,172.14,157.18,2026-08-21 14:57:46.781098+00:00
2025-07-15,2025-08-14,Kapsabet,185.81,171.45,156.5,2026-08-21 14:57:46.781098+00:00
2025-07-15,2025-08-14,Kapsowar,186.66,172.31,157.34,2026-08-21 14:57:46.781098+00:00
2025-07-15,2025-08-14,Kaptarakwa,186.12,171.76,156.81,2026-08-21 14:57:46.781098+00:00
2025-07-15,2025-08-14,Kaspokwony,187.66,173.3,158.34,2026-08-21 14:57:46.781098+00:00
2025-07-15,2025-08-14,Kehancha,189.32,174.96,160.0,2026-08-21 14:57:46.781098+00:00
2025-07-15,2025-08-14,Kericho,186.66,172.31,157.34,2026-08-21 14:57:46.781098+00:00
2025-07-15,2025-08-14,Kerina,187.53,173.17,158.21,2026-08-21 14:57:46.781098+00:00
2025-07-15,2025-08-14,Keringet,187.02,172.66,157.7,2026-08-21 14:57:46.781098+00:00
2025-07-15,2025-08-14,Keroka,187.33,172.97,158.0,2026-08-21 14:57:46.781098+00:00
2025-07-15,2025-08-14,Kerugoya,187.71,172.98,157.98,2026-08-21 14:57:46.781098+00:00
2025-07-15,2025-08-14,Kesses,186.16,171.8,156.83,2026-08-21 14:57:46.781098+00:00
2025-07-15,2025-08-14,Keumbu,187.42,173.06,158.1,2026-08-21 14:57:46.781098+00:00
2025-07-15,2025-08-14,Kibish,199.72,185.37,170.4,2026-08-21 14:57:46.781098+00:00
2025-07-15,2025-08-14,Kiganjo,188.24,173.52,158.51,2026-08-21 14:57:46.781098+00:00
2025-07-15,2025-08-14,Kilgoris,188.18,173.81,158.86,2026-08-21 14:57:46.781098+00:00
2025-07-15,2025-08-14,Kilifi,183.88,169.16,154.16,2026-08-21 14:57:46.781098+00:00
2025-07-15,2025-08-14,Kimilili,187.44,173.08,158.12,2026-08-21 14:57:46.781098+00:00
2025-07-15,2025-08-14,Kiminini,186.73,172.37,157.41,2026-08-21 14:57:46.781098+00:00
2025-07-15,2025-08-14,Kimwarer,186.33,171.97,157.01,2026-08-21 14:57:46.781098+00:00
2025-07-15,2025-08-14,Kiplombe,186.16,171.8,156.83,2026-08-21 14:57:46.781098+00:00
2025-07-15,2025-08-14,Kipsaraman,189.23,174.87,159.92,2026-08-21 14:57:46.781098+00:00
2025-07-15,2025-08-14,Kisii,187.31,172.94,157.98,2026-08-21 14:57:46.781098+00:00
2025-07-15,2025-08-14,Kisumu,186.15,171.78,156.83,2026-08-21 14:57:46.781098+00:00
2025-07-15,2025-08-14,Kitale,186.41,172.05,157.1,2026-08-21 14:57:46.781098+00:00
2025-07-15,2025-08-14,Kitui,188.58,173.86,158.85,2026-08-21 14:57:46.781098+00:00
2025-07-15,2025-08-14,Kiwawa,189.25,174.89,159.94,2026-08-21 14:57:46.781098+00:00
2025-07-15,2025-08-14,Kobujoi,186.6,172.24,157.27,2026-08-21 14:57:46.781098+00:00
2025-07-15,2025-08-14,Korr,196.3,181.57,166.56,2026-08-21 14:57:46.781098+00:00
2025-07-15,2025-08-14,Kunyao,188.67,174.31,159.35,2026-08-21 14:57:46.781098+00:00
2025-07-15,2025-08-14,Kwale,183.41,168.69,153.68,2026-08-21 14:57:46.781098+00:00
2025-07-15,2025-08-14,Kwanza,187.69,173.33,158.37,2026-08-21 14:57:46.781098+00:00
2025-07-15,2025-08-14,Laisamis,194.66,179.94,164.93,2026-08-21 14:57:46.781098+00:00
2025-07-15,2025-08-14,Lamu,188.36,173.64,158.64,2026-08-21 14:57:46.781098+00:00
2025-07-15,2025-08-14,Lamuria,189.07,174.35,159.34,2026-08-21 14:57:46.781098+00:00
2025-07-15,2025-08-14,Liboi,197.93,183.2,168.2,2026-08-21 14:57:46.781098+00:00
2025-07-15,2025-08-14,Likoni Mainland,183.41,168.69,153.68,2026-08-21 14:57:46.781098+00:00
2025-07-15,2025-08-14,Lodosoit,192.46,178.11,163.14,2026-08-21 14:57:46.781098+00:00
2025-07-15,2025-08-14,Lodwar,193.01,178.65,163.7,2026-08-21 14:57:46.781098+00:00
2025-07-15,2025-08-14,Loima,191.49,177.13,162.17,2026-08-21 14:57:46.781098+00:00
2025-07-15,2025-08-14,Lokichar,191.29,176.93,161.97,2026-08-21 14:57:46.781098+00:00
2025-07-15,2025-08-14,Lokichogio,197.83,183.47,168.5,2026-08-21 14:57:46.781098+00:00
2025-07-15,2025-08-14,Lokiriama,194.2,179.84,164.88,2026-08-21 14:57:46.781098+00:00
2025-07-15,2025-08-14,Lokitaung,199.32,184.96,170.0,2026-08-21 14:57:46.781098+00:00
2025-07-15,2025-08-14,Lokori,191.92,177.56,162.6,2026-08-21 14:57:46.781098+00:00
2025-07-15,2025-08-14,Lomut,190.67,176.31,161.34,2026-08-21 14:57:46.781098+00:00
2025-07-15,2025-08-14,Londiani,185.41,171.05,156.09,2026-08-21 14:57:46.781098+00:00
2025-07-15,2025-08-14,Loruk,189.01,174.65,159.69,2026-08-21 14:57:46.781098+00:00
2025-07-15,2025-08-14,Loyangalani,199.83,185.1,170.1,2026-08-21 14:57:46.781098+00:00
2025-07-15,2025-08-14,Lugari,187.08,172.72,157.76,2026-08-21 14:57:46.781098+00:00
2025-07-15,2025-08-14,Lungalunga,184.27,169.55,154.55,2026-08-21 14:57:46.781098+00:00
2025-07-15,2025-08-14,Machakos,186.34,171.62,156.61,2026-08-21 14:57:46.781098+00:00
2025-07-15,2025-08-14,Magenche,188.47,174.1,159.15,2026-08-21 14:57:46.781098+00:00
2025-07-15,2025-08-14,Mai Mahiu,186.14,171.41,156.41,2026-08-21 14:57:46.781098+00:00
2025-07-15,2025-08-14,Maikona,198.78,184.06,169.05,2026-08-21 14:57:46.781098+00:00
2025-07-15,2025-08-14,Makuyu,186.43,171.7,156.7,2026-08-21 14:57:46.781098+00:00
2025-07-15,2025-08-14,Malaba,187.8,173.44,158.48,2026-08-21 14:57:46.781098+00:00
2025-07-15,2025-08-14,Malava,186.41,172.05,157.09,2026-08-21 14:57:46.781098+00:00
2025-07-15,2025-08-14,Malindi,184.24,169.52,154.52,2026-08-21 14:57:46.781098+00:00
2025-07-15,2025-08-14,Mandera,208.49,193.76,178.76,2026-08-21 14:57:46.781098+00:00
2025-07-15,2025-08-14,Maralal,188.95,174.59,159.63,2026-08-21 14:57:46.781098+00:00
2025-07-15,2025-08-14,Marani,186.9,172.54,157.59,2026-08-21 14:57:46.781098+00:00
2025-07-15,2025-08-14,Marereni,185.39,170.67,155.66,2026-08-21 14:57:46.781098+00:00
2025-07-15,2025-08-14,Marich,188.41,174.05,159.08,2026-08-21 14:57:46.781098+00:00
2025-07-15,2025-08-14,Marigat,186.22,171.86,156.9,2026-08-21 14:57:46.781098+00:00
2025-07-15,2025-08-14,Marimanti,189.93,175.2,160.2,2026-08-21 14:57:46.781098+00:00
2025-07-15,2025-08-14,Marsabit,199.52,184.79,169.79,2026-08-21 14:57:46.781098+00:00
2025-07-15,2025-08-14,Matunda,185.76,171.4,156.45,2026-08-21 14:57:46.781098+00:00
2025-07-15,2025-08-14,Matuu,187.48,172.76,157.76,2026-08-21 14:57:46.781098+00:00
2025-07-15,2025-08-14,Maua,192.07,177.34,162.34,2026-08-21 14:57:46.781098+00:00
2025-07-15,2025-08-14,Mbale,186.15,171.78,156.83,2026-08-21 14:57:46.781098+00:00
2025-07-15,2025-08-14,Mbita,187.17,172.82,157.85,2026-08-21 14:57:46.781098+00:00
2025-07-15,2025-08-14,Merille,194.15,179.43,164.42,2026-08-21 14:57:46.781098+00:00
2025-07-15,2025-08-14,Merti,195.18,180.45,165.45,2026-08-21 14:57:46.781098+00:00
2025-07-15,2025-08-14,Meru,191.28,176.56,161.55,2026-08-21 14:57:46.781098+00:00
2025-07-15,2025-08-14,Migori,188.67,174.31,159.35,2026-08-21 14:57:46.781098+00:00
2025-07-15,2025-08-14,Minjila,186.57,171.85,156.85,2026-08-21 14:57:46.781098+00:00
2025-07-15,2025-08-14,Modogashe,198.04,183.31,168.32,2026-08-21 14:57:46.781098+00:00
2025-07-15,2025-08-14,Mogotio,184.88,170.52,155.56,2026-08-21 14:57:46.781098+00:00
2025-07-15,2025-08-14,Moi's Bridge,185.9,171.54,156.58,2026-08-21 14:57:46.781098+00:00
2025-07-15,2025-08-14,Moiben,185.81,171.45,156.5,2026-08-21 14:57:46.781098+00:00
2025-07-15,2025-08-14,Molo,185.03,170.67,155.71,2026-08-21 14:57:46.781098+00:00
2025-07-15,2025-08-14,Mombasa,183.02,168.3,153.29,2026-08-21 14:57:46.781098+00:00
2025-07-15,2025-08-14,Morpus,187.78,173.42,158.46,2026-08-21 14:57:46.781098+00:00
2025-07-15,2025-08-14,Moyale,202.25,187.52,172.52,2026-08-21 14:57:46.781098+00:00
2025-07-15,2025-08-14,Mpeketoni,188.36,173.64,158.64,2026-08-21 14:57:46.781098+00:00
2025-07-15,2025-08-14,Mtito Andei,190.15,175.42,160.42,2026-08-21 14:57:46.781098+00:00
2025-07-15,2025-08-14,Muhoroni,186.18,171.82,156.86,2026-08-21 14:57:46.781098+00:00
2025-07-15,2025-08-14,Muhuru Bay,188.92,174.56,159.59,2026-08-21 14:57:46.781098+00:00
2025-07-15,2025-08-14,Mumias,186.34,171.98,157.03,2026-08-21 14:57:46.781098+00:00
2025-07-15,2025-08-14,Muranga,186.83,172.11,157.11,2026-08-21 14:57:46.781098+00:00
2025-07-15,2025-08-14,Mutuobare,188.78,174.06,159.05,2026-08-21 14:57:46.781098+00:00
2025-07-15,2025-08-14,Mwatate,185.79,171.07,156.07,2026-08-21 14:57:46.781098+00:00
2025-07-15,2025-08-14,Mwingi,189.25,174.52,159.52,2026-08-21 14:57:46.781098+00:00
2025-07-15,2025-08-14,Naiberi,186.16,171.8,156.83,2026-08-21 14:57:46.781098+00:00
2025-07-15,2025-08-14,Nairobi,186.31,171.58,156.58,2026-08-21 14:57:46.781098+00:00
2025-07-15,2025-08-14,Naivasha,185.53,171.17,156.21,2026-08-21 14:57:46.781098+00:00
2025-07-15,2025-08-14,Nakalale,197.69,183.33,168.36,2026-08-21 14:57:46.781098+00:00
2025-07-15,2025-08-14,Nakuru,185.33,170.97,156.01,2026-08-21 14:57:46.781098+00:00
2025-07-15,2025-08-14,Namanga,188.6,173.87,158.87,2026-08-21 14:57:46.781098+00:00
2025-07-15,2025-08-14,Nambale,187.28,172.92,157.97,2026-08-21 14:57:46.781098+00:00
2025-07-15,2025-08-14,Nandi Hills,186.12,171.76,156.81,2026-08-21 14:57:46.781098+00:00
2025-07-15,2025-08-14,Nanyuki,189.28,174.55,159.55,2026-08-21 14:57:46.781098+00:00
2025-07-15,2025-08-14,Narok,188.34,173.61,158.61,2026-08-21 14:57:46.781098+00:00
2025-07-15,2025-08-14,Ndhiwa,187.77,173.42,158.46,2026-08-21 14:57:46.781098+00:00
2025-07-15,2025-08-14,Nkubu,190.95,176.23,161.22,2026-08-21 14:57:46.781098+00:00
2025-07-15,2025-08-14,North Horr,201.17,186.45,171.44,2026-08-21 14:57:46.781098+00:00
2025-07-15,2025-08-14,Ntimaru,189.86,175.5,160.53,2026-08-21 14:57:46.781098+00:00
2025-07-15,2025-08-14,Nyahururu,185.39,171.03,156.08,2026-08-21 14:57:46.781098+00:00
2025-07-15,2025-08-14,Nyamira,186.77,172.41,157.45,2026-08-21 14:57:46.781098+00:00
2025-07-15,2025-08-14,Nyangusu,188.02,173.66,158.7,2026-08-21 14:57:46.781098+00:00
2025-07-15,2025-08-14,Nyansiongo,187.11,172.75,157.78,2026-08-21 14:57:46.781098+00:00
2025-07-15,2025-08-14,Nyeri,188.31,173.58,158.58,2026-08-21 14:57:46.781098+00:00
2025-07-15,2025-08-14,O'lessos,185.9,171.54,156.58,2026-08-21 14:57:46.781098+00:00
2025-07-15,2025-08-14,Ogembo,187.57,173.21,158.26,2026-08-21 14:57:46.781098+00:00
2025-07-15,2025-08-14,Oldonyiro,190.01,175.29,160.28,2026-08-21 14:57:46.781098+00:00
2025-07-15,2025-08-14,Olenguruone,186.24,171.89,156.92,2026-08-21 14:57:46.781098+00:00
2025-07-15,2025-08-14,Orolwo,188.02,173.66,158.71,2026-08-21 14:57:46.781098+00:00
2025-07-15,2025-08-14,Ortum,188.54,174.18,159.22,2026-08-21 14:57:46.781098+00:00
2025-07-15,2025-08-14,Oyugis,186.79,172.43,157.47,2026-08-21 14:57:46.781098+00:00
2025-07-15,2025-08-14,Port Bunyala,187.35,172.99,158.03,2026-08-21 14:57:46.781098+00:00
2025-07-15,2025-08-14,Rangwe,187.28,172.92,157.97,2026-08-21 14:57:46.781098+00:00
2025-07-15,2025-08-14,Rodi Kopany,187.31,172.94,157.98,2026-08-21 14:57:46.781098+00:00
2025-07-15,2025-08-14,Rongo,187.73,173.37,158.41,2026-08-21 14:57:46.781098+00:00
2025-07-15,2025-08-14,Rumuruti,186.33,171.97,157.02,2026-08-21 14:57:46.781098+00:00
2025-07-15,2025-08-14,Saboti,186.77,172.41,157.46,2026-08-21 14:57:46.781098+00:00
2025-07-15,2025-08-14,Sagana,187.21,172.49,157.48,2026-08-21 14:57:46.781098+00:00
2025-07-15,2025-08-14,Sambalat,188.02,173.66,158.71,2026-08-21 14:57:46.781098+00:00
2025-07-15,2025-08-14,Samburu,183.18,168.45,153.46,2026-08-21 14:57:46.781098+00:00
2025-07-15,2025-08-14,Sebit,187.93,173.57,158.62,2026-08-21 14:57:46.781098+00:00
2025-07-15,2025-08-14,Sengera,187.89,173.52,158.57,2026-08-21 14:57:46.781098+00:00
2025-07-15,2025-08-14,Serem,186.73,172.37,157.41,2026-08-21 14:57:46.781098+00:00
2025-07-15,2025-08-14,Siaya,186.35,171.99,157.04,2026-08-21 14:57:46.781098+00:00
2025-07-15,2025-08-14,Sigor,188.81,174.45,159.49,2026-08-21 14:57:46.781098+00:00
2025-07-15,2025-08-14,Sindo,187.31,172.94,157.98,2026-08-21 14:57:46.781098+00:00
2025-07-15,2025-08-14,SioPort,187.26,172.9,157.94,2026-08-21 14:57:46.781098+00:00
2025-07-15,2025-08-14,Sipili,190.57,175.84,160.84,2026-08-21 14:57:46.781098+00:00
2025-07-15,2025-08-14,Sololo,200.61,185.89,170.88,2026-08-21 14:57:46.781098+00:00
2025-07-15,2025-08-14,Sondu,185.96,171.6,156.64,2026-08-21 14:57:46.781098+00:00
2025-07-15,2025-08-14,Songor,187.47,173.11,158.14,2026-08-21 14:57:46.781098+00:00
2025-07-15,2025-08-14,Sotik,187.01,172.65,157.69,2026-08-21 14:57:46.781098+00:00
2025-07-15,2025-08-14,Soy,185.79,171.43,156.47,2026-08-21 14:57:46.781098+00:00
2025-07-15,2025-08-14,Tambach,185.86,171.49,156.54,2026-08-21 14:57:46.781098+00:00
2025-07-15,2025-08-14,Tarbaj,201.69,186.96,171.96,2026-08-21 14:57:46.781098+00:00
2025-07-15,2025-08-14,Taru,183.49,168.77,153.77,2026-08-21 14:57:46.781098+00:00
2025-07-15,2025-08-14,Taveta,187.64,172.92,157.92,2026-08-21 14:57:46.781098+00:00
2025-07-15,2025-08-14,Tenges,187.47,173.11,158.14,2026-08-21 14:57:46.781098+00:00
2025-07-15,2025-08-14,Thika,185.94,171.22,156.22,2026-08-21 14:57:46.781098+00:00
2025-07-15,2025-08-14,Timboroa,186.19,171.83,156.87,2026-08-21 14:57:46.781098+00:00
2025-07-15,2025-08-14,Tindiret,187.33,172.97,158.01,2026-08-21 14:57:46.781098+00:00
2025-07-15,2025-08-14,Tot,187.78,173.42,158.46,2026-08-21 14:57:46.781098+00:00
2025-07-15,2025-08-14,Turbi,199.5,184.77,169.77,2026-08-21 14:57:46.781098+00:00
2025-07-15,2025-08-14,Turbo,185.7,171.34,156.38,2026-08-21 14:57:46.781098+00:00
2025-07-15,2025-08-14,Ugunja,186.53,172.17,157.2,2026-08-21 14:57:46.781098+00:00
2025-07-15,2025-08-14,Usenge,186.75,172.39,157.42,2026-08-21 14:57:46.781098+00:00
2025-07-15,2025-08-14,Voi,185.21,170.49,155.49,2026-08-21 14:57:46.781098+00:00
2025-07-15,2025-08-14,Wajir,201.96,187.22,172.23,2026-08-21 14:57:46.781098+00:00
2025-07-15,2025-08-14,Wamba,190.4,176.04,161.08,2026-08-21 14:57:46.781098+00:00
2025-07-15,2025-08-14,Webuye,186.53,172.17,157.2,2026-08-21 14:57:46.781098+00:00
2025-07-15,2025-08-14,Wundanji,186.08,171.36,156.36,2026-08-21 14:57:46.781098+00:00
2025-07-15,2025-08-14,Ziwa,186.12,171.76,156.81,2026-08-21 14:57:46.781098+00:00
2025-08-15,2025-09-14,Ahero,185.16,171.78,155.83,2026-08-21 14:57:46.781098+00:00
2025-08-15,2025-09-14,Alale,188.27,174.89,158.94,2026-08-21 14:57:46.781098+00:00
2025-08-15,2025-09-14,Archers Post,189.58,176.2,160.24,2026-08-21 14:57:46.781098+00:00
2025-08-15,2025-09-14,Arror,186.44,173.06,157.11,2026-08-21 14:57:46.781098+00:00
2025-08-15,2025-09-14,Asembo,184.94,171.56,155.6,2026-08-21 14:57:46.781098+00:00
2025-08-15,2025-09-14,Asilong,186.97,173.59,157.64,2026-08-21 14:57:46.781098+00:00
2025-08-15,2025-09-14,Awasi,184.73,171.36,155.4,2026-08-21 14:57:46.781098+00:00
2025-08-15,2025-09-14,Barwessa,186.68,173.3,157.35,2026-08-21 14:57:46.781098+00:00
2025-08-15,2025-09-14,Bomet,186.72,173.35,157.39,2026-08-21 14:57:46.781098+00:00
2025-08-15,2025-09-14,Bondo,185.16,171.78,155.83,2026-08-21 14:57:46.781098+00:00
2025-08-15,2025-09-14,Bungoma,186.12,172.75,156.79,2026-08-21 14:57:46.781098+00:00
2025-08-15,2025-09-14,Burgich,187.6,174.22,158.27,2026-08-21 14:57:46.781098+00:00
2025-08-15,2025-09-14,Burnt Forest,184.72,171.34,155.38,2026-08-21 14:57:46.781098+00:00
2025-08-15,2025-09-14,Busia,186.3,172.92,156.97,2026-08-21 14:57:46.781098+00:00
2025-08-15,2025-09-14,Bute,198.91,185.17,169.17,2026-08-21 14:57:46.781098+00:00
2025-08-15,2025-09-14,Chebara,185.47,172.1,156.14,2026-08-21 14:57:46.781098+00:00
2025-08-15,2025-09-14,Chepareria,186.89,173.51,157.55,2026-08-21 14:57:46.781098+00:00
2025-08-15,2025-09-14,Chepkorniswo,186.6,173.22,157.26,2026-08-21 14:57:46.781098+00:00
2025-08-15,2025-09-14,Cheptulu,185.54,172.17,156.2,2026-08-21 14:57:46.781098+00:00
2025-08-15,2025-09-14,Chuka,187.77,174.03,158.03,2026-08-21 14:57:46.781098+00:00
2025-08-15,2025-09-14,Chwele,186.59,173.21,157.26,2026-08-21 14:57:46.781098+00:00
2025-08-15,2025-09-14,Dadaab,194.54,180.81,164.81,2026-08-21 14:57:46.781098+00:00
2025-08-15,2025-09-14,Doldo,189.6,175.87,159.87,2026-08-21 14:57:46.781098+00:00
2025-08-15,2025-09-14,Eldama Ravine,186.24,172.86,156.9,2026-08-21 14:57:46.781098+00:00
2025-08-15,2025-09-14,Eldas,204.03,190.3,174.29,2026-08-21 14:57:46.781098+00:00
2025-08-15,2025-09-14,Eldoret,185.17,171.8,155.83,2026-08-21 14:57:46.781098+00:00
2025-08-15,2025-09-14,Elwak,203.46,189.73,173.73,2026-08-21 14:57:46.781098+00:00
2025-08-15,2025-09-14,Embu,186.85,173.12,157.11,2026-08-21 14:57:46.781098+00:00
2025-08-15,2025-09-14,Endebes,186.34,172.97,157.01,2026-08-21 14:57:46.781098+00:00
2025-08-15,2025-09-14,Etago,187.31,173.93,157.97,2026-08-21 14:57:46.781098+00:00
2025-08-15,2025-09-14,Funyula,186.05,172.68,156.71,2026-08-21 14:57:46.781098+00:00
2025-08-15,2025-09-14,Garissa,192.15,178.42,162.41,2026-08-21 14:57:46.781098+00:00
2025-08-15,2025-09-14,Garsen,185.74,172.01,156.01,2026-08-21 14:57:46.781098+00:00
2025-08-15,2025-09-14,Gilgil,183.92,170.54,154.58,2026-08-21 14:57:46.781098+00:00
2025-08-15,2025-09-14,Habaswein,196.81,183.07,167.06,2026-08-21 14:57:46.781098+00:00
2025-08-15,2025-09-14,Hadado,196.47,182.73,166.73,2026-08-21 14:57:46.781098+00:00
2025-08-15,2025-09-14,Harambee,184.87,171.49,155.53,2026-08-21 14:57:46.781098+00:00
2025-08-15,2025-09-14,Hola,187.86,174.13,158.13,2026-08-21 14:57:46.781098+00:00
2025-08-15,2025-09-14,Homabay,186.2,172.83,156.88,2026-08-21 14:57:46.781098+00:00
2025-08-15,2025-09-14,Ikonge,185.43,172.05,156.09,2026-08-21 14:57:46.781098+00:00
2025-08-15,2025-09-14,Isebania,188.18,174.8,158.84,2026-08-21 14:57:46.781098+00:00
2025-08-15,2025-09-14,Isiolo,190.05,176.32,160.31,2026-08-21 14:57:46.781098+00:00
2025-08-15,2025-09-14,Iten,185.17,171.8,155.83,2026-08-21 14:57:46.781098+00:00
2025-08-15,2025-09-14,Kabarnet,186.09,172.71,156.75,2026-08-21 14:57:46.781098+00:00
2025-08-15,2025-09-14,Kabartonjo,186.24,172.86,156.9,2026-08-21 14:57:46.781098+00:00
2025-08-15,2025-09-14,Kabiyet,184.8,171.43,155.47,2026-08-21 14:57:46.781098+00:00
2025-08-15,2025-09-14,Kacheliba,187.22,173.85,157.89,2026-08-21 14:57:46.781098+00:00
2025-08-15,2025-09-14,Kachibora,185.47,172.1,156.14,2026-08-21 14:57:46.781098+00:00
2025-08-15,2025-09-14,Kaibichbich,186.5,173.13,157.17,2026-08-21 14:57:46.781098+00:00
2025-08-15,2025-09-14,Kaiboi,184.89,171.52,155.55,2026-08-21 14:57:46.781098+00:00
2025-08-15,2025-09-14,Kainuk,188.38,175.01,159.05,2026-08-21 14:57:46.781098+00:00
2025-08-15,2025-09-14,Kajiado,185.67,171.93,155.93,2026-08-21 14:57:46.781098+00:00
2025-08-15,2025-09-14,Kakamega,184.88,171.51,155.55,2026-08-21 14:57:46.781098+00:00
2025-08-15,2025-09-14,Kakuma,194.78,181.4,165.45,2026-08-21 14:57:46.781098+00:00
2025-08-15,2025-09-14,Kalacha,198.73,185.0,168.99,2026-08-21 14:57:46.781098+00:00
2025-08-15,2025-09-14,Kalemngorok,189.18,175.81,159.86,2026-08-21 14:57:46.781098+00:00
2025-08-15,2025-09-14,Kalokol,193.35,179.97,164.01,2026-08-21 14:57:46.781098+00:00
2025-08-15,2025-09-14,Kaloleni,181.93,168.2,152.2,2026-08-21 14:57:46.781098+00:00
2025-08-15,2025-09-14,Kapcherop,185.86,172.48,156.52,2026-08-21 14:57:46.781098+00:00
2025-08-15,2025-09-14,Kapedo,189.68,176.31,160.34,2026-08-21 14:57:46.781098+00:00
2025-08-15,2025-09-14,Kapenguria,186.53,173.15,157.19,2026-08-21 14:57:46.781098+00:00
2025-08-15,2025-09-14,Kapese,190.24,176.87,160.9,2026-08-21 14:57:46.781098+00:00
2025-08-15,2025-09-14,Kaplamai,185.52,172.14,156.18,2026-08-21 14:57:46.781098+00:00
2025-08-15,2025-09-14,Kapsabet,184.82,171.45,155.5,2026-08-21 14:57:46.781098+00:00
2025-08-15,2025-09-14,Kapsowar,185.68,172.31,156.34,2026-08-21 14:57:46.781098+00:00
2025-08-15,2025-09-14,Kaptarakwa,185.14,171.76,155.81,2026-08-21 14:57:46.781098+00:00
2025-08-15,2025-09-14,Kaspokwony,186.68,173.3,157.34,2026-08-21 14:57:46.781098+00:00
2025-08-15,2025-09-14,Kehancha,188.34,174.96,159.0,2026-08-21 14:57:46.781098+00:00
2025-08-15,2025-09-14,Kericho,185.68,172.31,156.34,2026-08-21 14:57:46.781098+00:00
2025-08-15,2025-09-14,Kerina,186.54,173.17,157.21,2026-08-21 14:57:46.781098+00:00
2025-08-15,2025-09-14,Keringet,186.03,172.66,156.7,2026-08-21 14:57:46.781098+00:00
2025-08-15,2025-09-14,Keroka,186.34,172.97,157.0,2026-08-21 14:57:46.781098+00:00
2025-08-15,2025-09-14,Kerugoya,186.71,172.98,156.98,2026-08-21 14:57:46.781098+00:00
2025-08-15,2025-09-14,Kesses,185.17,171.8,155.83,2026-08-21 14:57:46.781098+00:00
2025-08-15,2025-09-14,Keumbu,186.43,173.06,157.1,2026-08-21 14:57:46.781098+00:00
2025-08-15,2025-09-14,Kibish,198.74,185.37,169.4,2026-08-21 14:57:46.781098+00:00
2025-08-15,2025-09-14,Kiganjo,187.26,173.52,157.51,2026-08-21 14:57:46.781098+00:00
2025-08-15,2025-09-14,Kilgoris,187.19,173.81,157.86,2026-08-21 14:57:46.781098+00:00
2025-08-15,2025-09-14,Kilifi,182.9,169.16,153.16,2026-08-21 14:57:46.781098+00:00
2025-08-15,2025-09-14,Kimilili,186.46,173.08,157.12,2026-08-21 14:57:46.781098+00:00
2025-08-15,2025-09-14,Kiminini,185.74,172.37,156.41,2026-08-21 14:57:46.781098+00:00
2025-08-15,2025-09-14,Kimwarer,185.34,171.97,156.01,2026-08-21 14:57:46.781098+00:00
2025-08-15,2025-09-14,Kiplombe,185.17,171.8,155.83,2026-08-21 14:57:46.781098+00:00
2025-08-15,2025-09-14,Kipsaraman,188.25,174.87,158.92,2026-08-21 14:57:46.781098+00:00
2025-08-15,2025-09-14,Kisii,186.32,172.94,156.98,2026-08-21 14:57:46.781098+00:00
2025-08-15,2025-09-14,Kisumu,185.16,171.78,155.83,2026-08-21 14:57:46.781098+00:00
2025-08-15,2025-09-14,Kitale,185.43,172.05,156.1,2026-08-21 14:57:46.781098+00:00
2025-08-15,2025-09-14,Kitui,187.59,173.86,157.85,2026-08-21 14:57:46.781098+00:00
2025-08-15,2025-09-14,Kiwawa,188.27,174.89,158.94,2026-08-21 14:57:46.781098+00:00
2025-08-15,2025-09-14,Kobujoi,185.61,172.24,156.27,2026-08-21 14:57:46.781098+00:00
2025-08-15,2025-09-14,Korr,195.31,181.57,165.56,2026-08-21 14:57:46.781098+00:00
2025-08-15,2025-09-14,Kunyao,187.69,174.31,158.35,2026-08-21 14:57:46.781098+00:00
2025-08-15,2025-09-14,Kwale,182.41,168.69,152.68,2026-08-21 14:57:46.781098+00:00
2025-08-15,2025-09-14,Kwanza,186.7,173.33,157.37,2026-08-21 14:57:46.781098+00:00
2025-08-15,2025-09-14,Laisamis,193.67,179.94,163.93,2026-08-21 14:57:46.781098+00:00
2025-08-15,2025-09-14,Lamu,187.37,173.64,157.64,2026-08-21 14:57:46.781098+00:00
2025-08-15,2025-09-14,Lamuria,188.08,174.35,158.34,2026-08-21 14:57:46.781098+00:00
2025-08-15,2025-09-14,Liboi,196.93,183.2,167.2,2026-08-21 14:57:46.781098+00:00
2025-08-15,2025-09-14,Likoni Mainland,182.41,168.69,152.68,2026-08-21 14:57:46.781098+00:00
2025-08-15,2025-09-14,Lodosoit,191.47,178.11,162.14,2026-08-21 14:57:46.781098+00:00
2025-08-15,2025-09-14,Lodwar,192.03,178.65,162.7,2026-08-21 14:57:46.781098+00:00
2025-08-15,2025-09-14,Loima,190.51,177.13,161.17,2026-08-21 14:57:46.781098+00:00
2025-08-15,2025-09-14,Lokichar,190.31,176.93,160.97,2026-08-21 14:57:46.781098+00:00
2025-08-15,2025-09-14,Lokichogio,196.84,183.47,167.5,2026-08-21 14:57:46.781098+00:00
2025-08-15,2025-09-14,Lokiriama,193.21,179.84,163.88,2026-08-21 14:57:46.781098+00:00
2025-08-15,2025-09-14,Lokitaung,198.34,184.96,169.0,2026-08-21 14:57:46.781098+00:00
2025-08-15,2025-09-14,Lokori,190.94,177.56,161.6,2026-08-21 14:57:46.781098+00:00
2025-08-15,2025-09-14,Lomut,189.68,176.31,160.34,2026-08-21 14:57:46.781098+00:00
2025-08-15,2025-09-14,Londiani,184.43,171.05,155.09,2026-08-21 14:57:46.781098+00:00
2025-08-15,2025-09-14,Loruk,188.02,174.65,158.69,2026-08-21 14:57:46.781098+00:00
2025-08-15,2025-09-14,Loyangalani,198.84,185.1,169.1,2026-08-21 14:57:46.781098+00:00
2025-08-15,2025-09-14,Lugari,186.1,172.72,156.76,2026-08-21 14:57:46.781098+00:00
2025-08-15,2025-09-14,Lungalunga,183.28,169.55,153.55,2026-08-21 14:57:46.781098+00:00
2025-08-15,2025-09-14,Machakos,185.36,171.62,155.61,2026-08-21 14:57:46.781098+00:00
2025-08-15,2025-09-14,Magenche,187.48,174.1,158.15,2026-08-21 14:57:46.781098+00:00
2025-08-15,2025-09-14,Mai Mahiu,185.15,171.41,155.41,2026-08-21 14:57:46.781098+00:00
2025-08-15,2025-09-14,Maikona,197.79,184.06,168.05,2026-08-21 14:57:46.781098+00:00
2025-08-15,2025-09-14,Makuyu,185.44,171.7,155.7,2026-08-21 14:57:46.781098+00:00
2025-08-15,2025-09-14,Malaba,186.82,173.44,157.48,2026-08-21 14:57:46.781098+00:00
2025-08-15,2025-09-14,Malava,185.43,172.05,156.09,2026-08-21 14:57:46.781098+00:00
2025-08-15,2025-09-14,Malindi,183.26,169.52,153.52,2026-08-21 14:57:46.781098+00:00
2025-08-15,2025-09-14,Mandera,207.49,193.76,177.76,2026-08-21 14:57:46.781098+00:00
2025-08-15,2025-09-14,Maralal,187.97,174.59,158.63,2026-08-21 14:57:46.781098+00:00
2025-08-15,2025-09-14,Marani,185.91,172.54,156.59,2026-08-21 14:57:46.781098+00:00
2025-08-15,2025-09-14,Marereni,184.39,170.67,154.66,2026-08-21 14:57:46.781098+00:00
2025-08-15,2025-09-14,Marich,187.42,174.05,158.08,2026-08-21 14:57:46.781098+00:00
2025-08-15,2025-09-14,Marigat,185.24,171.86,155.9,2026-08-21 14:57:46.781098+00:00
2025-08-15,2025-09-14,Marimanti,188.93,175.2,159.2,2026-08-21 14:57:46.781098+00:00
2025-08-15,2025-09-14,Marsabit,198.52,184.79,168.79,2026-08-21 14:57:46.781098+00:00
2025-08-15,2025-09-14,Matunda,184.78,171.4,155.45,2026-08-21 14:57:46.781098+00:00
2025-08-15,2025-09-14,Matuu,186.49,172.76,156.76,2026-08-21 14:57:46.781098+00:00
2025-08-15,2025-09-14,Maua,191.08,177.34,161.34,2026-08-21 14:57:46.781098+00:00
2025-08-15,2025-09-14,Mbale,185.16,171.78,155.83,2026-08-21 14:57:46.781098+00:00
2025-08-15,2025-09-14,Mbita,186.19,172.82,156.85,2026-08-21 14:57:46.781098+00:00
2025-08-15,2025-09-14,Merille,193.16,179.43,163.42,2026-08-21 14:57:46.781098+00:00
2025-08-15,2025-09-14,Merti,194.18,180.45,164.45,2026-08-21 14:57:46.781098+00:00
2025-08-15,2025-09-14,Meru,190.3,176.56,160.55,2026-08-21 14:57:46.781098+00:00
2025-08-15,2025-09-14,Migori,187.69,174.31,158.35,2026-08-21 14:57:46.781098+00:00
2025-08-15,2025-09-14,Minjila,185.58,171.85,155.85,2026-08-21 14:57:46.781098+00:00
2025-08-15,2025-09-14,Modogashe,197.05,183.31,167.32,2026-08-21 14:57:46.781098+00:00
2025-08-15,2025-09-14,Mogotio,183.89,170.52,154.56,2026-08-21 14:57:46.781098+00:00
2025-08-15,2025-09-14,Moi's Bridge,184.92,171.54,155.58,2026-08-21 14:57:46.781098+00:00
2025-08-15,2025-09-14,Moiben,184.82,171.45,155.5,2026-08-21 14:57:46.781098+00:00
2025-08-15,2025-09-14,Molo,184.05,170.67,154.71,2026-08-21 14:57:46.781098+00:00
2025-08-15,2025-09-14,Mombasa,182.03,168.3,152.29,2026-08-21 14:57:46.781098+00:00
2025-08-15,2025-09-14,Morpus,186.79,173.42,157.46,2026-08-21 14:57:46.781098+00:00
2025-08-15,2025-09-14,Moyale,201.26,187.52,171.52,2026-08-21 14:57:46.781098+00:00
2025-08-15,2025-09-14,Mpeketoni,187.37,173.64,157.64,2026-08-21 14:57:46.781098+00:00
2025-08-15,2025-09-14,Mtito Andei,189.15,175.42,159.42,2026-08-21 14:57:46.781098+00:00
2025-08-15,2025-09-14,Muhoroni,185.19,171.82,155.86,2026-08-21 14:57:46.781098+00:00
2025-08-15,2025-09-14,Muhuru Bay,187.93,174.56,158.59,2026-08-21 14:57:46.781098+00:00
2025-08-15,2025-09-14,Mumias,185.36,171.98,156.03,2026-08-21 14:57:46.781098+00:00
2025-08-15,2025-09-14,Muranga,185.84,172.11,156.11,2026-08-21 14:57:46.781098+00:00
2025-08-15,2025-09-14,Mutuobare,187.79,174.06,158.05,2026-08-21 14:57:46.781098+00:00
2025-08-15,2025-09-14,Mwatate,184.8,171.07,155.07,2026-08-21 14:57:46.781098+00:00
2025-08-15,2025-09-14,Mwingi,188.26,174.52,158.52,2026-08-21 14:57:46.781098+00:00
2025-08-15,2025-09-14,Naiberi,185.17,171.8,155.83,2026-08-21 14:57:46.781098+00:00
2025-08-15,2025-09-14,Nairobi,185.31,171.58,155.58,2026-08-21 14:57:46.781098+00:00
2025-08-15,2025-09-14,Naivasha,184.54,171.17,155.21,2026-08-21 14:57:46.781098+00:00
2025-08-15,2025-09-14,Nakalale,196.7,183.33,167.36,2026-08-21 14:57:46.781098+00:00
2025-08-15,2025-09-14,Nakuru,184.35,170.97,155.01,2026-08-21 14:57:46.781098+00:00
2025-08-15,2025-09-14,Namanga,187.61,173.87,157.87,2026-08-21 14:57:46.781098+00:00
2025-08-15,2025-09-14,Nambale,186.3,172.92,156.97,2026-08-21 14:57:46.781098+00:00
2025-08-15,2025-09-14,Nandi Hills,185.14,171.76,155.81,2026-08-21 14:57:46.781098+00:00
2025-08-15,2025-09-14,Nanyuki,188.28,174.55,158.55,2026-08-21 14:57:46.781098+00:00
2025-08-15,2025-09-14,Narok,187.34,173.61,157.61,2026-08-21 14:57:46.781098+00:00
2025-08-15,2025-09-14,Ndhiwa,186.79,173.42,157.46,2026-08-21 14:57:46.781098+00:00
2025-08-15,2025-09-14,Nkubu,189.96,176.23,160.22,2026-08-21 14:57:46.781098+00:00
2025-08-15,2025-09-14,North Horr,200.18,186.45,170.44,2026-08-21 14:57:46.781098+00:00
2025-08-15,2025-09-14,Ntimaru,188.87,175.5,159.53,2026-08-21 14:57:46.781098+00:00
2025-08-15,2025-09-14,Nyahururu,184.41,171.03,155.08,2026-08-21 14:57:46.781098+00:00
2025-08-15,2025-09-14,Nyamira,185.79,172.41,156.45,2026-08-21 14:57:46.781098+00:00
2025-08-15,2025-09-14,Nyangusu,187.04,173.66,157.7,2026-08-21 14:57:46.781098+00:00
2025-08-15,2025-09-14,Nyansiongo,186.12,172.75,156.78,2026-08-21 14:57:46.781098+00:00
2025-08-15,2025-09-14,Nyeri,187.32,173.58,157.58,2026-08-21 14:57:46.781098+00:00
2025-08-15,2025-09-14,O'lessos,184.92,171.54,155.58,2026-08-21 14:57:46.781098+00:00
2025-08-15,2025-09-14,Ogembo,186.59,173.21,157.26,2026-08-21 14:57:46.781098+00:00
2025-08-15,2025-09-14,Oldonyiro,189.02,175.29,159.28,2026-08-21 14:57:46.781098+00:00
2025-08-15,2025-09-14,Olenguruone,185.26,171.89,155.92,2026-08-21 14:57:46.781098+00:00
2025-08-15,2025-09-14,Orolwo,187.04,173.66,157.71,2026-08-21 14:57:46.781098+00:00
2025-08-15,2025-09-14,Ortum,187.56,174.18,158.22,2026-08-21 14:57:46.781098+00:00
2025-08-15,2025-09-14,Oyugis,185.81,172.43,156.47,2026-08-21 14:57:46.781098+00:00
2025-08-15,2025-09-14,Port Bunyala,186.37,172.99,157.03,2026-08-21 14:57:46.781098+00:00
2025-08-15,2025-09-14,Rangwe,186.3,172.92,156.97,2026-08-21 14:57:46.781098+00:00
2025-08-15,2025-09-14,Rodi Kopany,186.32,172.94,156.98,2026-08-21 14:57:46.781098+00:00
2025-08-15,2025-09-14,Rongo,186.75,173.37,157.41,2026-08-21 14:57:46.781098+00:00
2025-08-15,2025-09-14,Rumuruti,185.35,171.97,156.02,2026-08-21 14:57:46.781098+00:00
2025-08-15,2025-09-14,Saboti,185.79,172.41,156.46,2026-08-21 14:57:46.781098+00:00
2025-08-15,2025-09-14,Sagana,186.23,172.49,156.48,2026-08-21 14:57:46.781098+00:00
2025-08-15,2025-09-14,Sambalat,187.04,173.66,157.71,2026-08-21 14:57:46.781098+00:00
2025-08-15,2025-09-14,Samburu,182.18,168.45,152.46,2026-08-21 14:57:46.781098+00:00
2025-08-15,2025-09-14,Sebit,186.95,173.57,157.62,2026-08-21 14:57:46.781098+00:00
2025-08-15,2025-09-14,Sengera,186.9,173.52,157.57,2026-08-21 14:57:46.781098+00:00
2025-08-15,2025-09-14,Serem,185.74,172.37,156.41,2026-08-21 14:57:46.781098+00:00
2025-08-15,2025-09-14,Siaya,185.37,171.99,156.04,2026-08-21 14:57:46.781098+00:00
2025-08-15,2025-09-14,Sigor,187.83,174.45,158.49,2026-08-21 14:57:46.781098+00:00
2025-08-15,2025-09-14,Sindo,186.32,172.94,156.98,2026-08-21 14:57:46.781098+00:00
2025-08-15,2025-09-14,SioPort,186.27,172.9,156.94,2026-08-21 14:57:46.781098+00:00
2025-08-15,2025-09-14,Sipili,189.58,175.84,159.84,2026-08-21 14:57:46.781098+00:00
2025-08-15,2025-09-14,Sololo,199.62,185.89,169.88,2026-08-21 14:57:46.781098+00:00
2025-08-15,2025-09-14,Sondu,184.97,171.6,155.64,2026-08-21 14:57:46.781098+00:00
2025-08-15,2025-09-14,Songor,186.48,173.11,157.14,2026-08-21 14:57:46.781098+00:00
2025-08-15,2025-09-14,Sotik,186.03,172.65,156.69,2026-08-21 14:57:46.781098+00:00
2025-08-15,2025-09-14,Soy,184.8,171.43,155.47,2026-08-21 14:57:46.781098+00:00
2025-08-15,2025-09-14,Tambach,184.87,171.49,155.54,2026-08-21 14:57:46.781098+00:00
2025-08-15,2025-09-14,Tarbaj,200.69,186.96,170.96,2026-08-21 14:57:46.781098+00:00
2025-08-15,2025-09-14,Taru,182.49,168.77,152.77,2026-08-21 14:57:46.781098+00:00
2025-08-15,2025-09-14,Taveta,186.66,172.92,156.92,2026-08-21 14:57:46.781098+00:00
2025-08-15,2025-09-14,Tenges,186.48,173.11,157.14,2026-08-21 14:57:46.781098+00:00
2025-08-15,2025-09-14,Thika,184.95,171.22,155.22,2026-08-21 14:57:46.781098+00:00
2025-08-15,2025-09-14,Timboroa,185.21,171.83,155.87,2026-08-21 14:57:46.781098+00:00
2025-08-15,2025-09-14,Tindiret,186.34,172.97,157.01,2026-08-21 14:57:46.781098+00:00
2025-08-15,2025-09-14,Tot,186.79,173.42,157.46,2026-08-21 14:57:46.781098+00:00
2025-08-15,2025-09-14,Turbi,198.5,184.77,168.77,2026-08-21 14:57:46.781098+00:00
2025-08-15,2025-09-14,Turbo,184.72,171.34,155.38,2026-08-21 14:57:46.781098+00:00
2025-08-15,2025-09-14,Ugunja,185.54,172.17,156.2,2026-08-21 14:57:46.781098+00:00
2025-08-15,2025-09-14,Usenge,185.76,172.39,156.42,2026-08-21 14:57:46.781098+00:00
2025-08-15,2025-09-14,Voi,184.22,170.49,154.49,2026-08-21 14:57:46.781098+00:00
2025-08-15,2025-09-14,Wajir,200.96,187.22,171.23,2026-08-21 14:57:46.781098+00:00
2025-08-15,2025-09-14,Wamba,189.42,176.04,160.08,2026-08-21 14:57:46.781098+00:00
2025-08-15,2025-09-14,Webuye,185.54,172.17,156.2,2026-08-21 14:57:46.781098+00:00
2025-08-15,2025-09-14,Wundanji,185.09,171.36,155.36,2026-08-21 14:57:46.781098+00:00
2025-08-15,2025-09-14,Ziwa,185.14,171.76,155.81,2026-08-21 14:57:46.781098+00:00
2025-09-15,2025-10-14,Ahero,184.37,171.68,155.03,2026-08-21 14:57:46.781098+00:00
2025-09-15,2025-10-14,Alale,187.48,174.79,158.14,2026-08-21 14:57:46.781098+00:00
2025-09-15,2025-10-14,Archers Post,188.79,176.09,159.44,2026-08-21 14:57:46.781098+00:00
2025-09-15,2025-10-14,Arror,185.65,172.96,156.31,2026-08-21 14:57:46.781098+00:00
2025-09-15,2025-10-14,Asembo,184.15,171.45,154.8,2026-08-21 14:57:46.781098+00:00
2025-09-15,2025-10-14,Asilong,186.18,173.49,156.84,2026-08-21 14:57:46.781098+00:00
2025-09-15,2025-10-14,Awasi,183.94,171.25,154.6,2026-08-21 14:57:46.781098+00:00
2025-09-15,2025-10-14,Barwessa,185.89,173.2,156.55,2026-08-21 14:57:46.781098+00:00
2025-09-15,2025-10-14,Bomet,185.94,173.24,156.59,2026-08-21 14:57:46.781098+00:00
2025-09-15,2025-10-14,Bondo,184.37,171.68,155.03,2026-08-21 14:57:46.781098+00:00
2025-09-15,2025-10-14,Bungoma,185.33,172.64,155.99,2026-08-21 14:57:46.781098+00:00
2025-09-15,2025-10-14,Burgich,186.81,174.12,157.47,2026-08-21 14:57:46.781098+00:00
2025-09-15,2025-10-14,Burnt Forest,183.93,171.23,154.58,2026-08-21 14:57:46.781098+00:00
2025-09-15,2025-10-14,Busia,185.51,172.82,156.17,2026-08-21 14:57:46.781098+00:00
2025-09-15,2025-10-14,Bute,198.12,185.07,168.37,2026-08-21 14:57:46.781098+00:00
2025-09-15,2025-10-14,Chebara,184.68,171.99,155.34,2026-08-21 14:57:46.781098+00:00
2025-09-15,2025-10-14,Chepareria,186.1,173.4,156.75,2026-08-21 14:57:46.781098+00:00
2025-09-15,2025-10-14,Chepkorniswo,185.81,173.11,156.46,2026-08-21 14:57:46.781098+00:00
2025-09-15,2025-10-14,Cheptulu,184.75,172.06,155.4,2026-08-21 14:57:46.781098+00:00
2025-09-15,2025-10-14,Chuka,186.98,173.93,157.23,2026-08-21 14:57:46.781098+00:00
2025-09-15,2025-10-14,Chwele,185.8,173.11,156.46,2026-08-21 14:57:46.781098+00:00
2025-09-15,2025-10-14,Dadaab,193.75,180.7,164.01,2026-08-21 14:57:46.781098+00:00
2025-09-15,2025-10-14,Doldo,188.81,175.76,159.07,2026-08-21 14:57:46.781098+00:00
2025-09-15,2025-10-14,Eldama Ravine,185.45,172.75,156.1,2026-08-21 14:57:46.781098+00:00
2025-09-15,2025-10-14,Eldas,203.23,190.18,173.49,2026-08-21 14:57:46.781098+00:00
2025-09-15,2025-10-14,Eldoret,184.38,171.68,155.03,2026-08-21 14:57:46.781098+00:00
2025-09-15,2025-10-14,Elwak,202.68,189.63,172.93,2026-08-21 14:57:46.781098+00:00
2025-09-15,2025-10-14,Embu,186.06,173.01,156.31,2026-08-21 14:57:46.781098+00:00
2025-09-15,2025-10-14,Endebes,185.55,172.86,156.21,2026-08-21 14:57:46.781098+00:00
2025-09-15,2025-10-14,Etago,186.52,173.83,157.17,2026-08-21 14:57:46.781098+00:00
2025-09-15,2025-10-14,Funyula,185.26,172.57,155.91,2026-08-21 14:57:46.781098+00:00
2025-09-15,2025-10-14,Garissa,191.36,178.3,161.61,2026-08-21 14:57:46.781098+00:00
2025-09-15,2025-10-14,Garsen,184.95,171.9,155.21,2026-08-21 14:57:46.781098+00:00
2025-09-15,2025-10-14,Gilgil,183.13,170.43,153.78,2026-08-21 14:57:46.781098+00:00
2025-09-15,2025-10-14,Habaswein,196.02,182.97,166.26,2026-08-21 14:57:46.781098+00:00
2025-09-15,2025-10-14,Hadado,195.68,182.63,165.93,2026-08-21 14:57:46.781098+00:00
2025-09-15,2025-10-14,Harambee,184.08,171.38,154.73,2026-08-21 14:57:46.781098+00:00
2025-09-15,2025-10-14,Hola,187.07,174.02,157.33,2026-08-21 14:57:46.781098+00:00
2025-09-15,2025-10-14,Homabay,185.43,172.72,156.08,2026-08-21 14:57:46.781098+00:00
2025-09-15,2025-10-14,Ikonge,184.64,171.95,155.29,2026-08-21 14:57:46.781098+00:00
2025-09-15,2025-10-14,Isebania,187.39,174.7,158.04,2026-08-21 14:57:46.781098+00:00
2025-09-15,2025-10-14,Isiolo,189.25,176.2,159.51,2026-08-21 14:57:46.781098+00:00
2025-09-15,2025-10-14,Iten,184.38,171.68,155.03,2026-08-21 14:57:46.781098+00:00
2025-09-15,2025-10-14,Kabarnet,185.3,172.61,155.95,2026-08-21 14:57:46.781098+00:00
2025-09-15,2025-10-14,Kabartonjo,185.45,172.75,156.1,2026-08-21 14:57:46.781098+00:00
2025-09-15,2025-10-14,Kabiyet,184.01,171.32,154.67,2026-08-21 14:57:46.781098+00:00
2025-09-15,2025-10-14,Kacheliba,186.43,173.73,157.09,2026-08-21 14:57:46.781098+00:00
2025-09-15,2025-10-14,Kachibora,184.68,171.99,155.34,2026-08-21 14:57:46.781098+00:00
2025-09-15,2025-10-14,Kaibichbich,185.72,173.02,156.37,2026-08-21 14:57:46.781098+00:00
2025-09-15,2025-10-14,Kaiboi,184.1,171.41,154.75,2026-08-21 14:57:46.781098+00:00
2025-09-15,2025-10-14,Kainuk,187.6,174.9,158.25,2026-08-21 14:57:46.781098+00:00
2025-09-15,2025-10-14,Kajiado,184.87,171.82,155.13,2026-08-21 14:57:46.781098+00:00
2025-09-15,2025-10-14,Kakamega,184.09,171.4,154.75,2026-08-21 14:57:46.781098+00:00
2025-09-15,2025-10-14,Kakuma,193.99,181.3,164.65,2026-08-21 14:57:46.781098+00:00
2025-09-15,2025-10-14,Kalacha,197.93,184.88,168.19,2026-08-21 14:57:46.781098+00:00
2025-09-15,2025-10-14,Kalemngorok,188.4,175.71,159.06,2026-08-21 14:57:46.781098+00:00
2025-09-15,2025-10-14,Kalokol,192.56,179.87,163.21,2026-08-21 14:57:46.781098+00:00
2025-09-15,2025-10-14,Kaloleni,181.15,168.1,151.4,2026-08-21 14:57:46.781098+00:00
2025-09-15,2025-10-14,Kapcherop,185.07,172.38,155.72,2026-08-21 14:57:46.781098+00:00
2025-09-15,2025-10-14,Kapedo,188.89,176.19,159.54,2026-08-21 14:57:46.781098+00:00
2025-09-15,2025-10-14,Kapenguria,185.74,173.05,156.39,2026-08-21 14:57:46.781098+00:00
2025-09-15,2025-10-14,Kapese,189.45,176.76,160.1,2026-08-21 14:57:46.781098+00:00
2025-09-15,2025-10-14,Kaplamai,184.73,172.04,155.38,2026-08-21 14:57:46.781098+00:00
2025-09-15,2025-10-14,Kapsabet,184.03,171.34,154.7,2026-08-21 14:57:46.781098+00:00
2025-09-15,2025-10-14,Kapsowar,184.89,172.19,155.54,2026-08-21 14:57:46.781098+00:00
2025-09-15,2025-10-14,Kaptarakwa,184.35,171.66,155.01,2026-08-21 14:57:46.781098+00:00
2025-09-15,2025-10-14,Kaspokwony,185.89,173.2,156.54,2026-08-21 14:57:46.781098+00:00
2025-09-15,2025-10-14,Kehancha,187.55,174.85,158.2,2026-08-21 14:57:46.781098+00:00
2025-09-15,2025-10-14,Kericho,184.89,172.19,155.54,2026-08-21 14:57:46.781098+00:00
2025-09-15,2025-10-14,Kerina,185.75,173.06,156.41,2026-08-21 14:57:46.781098+00:00
2025-09-15,2025-10-14,Keringet,185.24,172.55,155.9,2026-08-21 14:57:46.781098+00:00
2025-09-15,2025-10-14,Keroka,185.55,172.86,156.2,2026-08-21 14:57:46.781098+00:00
2025-09-15,2025-10-14,Kerugoya,185.92,172.87,156.18,2026-08-21 14:57:46.781098+00:00
2025-09-15,2025-10-14,Kesses,184.38,171.68,155.03,2026-08-21 14:57:46.781098+00:00
2025-09-15,2025-10-14,Keumbu,185.65,172.95,156.3,2026-08-21 14:57:46.781098+00:00
2025-09-15,2025-10-14,Kibish,197.95,185.25,168.6,2026-08-21 14:57:46.781098+00:00
2025-09-15,2025-10-14,Kiganjo,186.46,173.41,156.71,2026-08-21 14:57:46.781098+00:00
2025-09-15,2025-10-14,Kilgoris,186.4,173.71,157.06,2026-08-21 14:57:46.781098+00:00
2025-09-15,2025-10-14,Kilifi,182.11,169.06,152.36,2026-08-21 14:57:46.781098+00:00
2025-09-15,2025-10-14,Kimilili,185.67,172.97,156.32,2026-08-21 14:57:46.781098+00:00
2025-09-15,2025-10-14,Kiminini,184.95,172.26,155.61,2026-08-21 14:57:46.781098+00:00
2025-09-15,2025-10-14,Kimwarer,184.56,171.85,155.21,2026-08-21 14:57:46.781098+00:00
2025-09-15,2025-10-14,Kiplombe,184.38,171.68,155.03,2026-08-21 14:57:46.781098+00:00
2025-09-15,2025-10-14,Kipsaraman,187.46,174.77,158.12,2026-08-21 14:57:46.781098+00:00
2025-09-15,2025-10-14,Kisii,185.53,172.84,156.18,2026-08-21 14:57:46.781098+00:00
2025-09-15,2025-10-14,Kisumu,184.37,171.68,155.03,2026-08-21 14:57:46.781098+00:00
2025-09-15,2025-10-14,Kitale,184.64,171.95,155.3,2026-08-21 14:57:46.781098+00:00
2025-09-15,2025-10-14,Kitui,186.8,173.75,157.05,2026-08-21 14:57:46.781098+00:00
2025-09-15,2025-10-14,Kiwawa,187.48,174.79,158.14,2026-08-21 14:57:46.781098+00:00
2025-09-15,2025-10-14,Kobujoi,184.82,172.12,155.47,2026-08-21 14:57:46.781098+00:00
2025-09-15,2025-10-14,Korr,194.51,181.46,164.76,2026-08-21 14:57:46.781098+00:00
2025-09-15,2025-10-14,Kunyao,186.9,174.21,157.55,2026-08-21 14:57:46.781098+00:00
2025-09-15,2025-10-14,Kwale,181.62,168.57,151.88,2026-08-21 14:57:46.781098+00:00
2025-09-15,2025-10-14,Kwanza,185.91,173.22,156.57,2026-08-21 14:57:46.781098+00:00
2025-09-15,2025-10-14,Laisamis,192.88,179.83,163.13,2026-08-21 14:57:46.781098+00:00
2025-09-15,2025-10-14,Lamu,186.58,173.54,156.84,2026-08-21 14:57:46.781098+00:00
2025-09-15,2025-10-14,Lamuria,187.29,174.24,157.54,2026-08-21 14:57:46.781098+00:00
2025-09-15,2025-10-14,Liboi,196.14,183.09,166.4,2026-08-21 14:57:46.781098+00:00
2025-09-15,2025-10-14,Likoni Mainland,181.62,168.57,151.88,2026-08-21 14:57:46.781098+00:00
2025-09-15,2025-10-14,Lodosoit,190.69,177.99,161.34,2026-08-21 14:57:46.781098+00:00
2025-09-15,2025-10-14,Lodwar,191.24,178.55,161.9,2026-08-21 14:57:46.781098+00:00
2025-09-15,2025-10-14,Loima,189.72,177.03,160.37,2026-08-21 14:57:46.781098+00:00
2025-09-15,2025-10-14,Lokichar,189.52,176.82,160.17,2026-08-21 14:57:46.781098+00:00
2025-09-15,2025-10-14,Lokichogio,196.05,183.35,166.7,2026-08-21 14:57:46.781098+00:00
2025-09-15,2025-10-14,Lokiriama,192.42,179.73,163.08,2026-08-21 14:57:46.781098+00:00
2025-09-15,2025-10-14,Lokitaung,197.55,184.86,168.2,2026-08-21 14:57:46.781098+00:00
2025-09-15,2025-10-14,Lokori,190.15,177.45,160.8,2026-08-21 14:57:46.781098+00:00
2025-09-15,2025-10-14,Lomut,188.89,176.19,159.54,2026-08-21 14:57:46.781098+00:00
2025-09-15,2025-10-14,Londiani,183.64,170.95,154.29,2026-08-21 14:57:46.781098+00:00
2025-09-15,2025-10-14,Loruk,187.24,174.54,157.89,2026-08-21 14:57:46.781098+00:00
2025-09-15,2025-10-14,Loyangalani,198.05,185.0,168.3,2026-08-21 14:57:46.781098+00:00
2025-09-15,2025-10-14,Lugari,185.31,172.62,155.96,2026-08-21 14:57:46.781098+00:00
2025-09-15,2025-10-14,Lungalunga,182.49,169.44,152.75,2026-08-21 14:57:46.781098+00:00
2025-09-15,2025-10-14,Machakos,184.56,171.51,154.81,2026-08-21 14:57:46.781098+00:00
2025-09-15,2025-10-14,Magenche,186.69,174.0,157.35,2026-08-21 14:57:46.781098+00:00
2025-09-15,2025-10-14,Mai Mahiu,184.36,171.31,154.61,2026-08-21 14:57:46.781098+00:00
2025-09-15,2025-10-14,Maikona,196.99,183.94,167.25,2026-08-21 14:57:46.781098+00:00
2025-09-15,2025-10-14,Makuyu,184.65,171.6,154.9,2026-08-21 14:57:46.781098+00:00
2025-09-15,2025-10-14,Malaba,186.03,173.34,156.68,2026-08-21 14:57:46.781098+00:00
2025-09-15,2025-10-14,Malava,184.64,171.95,155.29,2026-08-21 14:57:46.781098+00:00
2025-09-15,2025-10-14,Malindi,182.47,169.42,152.72,2026-08-21 14:57:46.781098+00:00
2025-09-15,2025-10-14,Mandera,206.7,193.65,176.96,2026-08-21 14:57:46.781098+00:00
2025-09-15,2025-10-14,Maralal,187.18,174.48,157.83,2026-08-21 14:57:46.781098+00:00
2025-09-15,2025-10-14,Marani,185.13,172.43,155.79,2026-08-21 14:57:46.781098+00:00
2025-09-15,2025-10-14,Marereni,183.6,170.56,153.86,2026-08-21 14:57:46.781098+00:00
2025-09-15,2025-10-14,Marich,186.63,173.94,157.28,2026-08-21 14:57:46.781098+00:00
2025-09-15,2025-10-14,Marigat,184.45,171.75,155.1,2026-08-21 14:57:46.781098+00:00
2025-09-15,2025-10-14,Marimanti,188.14,175.09,158.4,2026-08-21 14:57:46.781098+00:00
2025-09-15,2025-10-14,Marsabit,197.73,184.68,167.99,2026-08-21 14:57:46.781098+00:00
2025-09-15,2025-10-14,Matunda,184.0,171.3,154.65,2026-08-21 14:57:46.781098+00:00
2025-09-15,2025-10-14,Matuu,185.7,172.65,155.96,2026-08-21 14:57:46.781098+00:00
2025-09-15,2025-10-14,Maua,190.29,177.24,160.54,2026-08-21 14:57:46.781098+00:00
2025-09-15,2025-10-14,Mbale,184.37,171.68,155.03,2026-08-21 14:57:46.781098+00:00
2025-09-15,2025-10-14,Mbita,185.4,172.7,156.05,2026-08-21 14:57:46.781098+00:00
2025-09-15,2025-10-14,Merille,192.36,179.31,162.62,2026-08-21 14:57:46.781098+00:00
2025-09-15,2025-10-14,Merti,193.4,180.35,163.65,2026-08-21 14:57:46.781098+00:00
2025-09-15,2025-10-14,Meru,189.51,176.45,159.75,2026-08-21 14:57:46.781098+00:00
2025-09-15,2025-10-14,Migori,186.9,174.2,157.55,2026-08-21 14:57:46.781098+00:00
2025-09-15,2025-10-14,Minjila,184.79,171.74,155.05,2026-08-21 14:57:46.781098+00:00
2025-09-15,2025-10-14,Modogashe,196.26,183.21,166.52,2026-08-21 14:57:46.781098+00:00
2025-09-15,2025-10-14,Mogotio,183.11,170.41,153.76,2026-08-21 14:57:46.781098+00:00
2025-09-15,2025-10-14,Moi's Bridge,184.13,171.44,154.78,2026-08-21 14:57:46.781098+00:00
2025-09-15,2025-10-14,Moiben,184.03,171.34,154.7,2026-08-21 14:57:46.781098+00:00
2025-09-15,2025-10-14,Molo,183.26,170.57,153.91,2026-08-21 14:57:46.781098+00:00
2025-09-15,2025-10-14,Mombasa,181.24,168.19,151.49,2026-08-21 14:57:46.781098+00:00
2025-09-15,2025-10-14,Morpus,186.01,173.32,156.66,2026-08-21 14:57:46.781098+00:00
2025-09-15,2025-10-14,Moyale,200.46,187.41,170.72,2026-08-21 14:57:46.781098+00:00
2025-09-15,2025-10-14,Mpeketoni,186.58,173.54,156.84,2026-08-21 14:57:46.781098+00:00
2025-09-15,2025-10-14,Mtito Andei,188.36,175.31,158.62,2026-08-21 14:57:46.781098+00:00
2025-09-15,2025-10-14,Muhoroni,184.41,171.71,155.06,2026-08-21 14:57:46.781098+00:00
2025-09-15,2025-10-14,Muhuru Bay,187.14,174.45,157.79,2026-08-21 14:57:46.781098+00:00
2025-09-15,2025-10-14,Mumias,184.57,171.88,155.23,2026-08-21 14:57:46.781098+00:00
2025-09-15,2025-10-14,Muranga,185.05,172.0,155.31,2026-08-21 14:57:46.781098+00:00
2025-09-15,2025-10-14,Mutuobare,187.0,173.95,157.25,2026-08-21 14:57:46.781098+00:00
2025-09-15,2025-10-14,Mwatate,184.01,170.96,154.27,2026-08-21 14:57:46.781098+00:00
2025-09-15,2025-10-14,Mwingi,187.47,174.42,157.72,2026-08-21 14:57:46.781098+00:00
2025-09-15,2025-10-14,Naiberi,184.38,171.68,155.03,2026-08-21 14:57:46.781098+00:00
2025-09-15,2025-10-14,Nairobi,184.52,171.47,154.78,2026-08-21 14:57:46.781098+00:00
2025-09-15,2025-10-14,Naivasha,183.76,171.06,154.41,2026-08-21 14:57:46.781098+00:00
2025-09-15,2025-10-14,Nakalale,195.91,183.22,166.56,2026-08-21 14:57:46.781098+00:00
2025-09-15,2025-10-14,Nakuru,183.56,170.87,154.21,2026-08-21 14:57:46.781098+00:00
2025-09-15,2025-10-14,Namanga,186.82,173.77,157.07,2026-08-21 14:57:46.781098+00:00
2025-09-15,2025-10-14,Nambale,185.51,172.82,156.17,2026-08-21 14:57:46.781098+00:00
2025-09-15,2025-10-14,Nandi Hills,184.35,171.66,155.01,2026-08-21 14:57:46.781098+00:00
2025-09-15,2025-10-14,Nanyuki,187.49,174.44,157.75,2026-08-21 14:57:46.781098+00:00
2025-09-15,2025-10-14,Narok,186.55,173.5,156.81,2026-08-21 14:57:46.781098+00:00
2025-09-15,2025-10-14,Ndhiwa,186.01,173.3,156.66,2026-08-21 14:57:46.781098+00:00
2025-09-15,2025-10-14,Nkubu,189.17,176.12,159.42,2026-08-21 14:57:46.781098+00:00
2025-09-15,2025-10-14,North Horr,199.39,186.34,169.64,2026-08-21 14:57:46.781098+00:00
2025-09-15,2025-10-14,Ntimaru,188.08,175.39,158.73,2026-08-21 14:57:46.781098+00:00
2025-09-15,2025-10-14,Nyahururu,183.62,170.93,154.28,2026-08-21 14:57:46.781098+00:00
2025-09-15,2025-10-14,Nyamira,185.0,172.31,155.65,2026-08-21 14:57:46.781098+00:00
2025-09-15,2025-10-14,Nyangusu,186.25,173.55,156.9,2026-08-21 14:57:46.781098+00:00
2025-09-15,2025-10-14,Nyansiongo,185.33,172.63,155.98,2026-08-21 14:57:46.781098+00:00
2025-09-15,2025-10-14,Nyeri,186.53,173.48,156.78,2026-08-21 14:57:46.781098+00:00
2025-09-15,2025-10-14,O'lessos,184.13,171.44,154.78,2026-08-21 14:57:46.781098+00:00
2025-09-15,2025-10-14,Ogembo,185.8,173.11,156.46,2026-08-21 14:57:46.781098+00:00
2025-09-15,2025-10-14,Oldonyiro,188.23,175.17,158.48,2026-08-21 14:57:46.781098+00:00
2025-09-15,2025-10-14,Olenguruone,184.47,171.77,155.12,2026-08-21 14:57:46.781098+00:00
2025-09-15,2025-10-14,Orolwo,186.25,173.56,156.91,2026-08-21 14:57:46.781098+00:00
2025-09-15,2025-10-14,Ortum,186.77,174.07,157.42,2026-08-21 14:57:46.781098+00:00
2025-09-15,2025-10-14,Oyugis,185.02,172.33,155.67,2026-08-21 14:57:46.781098+00:00
2025-09-15,2025-10-14,Port Bunyala,185.58,172.89,156.23,2026-08-21 14:57:46.781098+00:00
2025-09-15,2025-10-14,Rangwe,185.51,172.82,156.17,2026-08-21 14:57:46.781098+00:00
2025-09-15,2025-10-14,Rodi Kopany,185.53,172.84,156.18,2026-08-21 14:57:46.781098+00:00
2025-09-15,2025-10-14,Rongo,185.96,173.26,156.61,2026-08-21 14:57:46.781098+00:00
2025-09-15,2025-10-14,Rumuruti,184.56,171.87,155.22,2026-08-21 14:57:46.781098+00:00
2025-09-15,2025-10-14,Saboti,185.0,172.31,155.66,2026-08-21 14:57:46.781098+00:00
2025-09-15,2025-10-14,Sagana,185.44,172.39,155.68,2026-08-21 14:57:46.781098+00:00
2025-09-15,2025-10-14,Sambalat,186.25,173.56,156.91,2026-08-21 14:57:46.781098+00:00
2025-09-15,2025-10-14,Samburu,181.39,168.34,151.66,2026-08-21 14:57:46.781098+00:00
2025-09-15,2025-10-14,Sebit,186.17,173.47,156.82,2026-08-21 14:57:46.781098+00:00
2025-09-15,2025-10-14,Sengera,186.11,173.42,156.77,2026-08-21 14:57:46.781098+00:00
2025-09-15,2025-10-14,Serem,184.95,172.26,155.61,2026-08-21 14:57:46.781098+00:00
2025-09-15,2025-10-14,Siaya,184.58,171.89,155.24,2026-08-21 14:57:46.781098+00:00
2025-09-15,2025-10-14,Sigor,187.04,174.34,157.69,2026-08-21 14:57:46.781098+00:00
2025-09-15,2025-10-14,Sindo,185.53,172.84,156.18,2026-08-21 14:57:46.781098+00:00
2025-09-15,2025-10-14,SioPort,185.48,172.79,156.14,2026-08-21 14:57:46.781098+00:00
2025-09-15,2025-10-14,Sipili,188.79,175.74,159.04,2026-08-21 14:57:46.781098+00:00
2025-09-15,2025-10-14,Sololo,198.83,185.77,169.08,2026-08-21 14:57:46.781098+00:00
2025-09-15,2025-10-14,Sondu,184.18,171.49,154.84,2026-08-21 14:57:46.781098+00:00
2025-09-15,2025-10-14,Songor,185.69,173.0,156.34,2026-08-21 14:57:46.781098+00:00
2025-09-15,2025-10-14,Sotik,185.24,172.54,155.89,2026-08-21 14:57:46.781098+00:00
2025-09-15,2025-10-14,Soy,184.01,171.32,154.67,2026-08-21 14:57:46.781098+00:00
2025-09-15,2025-10-14,Tambach,184.08,171.39,154.74,2026-08-21 14:57:46.781098+00:00
2025-09-15,2025-10-14,Tarbaj,199.9,186.85,170.16,2026-08-21 14:57:46.781098+00:00
2025-09-15,2025-10-14,Taru,181.7,168.65,151.97,2026-08-21 14:57:46.781098+00:00
2025-09-15,2025-10-14,Taveta,185.87,172.82,156.12,2026-08-21 14:57:46.781098+00:00
2025-09-15,2025-10-14,Tenges,185.69,173.0,156.34,2026-08-21 14:57:46.781098+00:00
2025-09-15,2025-10-14,Thika,184.16,171.11,154.42,2026-08-21 14:57:46.781098+00:00
2025-09-15,2025-10-14,Timboroa,184.42,171.73,155.07,2026-08-21 14:57:46.781098+00:00
2025-09-15,2025-10-14,Tindiret,185.55,172.86,156.21,2026-08-21 14:57:46.781098+00:00
2025-09-15,2025-10-14,Tot,186.01,173.32,156.66,2026-08-21 14:57:46.781098+00:00
2025-09-15,2025-10-14,Turbi,197.71,184.66,167.97,2026-08-21 14:57:46.781098+00:00
2025-09-15,2025-10-14,Turbo,183.93,171.23,154.58,2026-08-21 14:57:46.781098+00:00
2025-09-15,2025-10-14,Ugunja,184.75,172.05,155.4,2026-08-21 14:57:46.781098+00:00
2025-09-15,2025-10-14,Usenge,184.97,172.28,155.62,2026-08-21 14:57:46.781098+00:00
2025-09-15,2025-10-14,Voi,183.43,170.38,153.69,2026-08-21 14:57:46.781098+00:00
2025-09-15,2025-10-14,Wajir,200.17,187.12,170.43,2026-08-21 14:57:46.781098+00:00
2025-09-15,2025-10-14,Wamba,188.63,175.94,159.28,2026-08-21 14:57:46.781098+00:00
2025-09-15,2025-10-14,Webuye,184.75,172.06,155.4,2026-08-21 14:57:46.781098+00:00
2025-09-15,2025-10-14,Wundanji,184.3,171.25,154.56,2026-08-21 14:57:46.781098+00:00
2025-09-15,2025-10-14,Ziwa,184.35,171.66,155.01,2026-08-21 14:57:46.781098+00:00
2025-10-15,2025-11-14,Ahero,184.37,171.68,155.03,2026-08-21 14:57:46.781098+00:00
2025-10-15,2025-11-14,Alale,187.48,174.79,158.14,2026-08-21 14:57:46.781098+00:00
2025-10-15,2025-11-14,Archers Post,188.79,176.09,159.44,2026-08-21 14:57:46.781098+00:00
2025-10-15,2025-11-14,Arror,185.65,172.96,156.31,2026-08-21 14:57:46.781098+00:00
2025-10-15,2025-11-14,Asembo,184.15,171.45,154.8,2026-08-21 14:57:46.781098+00:00
2025-10-15,2025-11-14,Asilong,186.18,173.49,156.84,2026-08-21 14:57:46.781098+00:00
2025-10-15,2025-11-14,Awasi,183.94,171.25,154.6,2026-08-21 14:57:46.781098+00:00
2025-10-15,2025-11-14,Barwessa,185.89,173.2,156.55,2026-08-21 14:57:46.781098+00:00
2025-10-15,2025-11-14,Bomet,185.94,173.24,156.59,2026-08-21 14:57:46.781098+00:00
2025-10-15,2025-11-14,Bondo,184.37,171.68,155.03,2026-08-21 14:57:46.781098+00:00
2025-10-15,2025-11-14,Bungoma,185.33,172.64,155.99,2026-08-21 14:57:46.781098+00:00
2025-10-15,2025-11-14,Burgich,186.81,174.12,157.47,2026-08-21 14:57:46.781098+00:00
2025-10-15,2025-11-14,Burnt Forest,183.93,171.23,154.58,2026-08-21 14:57:46.781098+00:00
2025-10-15,2025-11-14,Busia,185.51,172.82,156.17,2026-08-21 14:57:46.781098+00:00
2025-10-15,2025-11-14,Bute,198.12,185.07,168.37,2026-08-21 14:57:46.781098+00:00
2025-10-15,2025-11-14,Chebara,184.68,171.99,155.34,2026-08-21 14:57:46.781098+00:00
2025-10-15,2025-11-14,Chepareria,186.1,173.4,156.75,2026-08-21 14:57:46.781098+00:00
2025-10-15,2025-11-14,Chepkorniswo,185.81,173.11,156.46,2026-08-21 14:57:46.781098+00:00
2025-10-15,2025-11-14,Cheptulu,184.75,172.06,155.4,2026-08-21 14:57:46.781098+00:00
2025-10-15,2025-11-14,Chuka,186.98,173.93,157.23,2026-08-21 14:57:46.781098+00:00
2025-10-15,2025-11-14,Chwele,185.8,173.11,156.46,2026-08-21 14:57:46.781098+00:00
2025-10-15,2025-11-14,Dadaab,193.75,180.7,164.01,2026-08-21 14:57:46.781098+00:00
2025-10-15,2025-11-14,Doldo,188.81,175.76,159.07,2026-08-21 14:57:46.781098+00:00
2025-10-15,2025-11-14,Eldama Ravine,185.45,172.75,156.1,2026-08-21 14:57:46.781098+00:00
2025-10-15,2025-11-14,Eldas,203.23,190.18,173.49,2026-08-21 14:57:46.781098+00:00
2025-10-15,2025-11-14,Eldoret,184.38,171.68,155.03,2026-08-21 14:57:46.781098+00:00
2025-10-15,2025-11-14,Elwak,202.68,189.63,172.93,2026-08-21 14:57:46.781098+00:00
2025-10-15,2025-11-14,Embu,186.06,173.01,156.31,2026-08-21 14:57:46.781098+00:00
2025-10-15,2025-11-14,Endebes,185.55,172.86,156.21,2026-08-21 14:57:46.781098+00:00
2025-10-15,2025-11-14,Etago,186.52,173.83,157.17,2026-08-21 14:57:46.781098+00:00
2025-10-15,2025-11-14,Funyula,185.26,172.57,155.91,2026-08-21 14:57:46.781098+00:00
2025-10-15,2025-11-14,Garissa,191.36,178.3,161.61,2026-08-21 14:57:46.781098+00:00
2025-10-15,2025-11-14,Garsen,184.95,171.9,155.21,2026-08-21 14:57:46.781098+00:00
2025-10-15,2025-11-14,Gilgil,183.13,170.43,153.78,2026-08-21 14:57:46.781098+00:00
2025-10-15,2025-11-14,Habaswein,196.02,182.97,166.26,2026-08-21 14:57:46.781098+00:00
2025-10-15,2025-11-14,Hadado,195.68,182.63,165.93,2026-08-21 14:57:46.781098+00:00
2025-10-15,2025-11-14,Harambee,184.08,171.38,154.73,2026-08-21 14:57:46.781098+00:00
2025-10-15,2025-11-14,Hola,187.07,174.02,157.33,2026-08-21 14:57:46.781098+00:00
2025-10-15,2025-11-14,Homabay,185.43,172.72,156.08,2026-08-21 14:57:46.781098+00:00
2025-10-15,2025-11-14,Ikonge,184.64,171.95,155.29,2026-08-21 14:57:46.781098+00:00
2025-10-15,2025-11-14,Isebania,187.39,174.7,158.04,2026-08-21 14:57:46.781098+00:00
2025-10-15,2025-11-14,Isiolo,189.25,176.2,159.51,2026-08-21 14:57:46.781098+00:00
2025-10-15,2025-11-14,Iten,184.38,171.68,155.03,2026-08-21 14:57:46.781098+00:00
2025-10-15,2025-11-14,Kabarnet,185.3,172.61,155.95,2026-08-21 14:57:46.781098+00:00
2025-10-15,2025-11-14,Kabartonjo,185.45,172.75,156.1,2026-08-21 14:57:46.781098+00:00
2025-10-15,2025-11-14,Kabiyet,184.01,171.32,154.67,2026-08-21 14:57:46.781098+00:00
2025-10-15,2025-11-14,Kacheliba,186.43,173.73,157.09,2026-08-21 14:57:46.781098+00:00
2025-10-15,2025-11-14,Kachibora,184.68,171.99,155.34,2026-08-21 14:57:46.781098+00:00
2025-10-15,2025-11-14,Kaibichbich,185.72,173.02,156.37,2026-08-21 14:57:46.781098+00:00
2025-10-15,2025-11-14,Kaiboi,184.1,171.41,154.75,2026-08-21 14:57:46.781098+00:00
2025-10-15,2025-11-14,Kainuk,187.6,174.9,158.25,2026-08-21 14:57:46.781098+00:00
2025-10-15,2025-11-14,Kajiado,184.87,171.82,155.13,2026-08-21 14:57:46.781098+00:00
2025-10-15,2025-11-14,Kakamega,184.09,171.4,154.75,2026-08-21 14:57:46.781098+00:00
2025-10-15,2025-11-14,Kakuma,193.99,181.3,164.65,2026-08-21 14:57:46.781098+00:00
2025-10-15,2025-11-14,Kalacha,197.93,184.88,168.19,2026-08-21 14:57:46.781098+00:00
2025-10-15,2025-11-14,Kalemngorok,188.4,175.71,159.06,2026-08-21 14:57:46.781098+00:00
2025-10-15,2025-11-14,Kalokol,192.56,179.87,163.21,2026-08-21 14:57:46.781098+00:00
2025-10-15,2025-11-14,Kaloleni,181.15,168.1,151.4,2026-08-21 14:57:46.781098+00:00
2025-10-15,2025-11-14,Kapcherop,185.07,172.38,155.72,2026-08-21 14:57:46.781098+00:00
2025-10-15,2025-11-14,Kapedo,188.89,176.19,159.54,2026-08-21 14:57:46.781098+00:00
2025-10-15,2025-11-14,Kapenguria,185.74,173.05,156.39,2026-08-21 14:57:46.781098+00:00
2025-10-15,2025-11-14,Kapese,189.45,176.76,160.1,2026-08-21 14:57:46.781098+00:00
2025-10-15,2025-11-14,Kaplamai,184.73,172.04,155.38,2026-08-21 14:57:46.781098+00:00
2025-10-15,2025-11-14,Kapsabet,184.03,171.34,154.7,2026-08-21 14:57:46.781098+00:00
2025-10-15,2025-11-14,Kapsowar,184.89,172.19,155.54,2026-08-21 14:57:46.781098+00:00
2025-10-15,2025-11-14,Kaptarakwa,184.35,171.66,155.01,2026-08-21 14:57:46.781098+00:00
2025-10-15,2025-11-14,Kaspokwony,185.89,173.2,156.54,2026-08-21 14:57:46.781098+00:00
2025-10-15,2025-11-14,Kehancha,187.55,174.85,158.2,2026-08-21 14:57:46.781098+00:00
2025-10-15,2025-11-14,Kericho,184.89,172.19,155.54,2026-08-21 14:57:46.781098+00:00
2025-10-15,2025-11-14,Kerina,185.75,173.06,156.41,2026-08-21 14:57:46.781098+00:00
2025-10-15,2025-11-14,Keringet,185.24,172.55,155.9,2026-08-21 14:57:46.781098+00:00
2025-10-15,2025-11-14,Keroka,185.55,172.86,156.2,2026-08-21 14:57:46.781098+00:00
2025-10-15,2025-11-14,Kerugoya,185.92,172.87,156.18,2026-08-21 14:57:46.781098+00:00
2025-10-15,2025-11-14,Kesses,184.38,171.68,155.03,2026-08-21 14:57:46.781098+00:00
2025-10-15,2025-11-14,Keumbu,185.65,172.95,156.3,2026-08-21 14:57:46.781098+00:00
2025-10-15,2025-11-14,Kibish,197.95,185.25,168.6,2026-08-21 14:57:46.781098+00:00
2025-10-15,2025-11-14,Kiganjo,186.46,173.41,156.71,2026-08-21 14:57:46.781098+00:00
2025-10-15,2025-11-14,Kilgoris,186.4,173.71,157.06,2026-08-21 14:57:46.781098+00:00
2025-10-15,2025-11-14,Kilifi,182.11,169.06,152.36,2026-08-21 14:57:46.781098+00:00
2025-10-15,2025-11-14,Kimilili,185.67,172.97,156.32,2026-08-21 14:57:46.781098+00:00
2025-10-15,2025-11-14,Kiminini,184.95,172.26,155.61,2026-08-21 14:57:46.781098+00:00
2025-10-15,2025-11-14,Kimwarer,184.56,171.85,155.21,2026-08-21 14:57:46.781098+00:00
2025-10-15,2025-11-14,Kiplombe,184.38,171.68,155.03,2026-08-21 14:57:46.781098+00:00
2025-10-15,2025-11-14,Kipsaraman,187.46,174.77,158.12,2026-08-21 14:57:46.781098+00:00
2025-10-15,2025-11-14,Kisii,185.53,172.84,156.18,2026-08-21 14:57:46.781098+00:00
2025-10-15,2025-11-14,Kisumu,184.37,171.68,155.03,2026-08-21 14:57:46.781098+00:00
2025-10-15,2025-11-14,Kitale,184.64,171.95,155.3,2026-08-21 14:57:46.781098+00:00
2025-10-15,2025-11-14,Kitui,186.8,173.75,157.05,2026-08-21 14:57:46.781098+00:00
2025-10-15,2025-11-14,Kiwawa,187.48,174.79,158.14,2026-08-21 14:57:46.781098+00:00
2025-10-15,2025-11-14,Kobujoi,184.82,172.12,155.47,2026-08-21 14:57:46.781098+00:00
2025-10-15,2025-11-14,Korr,194.51,181.46,164.76,2026-08-21 14:57:46.781098+00:00
2025-10-15,2025-11-14,Kunyao,186.9,174.21,157.55,2026-08-21 14:57:46.781098+00:00
2025-10-15,2025-11-14,Kwale,181.62,168.57,151.88,2026-08-21 14:57:46.781098+00:00
2025-10-15,2025-11-14,Kwanza,185.91,173.22,156.57,2026-08-21 14:57:46.781098+00:00
2025-10-15,2025-11-14,Laisamis,192.88,179.83,163.13,2026-08-21 14:57:46.781098+00:00
2025-10-15,2025-11-14,Lamu,186.58,173.54,156.84,2026-08-21 14:57:46.781098+00:00
2025-10-15,2025-11-14,Lamuria,187.29,174.24,157.54,2026-08-21 14:57:46.781098+00:00
2025-10-15,2025-11-14,Liboi,196.14,183.09,166.4,2026-08-21 14:57:46.781098+00:00
2025-10-15,2025-11-14,Likoni Mainland,181.62,168.57,151.88,2026-08-21 14:57:46.781098+00:00
2025-10-15,2025-11-14,Lodosoit,190.69,177.99,161.34,2026-08-21 14:57:46.781098+00:00
2025-10-15,2025-11-14,Lodwar,191.24,178.55,161.9,2026-08-21 14:57:46.781098+00:00
2025-10-15,2025-11-14,Loima,189.72,177.03,160.37,2026-08-21 14:57:46.781098+00:00
2025-10-15,2025-11-14,Lokichar,189.52,176.82,160.17,2026-08-21 14:57:46.781098+00:00
2025-10-15,2025-11-14,Lokichogio,196.05,183.35,166.7,2026-08-21 14:57:46.781098+00:00
2025-10-15,2025-11-14,Lokiriama,192.42,179.73,163.08,2026-08-21 14:57:46.781098+00:00
2025-10-15,2025-11-14,Lokitaung,197.55,184.86,168.2,2026-08-21 14:57:46.781098+00:00
2025-10-15,2025-11-14,Lokori,190.15,177.45,160.8,2026-08-21 14:57:46.781098+00:00
2025-10-15,2025-11-14,Lomut,188.89,176.19,159.54,2026-08-21 14:57:46.781098+00:00
2025-10-15,2025-11-14,Londiani,183.64,170.95,154.29,2026-08-21 14:57:46.781098+00:00
2025-10-15,2025-11-14,Loruk,187.24,174.54,157.89,2026-08-21 14:57:46.781098+00:00
2025-10-15,2025-11-14,Loyangalani,198.05,185.0,168.3,2026-08-21 14:57:46.781098+00:00
2025-10-15,2025-11-14,Lugari,185.31,172.62,155.96,2026-08-21 14:57:46.781098+00:00
2025-10-15,2025-11-14,Lungalunga,182.49,169.44,152.75,2026-08-21 14:57:46.781098+00:00
2025-10-15,2025-11-14,Machakos,184.56,171.51,154.81,2026-08-21 14:57:46.781098+00:00
2025-10-15,2025-11-14,Magenche,186.69,174.0,157.35,2026-08-21 14:57:46.781098+00:00
2025-10-15,2025-11-14,Mai Mahiu,184.36,171.31,154.61,2026-08-21 14:57:46.781098+00:00
2025-10-15,2025-11-14,Maikona,196.99,183.94,167.25,2026-08-21 14:57:46.781098+00:00
2025-10-15,2025-11-14,Makuyu,184.65,171.6,154.9,2026-08-21 14:57:46.781098+00:00
2025-10-15,2025-11-14,Malaba,186.03,173.34,156.68,2026-08-21 14:57:46.781098+00:00
2025-10-15,2025-11-14,Malava,184.64,171.95,155.29,2026-08-21 14:57:46.781098+00:00
2025-10-15,2025-11-14,Malindi,182.47,169.42,152.72,2026-08-21 14:57:46.781098+00:00
2025-10-15,2025-11-14,Mandera,206.7,193.65,176.96,2026-08-21 14:57:46.781098+00:00
2025-10-15,2025-11-14,Maralal,187.18,174.48,157.83,2026-08-21 14:57:46.781098+00:00
2025-10-15,2025-11-14,Marani,185.13,172.43,155.79,2026-08-21 14:57:46.781098+00:00
2025-10-15,2025-11-14,Marereni,183.6,170.56,153.86,2026-08-21 14:57:46.781098+00:00
2025-10-15,2025-11-14,Marich,186.63,173.94,157.28,2026-08-21 14:57:46.781098+00:00
2025-10-15,2025-11-14,Marigat,184.45,171.75,155.1,2026-08-21 14:57:46.781098+00:00
2025-10-15,2025-11-14,Marimanti,188.14,175.09,158.4,2026-08-21 14:57:46.781098+00:00
2025-10-15,2025-11-14,Marsabit,197.73,184.68,167.99,2026-08-21 14:57:46.781098+00:00
2025-10-15,2025-11-14,Matunda,184.0,171.3,154.65,2026-08-21 14:57:46.781098+00:00
2025-10-15,2025-11-14,Matuu,185.7,172.65,155.96,2026-08-21 14:57:46.781098+00:00
2025-10-15,2025-11-14,Maua,190.29,177.24,160.54,2026-08-21 14:57:46.781098+00:00
2025-10-15,2025-11-14,Mbale,184.37,171.68,155.03,2026-08-21 14:57:46.781098+00:00
2025-10-15,2025-11-14,Mbita,185.4,172.7,156.05,2026-08-21 14:57:46.781098+00:00
2025-10-15,2025-11-14,Merille,192.36,179.31,162.62,2026-08-21 14:57:46.781098+00:00
2025-10-15,2025-11-14,Merti,193.4,180.35,163.65,2026-08-21 14:57:46.781098+00:00
2025-10-15,2025-11-14,Meru,189.51,176.45,159.75,2026-08-21 14:57:46.781098+00:00
2025-10-15,2025-11-14,Migori,186.9,174.2,157.55,2026-08-21 14:57:46.781098+00:00
2025-10-15,2025-11-14,Minjila,184.79,171.74,155.05,2026-08-21 14:57:46.781098+00:00
2025-10-15,2025-11-14,Modogashe,196.26,183.21,166.52,2026-08-21 14:57:46.781098+00:00
2025-10-15,2025-11-14,Mogotio,183.11,170.41,153.76,2026-08-21 14:57:46.781098+00:00
2025-10-15,2025-11-14,Moi's Bridge,184.13,171.44,154.78,2026-08-21 14:57:46.781098+00:00
2025-10-15,2025-11-14,Moiben,184.03,171.34,154.7,2026-08-21 14:57:46.781098+00:00
2025-10-15,2025-11-14,Molo,183.26,170.57,153.91,2026-08-21 14:57:46.781098+00:00
2025-10-15,2025-11-14,Mombasa,181.24,168.19,151.49,2026-08-21 14:57:46.781098+00:00
2025-10-15,2025-11-14,Morpus,186.01,173.32,156.66,2026-08-21 14:57:46.781098+00:00
2025-10-15,2025-11-14,Moyale,200.46,187.41,170.72,2026-08-21 14:57:46.781098+00:00
2025-10-15,2025-11-14,Mpeketoni,186.58,173.54,156.84,2026-08-21 14:57:46.781098+00:00
2025-10-15,2025-11-14,Mtito Andei,188.36,175.31,158.62,2026-08-21 14:57:46.781098+00:00
2025-10-15,2025-11-14,Muhoroni,184.41,171.71,155.06,2026-08-21 14:57:46.781098+00:00
2025-10-15,2025-11-14,Muhuru Bay,187.14,174.45,157.79,2026-08-21 14:57:46.781098+00:00
2025-10-15,2025-11-14,Mumias,184.57,171.88,155.23,2026-08-21 14:57:46.781098+00:00
2025-10-15,2025-11-14,Muranga,185.05,172.0,155.31,2026-08-21 14:57:46.781098+00:00
2025-10-15,2025-11-14,Mutuobare,187.0,173.95,157.25,2026-08-21 14:57:46.781098+00:00
2025-10-15,2025-11-14,Mwatate,184.01,170.96,154.27,2026-08-21 14:57:46.781098+00:00
2025-10-15,2025-11-14,Mwingi,187.47,174.42,157.72,2026-08-21 14:57:46.781098+00:00
2025-10-15,2025-11-14,Naiberi,184.38,171.68,155.03,2026-08-21 14:57:46.781098+00:00
2025-10-15,2025-11-14,Nairobi,184.52,171.47,154.78,2026-08-21 14:57:46.781098+00:00
2025-10-15,2025-11-14,Naivasha,183.76,171.06,154.41,2026-08-21 14:57:46.781098+00:00
2025-10-15,2025-11-14,Nakalale,195.91,183.22,166.56,2026-08-21 14:57:46.781098+00:00
2025-10-15,2025-11-14,Nakuru,183.56,170.87,154.21,2026-08-21 14:57:46.781098+00:00
2025-10-15,2025-11-14,Namanga,186.82,173.77,157.07,2026-08-21 14:57:46.781098+00:00
2025-10-15,2025-11-14,Nambale,185.51,172.82,156.17,2026-08-21 14:57:46.781098+00:00
2025-10-15,2025-11-14,Nandi Hills,184.35,171.66,155.01,2026-08-21 14:57:46.781098+00:00
2025-10-15,2025-11-14,Nanyuki,187.49,174.44,157.75,2026-08-21 14:57:46.781098+00:00
2025-10-15,2025-11-14,Narok,186.55,173.5,156.81,2026-08-21 14:57:46.781098+00:00
2025-10-15,2025-11-14,Ndhiwa,186.01,173.3,156.66,2026-08-21 14:57:46.781098+00:00
2025-10-15,2025-11-14,Nkubu,189.17,176.12,159.42,2026-08-21 14:57:46.781098+00:00
2025-10-15,2025-11-14,North Horr,199.39,186.34,169.64,2026-08-21 14:57:46.781098+00:00
2025-10-15,2025-11-14,Ntimaru,188.08,175.39,158.73,2026-08-21 14:57:46.781098+00:00
2025-10-15,2025-11-14,Nyahururu,183.62,170.93,154.28,2026-08-21 14:57:46.781098+00:00
2025-10-15,2025-11-14,Nyamira,185.0,172.31,155.65,2026-08-21 14:57:46.781098+00:00
2025-10-15,2025-11-14,Nyangusu,186.25,173.55,156.9,2026-08-21 14:57:46.781098+00:00
2025-10-15,2025-11-14,Nyansiongo,185.33,172.63,155.98,2026-08-21 14:57:46.781098+00:00
2025-10-15,2025-11-14,Nyeri,186.53,173.48,156.78,2026-08-21 14:57:46.781098+00:00
2025-10-15,2025-11-14,O'lessos,184.13,171.44,154.78,2026-08-21 14:57:46.781098+00:00
2025-10-15,2025-11-14,Ogembo,185.8,173.11,156.46,2026-08-21 14:57:46.781098+00:00
2025-10-15,2025-11-14,Oldonyiro,188.23,175.17,158.48,2026-08-21 14:57:46.781098+00:00
2025-10-15,2025-11-14,Olenguruone,184.47,171.77,155.12,2026-08-21 14:57:46.781098+00:00
2025-10-15,2025-11-14,Orolwo,186.25,173.56,156.91,2026-08-21 14:57:46.781098+00:00
2025-10-15,2025-11-14,Ortum,186.77,174.07,157.42,2026-08-21 14:57:46.781098+00:00
2025-10-15,2025-11-14,Oyugis,185.02,172.33,155.67,2026-08-21 14:57:46.781098+00:00
2025-10-15,2025-11-14,Port Bunyala,185.58,172.89,156.23,2026-08-21 14:57:46.781098+00:00
2025-10-15,2025-11-14,Rangwe,185.51,172.82,156.17,2026-08-21 14:57:46.781098+00:00
2025-10-15,2025-11-14,Rodi Kopany,185.53,172.84,156.18,2026-08-21 14:57:46.781098+00:00
2025-10-15,2025-11-14,Rongo,185.96,173.26,156.61,2026-08-21 14:57:46.781098+00:00
2025-10-15,2025-11-14,Rumuruti,184.56,171.87,155.22,2026-08-21 14:57:46.781098+00:00
2025-10-15,2025-11-14,Saboti,185.0,172.31,155.66,2026-08-21 14:57:46.781098+00:00
2025-10-15,2025-11-14,Sagana,185.44,172.39,155.68,2026-08-21 14:57:46.781098+00:00
2025-10-15,2025-11-14,Sambalat,186.25,173.56,156.91,2026-08-21 14:57:46.781098+00:00
2025-10-15,2025-11-14,Samburu,181.39,168.34,151.66,2026-08-21 14:57:46.781098+00:00
2025-10-15,2025-11-14,Sebit,186.17,173.47,156.82,2026-08-21 14:57:46.781098+00:00
2025-10-15,2025-11-14,Sengera,186.11,173.42,156.77,2026-08-21 14:57:46.781098+00:00
2025-10-15,2025-11-14,Serem,184.95,172.26,155.61,2026-08-21 14:57:46.781098+00:00
2025-10-15,2025-11-14,Siaya,184.58,171.89,155.24,2026-08-21 14:57:46.781098+00:00
2025-10-15,2025-11-14,Sigor,187.04,174.34,157.69,2026-08-21 14:57:46.781098+00:00
2025-10-15,2025-11-14,Sindo,185.53,172.84,156.18,2026-08-21 14:57:46.781098+00:00
2025-10-15,2025-11-14,SioPort,185.48,172.79,156.14,2026-08-21 14:57:46.781098+00:00
2025-10-15,2025-11-14,Sipili,188.79,175.74,159.04,2026-08-21 14:57:46.781098+00:00
2025-10-15,2025-11-14,Sololo,198.83,185.77,169.08,2026-08-21 14:57:46.781098+00:00
2025-10-15,2025-11-14,Sondu,184.18,171.49,154.84,2026-08-21 14:57:46.781098+00:00
2025-10-15,2025-11-14,Songor,185.69,173.0,156.34,2026-08-21 14:57:46.781098+00:00
2025-10-15,2025-11-14,Sotik,185.24,172.54,155.89,2026-08-21 14:57:46.781098+00:00
2025-10-15,2025-11-14,Soy,184.01,171.32,154.67,2026-08-21 14:57:46.781098+00:00
2025-10-15,2025-11-14,Tambach,184.08,171.39,154.74,2026-08-21 14:57:46.781098+00:00
2025-10-15,2025-11-14,Tarbaj,199.9,186.85,170.16,2026-08-21 14:57:46.781098+00:00
2025-10-15,2025-11-14,Taru,181.7,168.65,151.97,2026-08-21 14:57:46.781098+00:00
2025-10-15,2025-11-14,Taveta,185.87,172.82,156.12,2026-08-21 14:57:46.781098+00:00
2025-10-15,2025-11-14,Tenges,185.69,173.0,156.34,2026-08-21 14:57:46.781098+00:00
2025-10-15,2025-11-14,Thika,184.16,171.11,154.42,2026-08-21 14:57:46.781098+00:00
2025-10-15,2025-11-14,Timboroa,184.42,171.73,155.07,2026-08-21 14:57:46.781098+00:00
2025-10-15,2025-11-14,Tindiret,185.55,172.86,156.21,2026-08-21 14:57:46.781098+00:00
2025-10-15,2025-11-14,Tot,186.01,173.32,156.66,2026-08-21 14:57:46.781098+00:00
2025-10-15,2025-11-14,Turbi,197.71,184.66,167.97,2026-08-21 14:57:46.781098+00:00
2025-10-15,2025-11-14,Turbo,183.93,171.23,154.58,2026-08-21 14:57:46.781098+00:00
2025-10-15,2025-11-14,Ugunja,184.75,172.05,155.4,2026-08-21 14:57:46.781098+00:00
2025-10-15,2025-11-14,Usenge,184.97,172.28,155.62,2026-08-21 14:57:46.781098+00:00
2025-10-15,2025-11-14,Voi,183.43,170.38,153.69,2026-08-21 14:57:46.781098+00:00
2025-10-15,2025-11-14,Wajir,200.17,187.12,170.43,2026-08-21 14:57:46.781098+00:00
2025-10-15,2025-11-14,Wamba,188.63,175.94,159.28,2026-08-21 14:57:46.781098+00:00
2025-10-15,2025-11-14,Webuye,184.75,172.06,155.4,2026-08-21 14:57:46.781098+00:00
2025-10-15,2025-11-14,Wundanji,184.3,171.25,154.56,2026-08-21 14:57:46.781098+00:00
2025-10-15,2025-11-14,Ziwa,184.35,171.66,155.01,2026-08-21 14:57:46.781098+00:00
2025-11-15,2025-12-14,Ahero,184.37,171.68,155.03,2026-08-21 14:57:46.781098+00:00
2025-11-15,2025-12-14,Alale,187.48,174.79,158.14,2026-08-21 14:57:46.781098+00:00
2025-11-15,2025-12-14,Archers Post,188.79,176.09,159.44,2026-08-21 14:57:46.781098+00:00
2025-11-15,2025-12-14,Arror,185.65,172.96,156.31,2026-08-21 14:57:46.781098+00:00
2025-11-15,2025-12-14,Asembo,184.15,171.45,154.8,2026-08-21 14:57:46.781098+00:00
2025-11-15,2025-12-14,Asilong,186.18,173.49,156.84,2026-08-21 14:57:46.781098+00:00
2025-11-15,2025-12-14,Awasi,183.94,171.25,154.6,2026-08-21 14:57:46.781098+00:00
2025-11-15,2025-12-14,Barwessa,185.89,173.2,156.55,2026-08-21 14:57:46.781098+00:00
2025-11-15,2025-12-14,Bomet,185.94,173.24,156.59,2026-08-21 14:57:46.781098+00:00
2025-11-15,2025-12-14,Bondo,184.37,171.68,155.03,2026-08-21 14:57:46.781098+00:00
2025-11-15,2025-12-14,Bungoma,185.33,172.64,155.99,2026-08-21 14:57:46.781098+00:00
2025-11-15,2025-12-14,Burgich,186.81,174.12,157.47,2026-08-21 14:57:46.781098+00:00
2025-11-15,2025-12-14,Burnt Forest,183.93,171.23,154.58,2026-08-21 14:57:46.781098+00:00
2025-11-15,2025-12-14,Busia,185.51,172.82,156.17,2026-08-21 14:57:46.781098+00:00
2025-11-15,2025-12-14,Bute,198.12,185.07,168.37,2026-08-21 14:57:46.781098+00:00
2025-11-15,2025-12-14,Chebara,184.68,171.99,155.34,2026-08-21 14:57:46.781098+00:00
2025-11-15,2025-12-14,Chepareria,186.1,173.4,156.75,2026-08-21 14:57:46.781098+00:00
2025-11-15,2025-12-14,Chepkorniswo,185.81,173.11,156.46,2026-08-21 14:57:46.781098+00:00
2025-11-15,2025-12-14,Cheptulu,184.75,172.06,155.4,2026-08-21 14:57:46.781098+00:00
2025-11-15,2025-12-14,Chuka,186.98,173.93,157.23,2026-08-21 14:57:46.781098+00:00
2025-11-15,2025-12-14,Chwele,185.8,173.11,156.46,2026-08-21 14:57:46.781098+00:00
2025-11-15,2025-12-14,Dadaab,193.75,180.7,164.01,2026-08-21 14:57:46.781098+00:00
2025-11-15,2025-12-14,Doldo,188.81,175.76,159.07,2026-08-21 14:57:46.781098+00:00
2025-11-15,2025-12-14,Eldama Ravine,185.45,172.75,156.1,2026-08-21 14:57:46.781098+00:00
2025-11-15,2025-12-14,Eldas,203.23,190.18,173.49,2026-08-21 14:57:46.781098+00:00
2025-11-15,2025-12-14,Eldoret,184.38,171.68,155.03,2026-08-21 14:57:46.781098+00:00
2025-11-15,2025-12-14,Elwak,202.68,189.63,172.93,2026-08-21 14:57:46.781098+00:00
2025-11-15,2025-12-14,Embu,186.06,173.01,156.31,2026-08-21 14:57:46.781098+00:00
2025-11-15,2025-12-14,Endebes,185.55,172.86,156.21,2026-08-21 14:57:46.781098+00:00
2025-11-15,2025-12-14,Etago,186.52,173.83,157.17,2026-08-21 14:57:46.781098+00:00
2025-11-15,2025-12-14,Funyula,185.26,172.57,155.91,2026-08-21 14:57:46.781098+00:00
2025-11-15,2025-12-14,Garissa,191.36,178.3,161.61,2026-08-21 14:57:46.781098+00:00
2025-11-15,2025-12-14,Garsen,184.95,171.9,155.21,2026-08-21 14:57:46.781098+00:00
2025-11-15,2025-12-14,Gilgil,183.13,170.43,153.78,2026-08-21 14:57:46.781098+00:00
2025-11-15,2025-12-14,Habaswein,196.02,182.97,166.26,2026-08-21 14:57:46.781098+00:00
2025-11-15,2025-12-14,Hadado,195.68,182.63,165.93,2026-08-21 14:57:46.781098+00:00
2025-11-15,2025-12-14,Harambee,184.08,171.38,154.73,2026-08-21 14:57:46.781098+00:00
2025-11-15,2025-12-14,Hola,187.07,174.02,157.33,2026-08-21 14:57:46.781098+00:00
2025-11-15,2025-12-14,Homabay,185.43,172.72,156.08,2026-08-21 14:57:46.781098+00:00
2025-11-15,2025-12-14,Ikonge,184.64,171.95,155.29,2026-08-21 14:57:46.781098+00:00
2025-11-15,2025-12-14,Isebania,187.39,174.7,158.04,2026-08-21 14:57:46.781098+00:00
2025-11-15,2025-12-14,Isiolo,189.25,176.2,159.51,2026-08-21 14:57:46.781098+00:00
2025-11-15,2025-12-14,Iten,184.38,171.68,155.03,2026-08-21 14:57:46.781098+00:00
2025-11-15,2025-12-14,Kabarnet,185.3,172.61,155.95,2026-08-21 14:57:46.781098+00:00
2025-11-15,2025-12-14,Kabartonjo,185.45,172.75,156.1,2026-08-21 14:57:46.781098+00:00
2025-11-15,2025-12-14,Kabiyet,184.01,171.32,154.67,2026-08-21 14:57:46.781098+00:00
2025-11-15,2025-12-14,Kacheliba,186.43,173.73,157.09,2026-08-21 14:57:46.781098+00:00
2025-11-15,2025-12-14,Kachibora,184.68,171.99,155.34,2026-08-21 14:57:46.781098+00:00
2025-11-15,2025-12-14,Kaibichbich,185.72,173.02,156.37,2026-08-21 14:57:46.781098+00:00
2025-11-15,2025-12-14,Kaiboi,184.1,171.41,154.75,2026-08-21 14:57:46.781098+00:00
2025-11-15,2025-12-14,Kainuk,187.6,174.9,158.25,2026-08-21 14:57:46.781098+00:00
2025-11-15,2025-12-14,Kajiado,184.87,171.82,155.13,2026-08-21 14:57:46.781098+00:00
2025-11-15,2025-12-14,Kakamega,184.09,171.4,154.75,2026-08-21 14:57:46.781098+00:00
2025-11-15,2025-12-14,Kakuma,193.99,181.3,164.65,2026-08-21 14:57:46.781098+00:00
2025-11-15,2025-12-14,Kalacha,197.93,184.88,168.19,2026-08-21 14:57:46.781098+00:00
2025-11-15,2025-12-14,Kalemngorok,188.4,175.71,159.06,2026-08-21 14:57:46.781098+00:00
2025-11-15,2025-12-14,Kalokol,192.56,179.87,163.21,2026-08-21 14:57:46.781098+00:00
2025-11-15,2025-12-14,Kaloleni,181.15,168.1,151.4,2026-08-21 14:57:46.781098+00:00
2025-11-15,2025-12-14,Kapcherop,185.07,172.38,155.72,2026-08-21 14:57:46.781098+00:00
2025-11-15,2025-12-14,Kapedo,188.89,176.19,159.54,2026-08-21 14:57:46.781098+00:00
2025-11-15,2025-12-14,Kapenguria,185.74,173.05,156.39,2026-08-21 14:57:46.781098+00:00
2025-11-15,2025-12-14,Kapese,189.45,176.76,160.1,2026-08-21 14:57:46.781098+00:00
2025-11-15,2025-12-14,Kaplamai,184.73,172.04,155.38,2026-08-21 14:57:46.781098+00:00
2025-11-15,2025-12-14,Kapsabet,184.03,171.34,154.7,2026-08-21 14:57:46.781098+00:00
2025-11-15,2025-12-14,Kapsowar,184.89,172.19,155.54,2026-08-21 14:57:46.781098+00:00
2025-11-15,2025-12-14,Kaptarakwa,184.35,171.66,155.01,2026-08-21 14:57:46.781098+00:00
2025-11-15,2025-12-14,Kaspokwony,185.89,173.2,156.54,2026-08-21 14:57:46.781098+00:00
2025-11-15,2025-12-14,Kehancha,187.55,174.85,158.2,2026-08-21 14:57:46.781098+00:00
2025-11-15,2025-12-14,Kericho,184.89,172.19,155.54,2026-08-21 14:57:46.781098+00:00
2025-11-15,2025-12-14,Kerina,185.75,173.06,156.41,2026-08-21 14:57:46.781098+00:00
2025-11-15,2025-12-14,Keringet,185.24,172.55,155.9,2026-08-21 14:57:46.781098+00:00
2025-11-15,2025-12-14,Keroka,185.55,172.86,156.2,2026-08-21 14:57:46.781098+00:00
2025-11-15,2025-12-14,Kerugoya,185.92,172.87,156.18,2026-08-21 14:57:46.781098+00:00
2025-11-15,2025-12-14,Kesses,184.38,171.68,155.03,2026-08-21 14:57:46.781098+00:00
2025-11-15,2025-12-14,Keumbu,185.65,172.95,156.3,2026-08-21 14:57:46.781098+00:00
2025-11-15,2025-12-14,Kibish,197.95,185.25,168.6,2026-08-21 14:57:46.781098+00:00
2025-11-15,2025-12-14,Kiganjo,186.46,173.41,156.71,2026-08-21 14:57:46.781098+00:00
2025-11-15,2025-12-14,Kilgoris,186.4,173.71,157.06,2026-08-21 14:57:46.781098+00:00
2025-11-15,2025-12-14,Kilifi,182.11,169.06,152.36,2026-08-21 14:57:46.781098+00:00
2025-11-15,2025-12-14,Kimilili,185.67,172.97,156.32,2026-08-21 14:57:46.781098+00:00
2025-11-15,2025-12-14,Kiminini,184.95,172.26,155.61,2026-08-21 14:57:46.781098+00:00
2025-11-15,2025-12-14,Kimwarer,184.56,171.85,155.21,2026-08-21 14:57:46.781098+00:00
2025-11-15,2025-12-14,Kiplombe,184.38,171.68,155.03,2026-08-21 14:57:46.781098+00:00
2025-11-15,2025-12-14,Kipsaraman,187.46,174.77,158.12,2026-08-21 14:57:46.781098+00:00
2025-11-15,2025-12-14,Kisii,185.53,172.84,156.18,2026-08-21 14:57:46.781098+00:00
2025-11-15,2025-12-14,Kisumu,184.37,171.68,155.03,2026-08-21 14:57:46.781098+00:00
2025-11-15,2025-12-14,Kitale,184.64,171.95,155.3,2026-08-21 14:57:46.781098+00:00
2025-11-15,2025-12-14,Kitui,186.8,173.75,157.05,2026-08-21 14:57:46.781098+00:00
2025-11-15,2025-12-14,Kiwawa,187.48,174.79,158.14,2026-08-21 14:57:46.781098+00:00
2025-11-15,2025-12-14,Kobujoi,184.82,172.12,155.47,2026-08-21 14:57:46.781098+00:00
2025-11-15,2025-12-14,Korr,194.51,181.46,164.76,2026-08-21 14:57:46.781098+00:00
2025-11-15,2025-12-14,Kunyao,186.9,174.21,157.55,2026-08-21 14:57:46.781098+00:00
2025-11-15,2025-12-14,Kwale,181.62,168.57,151.88,2026-08-21 14:57:46.781098+00:00
2025-11-15,2025-12-14,Kwanza,185.91,173.22,156.57,2026-08-21 14:57:46.781098+00:00
2025-11-15,2025-12-14,Laisamis,192.88,179.83,163.13,2026-08-21 14:57:46.781098+00:00
2025-11-15,2025-12-14,Lamu,186.58,173.54,156.84,2026-08-21 14:57:46.781098+00:00
2025-11-15,2025-12-14,Lamuria,187.29,174.24,157.54,2026-08-21 14:57:46.781098+00:00
2025-11-15,2025-12-14,Liboi,196.14,183.09,166.4,2026-08-21 14:57:46.781098+00:00
2025-11-15,2025-12-14,Likoni Mainland,181.62,168.57,151.88,2026-08-21 14:57:46.781098+00:00
2025-11-15,2025-12-14,Lodosoit,190.69,177.99,161.34,2026-08-21 14:57:46.781098+00:00
2025-11-15,2025-12-14,Lodwar,191.24,178.55,161.9,2026-08-21 14:57:46.781098+00:00
2025-11-15,2025-12-14,Loima,189.72,177.03,160.37,2026-08-21 14:57:46.781098+00:00
2025-11-15,2025-12-14,Lokichar,189.52,176.82,160.17,2026-08-21 14:57:46.781098+00:00
2025-11-15,2025-12-14,Lokichogio,196.05,183.35,166.7,2026-08-21 14:57:46.781098+00:00
2025-11-15,2025-12-14,Lokiriama,192.42,179.73,163.08,2026-08-21 14:57:46.781098+00:00
2025-11-15,2025-12-14,Lokitaung,197.55,184.86,168.2,2026-08-21 14:57:46.781098+00:00
2025-11-15,2025-12-14,Lokori,190.15,177.45,160.8,2026-08-21 14:57:46.781098+00:00
2025-11-15,2025-12-14,Lomut,188.89,176.19,159.54,2026-08-21 14:57:46.781098+00:00
2025-11-15,2025-12-14,Londiani,183.64,170.95,154.29,2026-08-21 14:57:46.781098+00:00
2025-11-15,2025-12-14,Loruk,187.24,174.54,157.89,2026-08-21 14:57:46.781098+00:00
2025-11-15,2025-12-14,Loyangalani,198.05,185.0,168.3,2026-08-21 14:57:46.781098+00:00
2025-11-15,2025-12-14,Lugari,185.31,172.62,155.96,2026-08-21 14:57:46.781098+00:00
2025-11-15,2025-12-14,Lungalunga,182.49,169.44,152.75,2026-08-21 14:57:46.781098+00:00
2025-11-15,2025-12-14,Machakos,184.56,171.51,154.81,2026-08-21 14:57:46.781098+00:00
2025-11-15,2025-12-14,Magenche,186.69,174.0,157.35,2026-08-21 14:57:46.781098+00:00
2025-11-15,2025-12-14,Mai Mahiu,184.36,171.31,154.61,2026-08-21 14:57:46.781098+00:00
2025-11-15,2025-12-14,Maikona,196.99,183.94,167.25,2026-08-21 14:57:46.781098+00:00
2025-11-15,2025-12-14,Makuyu,184.65,171.6,154.9,2026-08-21 14:57:46.781098+00:00
2025-11-15,2025-12-14,Malaba,186.03,173.34,156.68,2026-08-21 14:57:46.781098+00:00
2025-11-15,2025-12-14,Malava,184.64,171.95,155.29,2026-08-21 14:57:46.781098+00:00
2025-11-15,2025-12-14,Malindi,182.47,169.42,152.72,2026-08-21 14:57:46.781098+00:00
2025-11-15,2025-12-14,Mandera,206.7,193.65,176.96,2026-08-21 14:57:46.781098+00:00
2025-11-15,2025-12-14,Maralal,187.18,174.48,157.83,2026-08-21 14:57:46.781098+00:00
2025-11-15,2025-12-14,Marani,185.13,172.43,155.79,2026-08-21 14:57:46.781098+00:00
2025-11-15,2025-12-14,Marereni,183.6,170.56,153.86,2026-08-21 14:57:46.781098+00:00
2025-11-15,2025-12-14,Marich,186.63,173.94,157.28,2026-08-21 14:57:46.781098+00:00
2025-11-15,2025-12-14,Marigat,184.45,171.75,155.1,2026-08-21 14:57:46.781098+00:00
2025-11-15,2025-12-14,Marimanti,188.14,175.09,158.4,2026-08-21 14:57:46.781098+00:00
2025-11-15,2025-12-14,Marsabit,197.73,184.68,167.99,2026-08-21 14:57:46.781098+00:00
2025-11-15,2025-12-14,Matunda,184.0,171.3,154.65,2026-08-21 14:57:46.781098+00:00
2025-11-15,2025-12-14,Matuu,185.7,172.65,155.96,2026-08-21 14:57:46.781098+00:00
2025-11-15,2025-12-14,Maua,190.29,177.24,160.54,2026-08-21 14:57:46.781098+00:00
2025-11-15,2025-12-14,Mbale,184.37,171.68,155.03,2026-08-21 14:57:46.781098+00:00
2025-11-15,2025-12-14,Mbita,185.4,172.7,156.05,2026-08-21 14:57:46.781098+00:00
2025-11-15,2025-12-14,Merille,192.36,179.31,162.62,2026-08-21 14:57:46.781098+00:00
2025-11-15,2025-12-14,Merti,193.4,180.35,163.65,2026-08-21 14:57:46.781098+00:00
2025-11-15,2025-12-14,Meru,189.51,176.45,159.75,2026-08-21 14:57:46.781098+00:00
2025-11-15,2025-12-14,Migori,186.9,174.2,157.55,2026-08-21 14:57:46.781098+00:00
2025-11-15,2025-12-14,Minjila,184.79,171.74,155.05,2026-08-21 14:57:46.781098+00:00
2025-11-15,2025-12-14,Modogashe,196.26,183.21,166.52,2026-08-21 14:57:46.781098+00:00
2025-11-15,2025-12-14,Mogotio,183.11,170.41,153.76,2026-08-21 14:57:46.781098+00:00
2025-11-15,2025-12-14,Moi's Bridge,184.13,171.44,154.78,2026-08-21 14:57:46.781098+00:00
2025-11-15,2025-12-14,Moiben,184.03,171.34,154.7,2026-08-21 14:57:46.781098+00:00
2025-11-15,2025-12-14,Molo,183.26,170.57,153.91,2026-08-21 14:57:46.781098+00:00
2025-11-15,2025-12-14,Mombasa,181.24,168.19,151.49,2026-08-21 14:57:46.781098+00:00
2025-11-15,2025-12-14,Morpus,186.01,173.32,156.66,2026-08-21 14:57:46.781098+00:00
2025-11-15,2025-12-14,Moyale,200.46,187.41,170.72,2026-08-21 14:57:46.781098+00:00
2025-11-15,2025-12-14,Mpeketoni,186.58,173.54,156.84,2026-08-21 14:57:46.781098+00:00
2025-11-15,2025-12-14,Mtito Andei,188.36,175.31,158.62,2026-08-21 14:57:46.781098+00:00
2025-11-15,2025-12-14,Muhoroni,184.41,171.71,155.06,2026-08-21 14:57:46.781098+00:00
2025-11-15,2025-12-14,Muhuru Bay,187.14,174.45,157.79,2026-08-21 14:57:46.781098+00:00
2025-11-15,2025-12-14,Mumias,184.57,171.88,155.23,2026-08-21 14:57:46.781098+00:00
2025-11-15,2025-12-14,Muranga,185.05,172.0,155.31,2026-08-21 14:57:46.781098+00:00
2025-11-15,2025-12-14,Mutuobare,187.0,173.95,157.25,2026-08-21 14:57:46.781098+00:00
2025-11-15,2025-12-14,Mwatate,184.01,170.96,154.27,2026-08-21 14:57:46.781098+00:00
2025-11-15,2025-12-14,Mwingi,187.47,174.42,157.72,2026-08-21 14:57:46.781098+00:00
2025-11-15,2025-12-14,Naiberi,184.38,171.68,155.03,2026-08-21 14:57:46.781098+00:00
2025-11-15,2025-12-14,Nairobi,184.52,171.47,154.78,2026-08-21 14:57:46.781098+00:00
2025-11-15,2025-12-14,Naivasha,183.76,171.06,154.41,2026-08-21 14:57:46.781098+00:00
2025-11-15,2025-12-14,Nakalale,195.91,183.22,166.56,2026-08-21 14:57:46.781098+00:00
2025-11-15,2025-12-14,Nakuru,183.56,170.87,154.21,2026-08-21 14:57:46.781098+00:00
2025-11-15,2025-12-14,Namanga,186.82,173.77,157.07,2026-08-21 14:57:46.781098+00:00
2025-11-15,2025-12-14,Nambale,185.51,172.82,156.17,2026-08-21 14:57:46.781098+00:00
2025-11-15,2025-12-14,Nandi Hills,184.35,171.66,155.01,2026-08-21 14:57:46.781098+00:00
2025-11-15,2025-12-14,Nanyuki,187.49,174.44,157.75,2026-08-21 14:57:46.781098+00:00
2025-11-15,2025-12-14,Narok,186.55,173.5,156.81,2026-08-21 14:57:46.781098+00:00
2025-11-15,2025-12-14,Ndhiwa,186.01,173.3,156.66,2026-08-21 14:57:46.781098+00:00
2025-11-15,2025-12-14,Nkubu,189.17,176.12,159.42,2026-08-21 14:57:46.781098+00:00
2025-11-15,2025-12-14,North Horr,199.39,186.34,169.64,2026-08-21 14:57:46.781098+00:00
2025-11-15,2025-12-14,Ntimaru,188.08,175.39,158.73,2026-08-21 14:57:46.781098+00:00
2025-11-15,2025-12-14,Nyahururu,183.62,170.93,154.28,2026-08-21 14:57:46.781098+00:00
2025-11-15,2025-12-14,Nyamira,185.0,172.31,155.65,2026-08-21 14:57:46.781098+00:00
2025-11-15,2025-12-14,Nyangusu,186.25,173.55,156.9,2026-08-21 14:57:46.781098+00:00
2025-11-15,2025-12-14,Nyansiongo,185.33,172.63,155.98,2026-08-21 14:57:46.781098+00:00
2025-11-15,2025-12-14,Nyeri,186.53,173.48,156.78,2026-08-21 14:57:46.781098+00:00
2025-11-15,2025-12-14,O'lessos,184.13,171.44,154.78,2026-08-21 14:57:46.781098+00:00
2025-11-15,2025-12-14,Ogembo,185.8,173.11,156.46,2026-08-21 14:57:46.781098+00:00
2025-11-15,2025-12-14,Oldonyiro,188.23,175.17,158.48,2026-08-21 14:57:46.781098+00:00
2025-11-15,2025-12-14,Olenguruone,184.47,171.77,155.12,2026-08-21 14:57:46.781098+00:00
2025-11-15,2025-12-14,Orolwo,186.25,173.56,156.91,2026-08-21 14:57:46.781098+00:00
2025-11-15,2025-12-14,Ortum,186.77,174.07,157.42,2026-08-21 14:57:46.781098+00:00
2025-11-15,2025-12-14,Oyugis,185.02,172.33,155.67,2026-08-21 14:57:46.781098+00:00
2025-11-15,2025-12-14,Port Bunyala,185.58,172.89,156.23,2026-08-21 14:57:46.781098+00:00
2025-11-15,2025-12-14,Rangwe,185.51,172.82,156.17,2026-08-21 14:57:46.781098+00:00
2025-11-15,2025-12-14,Rodi Kopany,185.53,172.84,156.18,2026-08-21 14:57:46.781098+00:00
2025-11-15,2025-12-14,Rongo,185.96,173.26,156.61,2026-08-21 14:57:46.781098+00:00
2025-11-15,2025-12-14,Rumuruti,184.56,171.87,155.22,2026-08-21 14:57:46.781098+00:00
2025-11-15,2025-12-14,Saboti,185.0,172.31,155.66,2026-08-21 14:57:46.781098+00:00
2025-11-15,2025-12-14,Sagana,185.44,172.39,155.68,2026-08-21 14:57:46.781098+00:00
2025-11-15,2025-12-14,Sambalat,186.25,173.56,156.91,2026-08-21 14:57:46.781098+00:00
2025-11-15,2025-12-14,Samburu,181.39,168.34,151.66,2026-08-21 14:57:46.781098+00:00
2025-11-15,2025-12-14,Sebit,186.17,173.47,156.82,2026-08-21 14:57:46.781098+00:00
2025-11-15,2025-12-14,Sengera,186.11,173.42,156.77,2026-08-21 14:57:46.781098+00:00
2025-11-15,2025-12-14,Serem,184.95,172.26,155.61,2026-08-21 14:57:46.781098+00:00
2025-11-15,2025-12-14,Siaya,184.58,171.89,155.24,2026-08-21 14:57:46.781098+00:00
2025-11-15,2025-12-14,Sigor,187.04,174.34,157.69,2026-08-21 14:57:46.781098+00:00
2025-11-15,2025-12-14,Sindo,185.53,172.84,156.18,2026-08-21 14:57:46.781098+00:00
2025-11-15,2025-12-14,SioPort,185.48,172.79,156.14,2026-08-21 14:57:46.781098+00:00
2025-11-15,2025-12-14,Sipili,188.79,175.74,159.04,2026-08-21 14:57:46.781098+00:00
2025-11-15,2025-12-14,Sololo,198.83,185.77,169.08,2026-08-21 14:57:46.781098+00:00
2025-11-15,2025-12-14,Sondu,184.18,171.49,154.84,2026-08-21 14:57:46.781098+00:00
2025-11-15,2025-12-14,Songor,185.69,173.0,156.34,2026-08-21 14:57:46.781098+00:00
2025-11-15,2025-12-14,Sotik,185.24,172.54,155.89,2026-08-21 14:57:46.781098+00:00
2025-11-15,2025-12-14,Soy,184.01,171.32,154.67,2026-08-21 14:57:46.781098+00:00
2025-11-15,2025-12-14,Tambach,184.08,171.39,154.74,2026-08-21 14:57:46.781098+00:00
2025-11-15,2025-12-14,Tarbaj,199.9,186.85,170.16,2026-08-21 14:57:46.781098+00:00
2025-11-15,2025-12-14,Taru,181.7,168.65,151.97,2026-08-21 14:57:46.781098+00:00
2025-11-15,2025-12-14,Taveta,185.87,172.82,156.12,2026-08-21 14:57:46.781098+00:00
2025-11-15,2025-12-14,Tenges,185.69,173.0,156.34,2026-08-21 14:57:46.781098+00:00
2025-11-15,2025-12-14,Thika,184.16,171.11,154.42,2026-08-21 14:57:46.781098+00:00
2025-11-15,2025-12-14,Timboroa,184.42,171.73,155.07,2026-08-21 14:57:46.781098+00:00
2025-11-15,2025-12-14,Tindiret,185.55,172.86,156.21,2026-08-21 14:57:46.781098+00:00
2025-11-15,2025-12-14,Tot,186.01,173.32,156.66,2026-08-21 14:57:46.781098+00:00
2025-11-15,2025-12-14,Turbi,197.71,184.66,167.97,2026-08-21 14:57:46.781098+00:00
2025-11-15,2025-12-14,Turbo,183.93,171.23,154.58,2026-08-21 14:57:46.781098+00:00
2025-11-15,2025-12-14,Ugunja,184.75,172.05,155.4,2026-08-21 14:57:46.781098+00:00
2025-11-15,2025-12-14,Usenge,184.97,172.28,155.62,2026-08-21 14:57:46.781098+00:00
2025-11-15,2025-12-14,Voi,183.43,170.38,153.69,2026-08-21 14:57:46.781098+00:00
2025-11-15,2025-12-14,Wajir,200.17,187.12,170.43,2026-08-21 14:57:46.781098+00:00
2025-11-15,2025-12-14,Wamba,188.63,175.94,159.28,2026-08-21 14:57:46.781098+00:00
2025-11-15,2025-12-14,Webuye,184.75,172.06,155.4,2026-08-21 14:57:46.781098+00:00
2025-11-15,2025-12-14,Wundanji,184.3,171.25,154.56,2026-08-21 14:57:46.781098+00:00
2025-11-15,2025-12-14,Ziwa,184.35,171.66,155.01,2026-08-21 14:57:46.781098+00:00
2025-12-15,2026-01-14,Ahero,184.37,171.68,155.03,2026-08-21 14:57:46.781098+00:00
2025-12-15,2026-01-14,Alale,187.48,174.79,158.14,2026-08-21 14:57:46.781098+00:00
2025-12-15,2026-01-14,Archers Post,188.79,176.09,159.44,2026-08-21 14:57:46.781098+00:00
2025-12-15,2026-01-14,Arror,185.65,172.96,156.31,2026-08-21 14:57:46.781098+00:00
2025-12-15,2026-01-14,Asembo,184.15,171.45,154.8,2026-08-21 14:57:46.781098+00:00
2025-12-15,2026-01-14,Asilong,186.18,173.49,156.84,2026-08-21 14:57:46.781098+00:00
2025-12-15,2026-01-14,Awasi,183.94,171.25,154.6,2026-08-21 14:57:46.781098+00:00
2025-12-15,2026-01-14,Barwessa,185.89,173.2,156.55,2026-08-21 14:57:46.781098+00:00
2025-12-15,2026-01-14,Bomet,185.94,173.24,156.59,2026-08-21 14:57:46.781098+00:00
2025-12-15,2026-01-14,Bondo,184.37,171.68,155.03,2026-08-21 14:57:46.781098+00:00
2025-12-15,2026-01-14,Bungoma,185.33,172.64,155.99,2026-08-21 14:57:46.781098+00:00
2025-12-15,2026-01-14,Burgich,186.81,174.12,157.47,2026-08-21 14:57:46.781098+00:00
2025-12-15,2026-01-14,Burnt Forest,183.93,171.23,154.58,2026-08-21 14:57:46.781098+00:00
2025-12-15,2026-01-14,Busia,185.51,172.82,156.17,2026-08-21 14:57:46.781098+00:00
2025-12-15,2026-01-14,Bute,198.12,185.07,168.37,2026-08-21 14:57:46.781098+00:00
2025-12-15,2026-01-14,Chebara,184.68,171.99,155.34,2026-08-21 14:57:46.781098+00:00
2025-12-15,2026-01-14,Chepareria,186.1,173.4,156.75,2026-08-21 14:57:46.781098+00:00
2025-12-15,2026-01-14,Chepkorniswo,185.81,173.11,156.46,2026-08-21 14:57:46.781098+00:00
2025-12-15,2026-01-14,Cheptulu,184.75,172.06,155.4,2026-08-21 14:57:46.781098+00:00
2025-12-15,2026-01-14,Chuka,186.98,173.93,157.23,2026-08-21 14:57:46.781098+00:00
2025-12-15,2026-01-14,Chwele,185.8,173.11,156.46,2026-08-21 14:57:46.781098+00:00
2025-12-15,2026-01-14,Dadaab,193.75,180.7,164.01,2026-08-21 14:57:46.781098+00:00
2025-12-15,2026-01-14,Doldo,188.81,175.76,159.07,2026-08-21 14:57:46.781098+00:00
2025-12-15,2026-01-14,Eldama Ravine,185.45,172.75,156.1,2026-08-21 14:57:46.781098+00:00
2025-12-15,2026-01-14,Eldas,203.23,190.18,173.49,2026-08-21 14:57:46.781098+00:00
2025-12-15,2026-01-14,Eldoret,184.38,171.68,155.03,2026-08-21 14:57:46.781098+00:00
2025-12-15,2026-01-14,Elwak,202.68,189.63,172.93,2026-08-21 14:57:46.781098+00:00
2025-12-15,2026-01-14,Embu,186.06,173.01,156.31,2026-08-21 14:57:46.781098+00:00
2025-12-15,2026-01-14,Endebes,185.55,172.86,156.21,2026-08-21 14:57:46.781098+00:00
2025-12-15,2026-01-14,Etago,186.52,173.83,157.17,2026-08-21 14:57:46.781098+00:00
2025-12-15,2026-01-14,Funyula,185.26,172.57,155.91,2026-08-21 14:57:46.781098+00:00
2025-12-15,2026-01-14,Garissa,191.36,178.3,161.61,2026-08-21 14:57:46.781098+00:00
2025-12-15,2026-01-14,Garsen,184.95,171.9,155.21,2026-08-21 14:57:46.781098+00:00
2025-12-15,2026-01-14,Gilgil,183.13,170.43,153.78,2026-08-21 14:57:46.781098+00:00
2025-12-15,2026-01-14,Habaswein,196.02,182.97,166.26,2026-08-21 14:57:46.781098+00:00
2025-12-15,2026-01-14,Hadado,195.68,182.63,165.93,2026-08-21 14:57:46.781098+00:00
2025-12-15,2026-01-14,Harambee,184.08,171.38,154.73,2026-08-21 14:57:46.781098+00:00
2025-12-15,2026-01-14,Hola,187.07,174.02,157.33,2026-08-21 14:57:46.781098+00:00
2025-12-15,2026-01-14,Homabay,185.43,172.72,156.08,2026-08-21 14:57:46.781098+00:00
2025-12-15,2026-01-14,Ikonge,184.64,171.95,155.29,2026-08-21 14:57:46.781098+00:00
2025-12-15,2026-01-14,Isebania,187.39,174.7,158.04,2026-08-21 14:57:46.781098+00:00
2025-12-15,2026-01-14,Isiolo,189.25,176.2,159.51,2026-08-21 14:57:46.781098+00:00
2025-12-15,2026-01-14,Iten,184.38,171.68,155.03,2026-08-21 14:57:46.781098+00:00
2025-12-15,2026-01-14,Kabarnet,185.3,172.61,155.95,2026-08-21 14:57:46.781098+00:00
2025-12-15,2026-01-14,Kabartonjo,185.45,172.75,156.1,2026-08-21 14:57:46.781098+00:00
2025-12-15,2026-01-14,Kabiyet,184.01,171.32,154.67,2026-08-21 14:57:46.781098+00:00
2025-12-15,2026-01-14,Kacheliba,186.43,173.73,157.09,2026-08-21 14:57:46.781098+00:00
2025-12-15,2026-01-14,Kachibora,184.68,171.99,155.34,2026-08-21 14:57:46.781098+00:00
2025-12-15,2026-01-14,Kaibichbich,185.72,173.02,156.37,2026-08-21 14:57:46.781098+00:00
2025-12-15,2026-01-14,Kaiboi,184.1,171.41,154.75,2026-08-21 14:57:46.781098+00:00
2025-12-15,2026-01-14,Kainuk,187.6,174.9,158.25,2026-08-21 14:57:46.781098+00:00
2025-12-15,2026-01-14,Kajiado,184.87,171.82,155.13,2026-08-21 14:57:46.781098+00:00
2025-12-15,2026-01-14,Kakamega,184.09,171.4,154.75,2026-08-21 14:57:46.781098+00:00
2025-12-15,2026-01-14,Kakuma,193.99,181.3,164.65,2026-08-21 14:57:46.781098+00:00
2025-12-15,2026-01-14,Kalacha,197.93,184.88,168.19,2026-08-21 14:57:46.781098+00:00
2025-12-15,2026-01-14,Kalemngorok,188.4,175.71,159.06,2026-08-21 14:57:46.781098+00:00
2025-12-15,2026-01-14,Kalokol,192.56,179.87,163.21,2026-08-21 14:57:46.781098+00:00
2025-12-15,2026-01-14,Kaloleni,181.15,168.1,151.4,2026-08-21 14:57:46.781098+00:00
2025-12-15,2026-01-14,Kapcherop,185.07,172.38,155.72,2026-08-21 14:57:46.781098+00:00
2025-12-15,2026-01-14,Kapedo,188.89,176.19,159.54,2026-08-21 14:57:46.781098+00:00
2025-12-15,2026-01-14,Kapenguria,185.74,173.05,156.39,2026-08-21 14:57:46.781098+00:00
2025-12-15,2026-01-14,Kapese,189.45,176.76,160.1,2026-08-21 14:57:46.781098+00:00
2025-12-15,2026-01-14,Kaplamai,184.73,172.04,155.38,2026-08-21 14:57:46.781098+00:00
2025-12-15,2026-01-14,Kapsabet,184.03,171.34,154.7,2026-08-21 14:57:46.781098+00:00
2025-12-15,2026-01-14,Kapsowar,184.89,172.19,155.54,2026-08-21 14:57:46.781098+00:00
2025-12-15,2026-01-14,Kaptarakwa,184.35,171.66,155.01,2026-08-21 14:57:46.781098+00:00
2025-12-15,2026-01-14,Kaspokwony,185.89,173.2,156.54,2026-08-21 14:57:46.781098+00:00
2025-12-15,2026-01-14,Kehancha,187.55,174.85,158.2,2026-08-21 14:57:46.781098+00:00
2025-12-15,2026-01-14,Kericho,184.89,172.19,155.54,2026-08-21 14:57:46.781098+00:00
2025-12-15,2026-01-14,Kerina,185.75,173.06,156.41,2026-08-21 14:57:46.781098+00:00
2025-12-15,2026-01-14,Keringet,185.24,172.55,155.9,2026-08-21 14:57:46.781098+00:00
2025-12-15,2026-01-14,Keroka,185.55,172.86,156.2,2026-08-21 14:57:46.781098+00:00
2025-12-15,2026-01-14,Kerugoya,185.92,172.87,156.18,2026-08-21 14:57:46.781098+00:00
2025-12-15,2026-01-14,Kesses,184.38,171.68,155.03,2026-08-21 14:57:46.781098+00:00
2025-12-15,2026-01-14,Keumbu,185.65,172.95,156.3,2026-08-21 14:57:46.781098+00:00
2025-12-15,2026-01-14,Kibish,197.95,185.25,168.6,2026-08-21 14:57:46.781098+00:00
2025-12-15,2026-01-14,Kiganjo,186.46,173.41,156.71,2026-08-21 14:57:46.781098+00:00
2025-12-15,2026-01-14,Kilgoris,186.4,173.71,157.06,2026-08-21 14:57:46.781098+00:00
2025-12-15,2026-01-14,Kilifi,182.11,169.06,152.36,2026-08-21 14:57:46.781098+00:00
2025-12-15,2026-01-14,Kimilili,185.67,172.97,156.32,2026-08-21 14:57:46.781098+00:00
2025-12-15,2026-01-14,Kiminini,184.95,172.26,155.61,2026-08-21 14:57:46.781098+00:00
2025-12-15,2026-01-14,Kimwarer,184.56,171.85,155.21,2026-08-21 14:57:46.781098+00:00
2025-12-15,2026-01-14,Kiplombe,184.38,171.68,155.03,2026-08-21 14:57:46.781098+00:00
2025-12-15,2026-01-14,Kipsaraman,187.46,174.77,158.12,2026-08-21 14:57:46.781098+00:00
2025-12-15,2026-01-14,Kisii,185.53,172.84,156.18,2026-08-21 14:57:46.781098+00:00
2025-12-15,2026-01-14,Kisumu,184.37,171.68,155.03,2026-08-21 14:57:46.781098+00:00
2025-12-15,2026-01-14,Kitale,184.64,171.95,155.3,2026-08-21 14:57:46.781098+00:00
2025-12-15,2026-01-14,Kitui,186.8,173.75,157.05,2026-08-21 14:57:46.781098+00:00
2025-12-15,2026-01-14,Kiwawa,187.48,174.79,158.14,2026-08-21 14:57:46.781098+00:00
2025-12-15,2026-01-14,Kobujoi,184.82,172.12,155.47,2026-08-21 14:57:46.781098+00:00
2025-12-15,2026-01-14,Korr,194.51,181.46,164.76,2026-08-21 14:57:46.781098+00:00
2025-12-15,2026-01-14,Kunyao,186.9,174.21,157.55,2026-08-21 14:57:46.781098+00:00
2025-12-15,2026-01-14,Kwale,181.62,168.57,151.88,2026-08-21 14:57:46.781098+00:00
2025-12-15,2026-01-14,Kwanza,185.91,173.22,156.57,2026-08-21 14:57:46.781098+00:00
2025-12-15,2026-01-14,Laisamis,192.88,179.83,163.13,2026-08-21 14:57:46.781098+00:00
2025-12-15,2026-01-14,Lamu,186.58,173.54,156.84,2026-08-21 14:57:46.781098+00:00
2025-12-15,2026-01-14,Lamuria,187.29,174.24,157.54,2026-08-21 14:57:46.781098+00:00
2025-12-15,2026-01-14,Liboi,196.14,183.09,166.4,2026-08-21 14:57:46.781098+00:00
2025-12-15,2026-01-14,Likoni Mainland,181.62,168.57,151.88,2026-08-21 14:57:46.781098+00:00
2025-12-15,2026-01-14,Lodosoit,190.69,177.99,161.34,2026-08-21 14:57:46.781098+00:00
2025-12-15,2026-01-14,Lodwar,191.24,178.55,161.9,2026-08-21 14:57:46.781098+00:00
2025-12-15,2026-01-14,Loima,189.72,177.03,160.37,2026-08-21 14:57:46.781098+00:00
2025-12-15,2026-01-14,Lokichar,189.52,176.82,160.17,2026-08-21 14:57:46.781098+00:00
2025-12-15,2026-01-14,Lokichogio,196.05,183.35,166.7,2026-08-21 14:57:46.781098+00:00
2025-12-15,2026-01-14,Lokiriama,192.42,179.73,163.08,2026-08-21 14:57:46.781098+00:00
2025-12-15,2026-01-14,Lokitaung,197.55,184.86,168.2,2026-08-21 14:57:46.781098+00:00
2025-12-15,2026-01-14,Lokori,190.15,177.45,160.8,2026-08-21 14:57:46.781098+00:00
2025-12-15,2026-01-14,Lomut,188.89,176.19,159.54,2026-08-21 14:57:46.781098+00:00
2025-12-15,2026-01-14,Londiani,183.64,170.95,154.29,2026-08-21 14:57:46.781098+00:00
2025-12-15,2026-01-14,Loruk,187.24,174.54,157.89,2026-08-21 14:57:46.781098+00:00
2025-12-15,2026-01-14,Loyangalani,198.05,185.0,168.3,2026-08-21 14:57:46.781098+00:00
2025-12-15,2026-01-14,Lugari,185.31,172.62,155.96,2026-08-21 14:57:46.781098+00:00
2025-12-15,2026-01-14,Lungalunga,182.49,169.44,152.75,2026-08-21 14:57:46.781098+00:00
2025-12-15,2026-01-14,Machakos,184.56,171.51,154.81,2026-08-21 14:57:46.781098+00:00
2025-12-15,2026-01-14,Magenche,186.69,174.0,157.35,2026-08-21 14:57:46.781098+00:00
2025-12-15,2026-01-14,Mai Mahiu,184.36,171.31,154.61,2026-08-21 14:57:46.781098+00:00
2025-12-15,2026-01-14,Maikona,196.99,183.94,167.25,2026-08-21 14:57:46.781098+00:00
2025-12-15,2026-01-14,Makuyu,184.65,171.6,154.9,2026-08-21 14:57:46.781098+00:00
2025-12-15,2026-01-14,Malaba,186.03,173.34,156.68,2026-08-21 14:57:46.781098+00:00
2025-12-15,2026-01-14,Malava,184.64,171.95,155.29,2026-08-21 14:57:46.781098+00:00
2025-12-15,2026-01-14,Malindi,182.47,169.42,152.72,2026-08-21 14:57:46.781098+00:00
2025-12-15,2026-01-14,Mandera,206.7,193.65,176.96,2026-08-21 14:57:46.781098+00:00
2025-12-15,2026-01-14,Maralal,187.18,174.48,157.83,2026-08-21 14:57:46.781098+00:00
2025-12-15,2026-01-14,Marani,185.13,172.43,155.79,2026-08-21 14:57:46.781098+00:00
2025-12-15,2026-01-14,Marereni,183.6,170.56,153.86,2026-08-21 14:57:46.781098+00:00
2025-12-15,2026-01-14,Marich,186.63,173.94,157.28,2026-08-21 14:57:46.781098+00:00
2025-12-15,2026-01-14,Marigat,184.45,171.75,155.1,2026-08-21 14:57:46.781098+00:00
2025-12-15,2026-01-14,Marimanti,188.14,175.09,158.4,2026-08-21 14:57:46.781098+00:00
2025-12-15,2026-01-14,Marsabit,197.73,184.68,167.99,2026-08-21 14:57:46.781098+00:00
2025-12-15,2026-01-14,Matunda,184.0,171.3,154.65,2026-08-21 14:57:46.781098+00:00
2025-12-15,2026-01-14,Matuu,185.7,172.65,155.96,2026-08-21 14:57:46.781098+00:00
2025-12-15,2026-01-14,Maua,190.29,177.24,160.54,2026-08-21 14:57:46.781098+00:00
2025-12-15,2026-01-14,Mbale,184.37,171.68,155.03,2026-08-21 14:57:46.781098+00:00
2025-12-15,2026-01-14,Mbita,185.4,172.7,156.05,2026-08-21 14:57:46.781098+00:00
2025-12-15,2026-01-14,Merille,192.36,179.31,162.62,2026-08-21 14:57:46.781098+00:00
2025-12-15,2026-01-14,Merti,193.4,180.35,163.65,2026-08-21 14:57:46.781098+00:00
2025-12-15,2026-01-14,Meru,189.51,176.45,159.75,2026-08-21 14:57:46.781098+00:00
2025-12-15,2026-01-14,Migori,186.9,174.2,157.55,2026-08-21 14:57:46.781098+00:00
2025-12-15,2026-01-14,Minjila,184.79,171.74,155.05,2026-08-21 14:57:46.781098+00:00
2025-12-15,2026-01-14,Modogashe,196.26,183.21,166.52,2026-08-21 14:57:46.781098+00:00
2025-12-15,2026-01-14,Mogotio,183.11,170.41,153.76,2026-08-21 14:57:46.781098+00:00
2025-12-15,2026-01-14,Moi's Bridge,184.13,171.44,154.78,2026-08-21 14:57:46.781098+00:00
2025-12-15,2026-01-14,Moiben,184.03,171.34,154.7,2026-08-21 14:57:46.781098+00:00
2025-12-15,2026-01-14,Molo,183.26,170.57,153.91,2026-08-21 14:57:46.781098+00:00
2025-12-15,2026-01-14,Mombasa,181.24,168.19,151.49,2026-08-21 14:57:46.781098+00:00
2025-12-15,2026-01-14,Morpus,186.01,173.32,156.66,2026-08-21 14:57:46.781098+00:00
2025-12-15,2026-01-14,Moyale,200.46,187.41,170.72,2026-08-21 14:57:46.781098+00:00
2025-12-15,2026-01-14,Mpeketoni,186.58,173.54,156.84,2026-08-21 14:57:46.781098+00:00
2025-12-15,2026-01-14,Mtito Andei,188.36,175.31,158.62,2026-08-21 14:57:46.781098+00:00
2025-12-15,2026-01-14,Muhoroni,184.41,171.71,155.06,2026-08-21 14:57:46.781098+00:00
2025-12-15,2026-01-14,Muhuru Bay,187.14,174.45,157.79,2026-08-21 14:57:46.781098+00:00
2025-12-15,2026-01-14,Mumias,184.57,171.88,155.23,2026-08-21 14:57:46.781098+00:00
2025-12-15,2026-01-14,Muranga,185.05,172.0,155.31,2026-08-21 14:57:46.781098+00:00
2025-12-15,2026-01-14,Mutuobare,187.0,173.95,157.25,2026-08-21 14:57:46.781098+00:00
2025-12-15,2026-01-14,Mwatate,184.01,170.96,154.27,2026-08-21 14:57:46.781098+00:00
2025-12-15,2026-01-14,Mwingi,187.47,174.42,157.72,2026-08-21 14:57:46.781098+00:00
2025-12-15,2026-01-14,Naiberi,184.38,171.68,155.03,2026-08-21 14:57:46.781098+00:00
2025-12-15,2026-01-14,Nairobi,184.52,171.47,154.78,2026-08-21 14:57:46.781098+00:00
2025-12-15,2026-01-14,Naivasha,183.76,171.06,154.41,2026-08-21 14:57:46.781098+00:00
2025-12-15,2026-01-14,Nakalale,195.91,183.22,166.56,2026-08-21 14:57:46.781098+00:00
2025-12-15,2026-01-14,Nakuru,183.56,170.87,154.21,2026-08-21 14:57:46.781098+00:00
2025-12-15,2026-01-14,Namanga,186.82,173.77,157.07,2026-08-21 14:57:46.781098+00:00
2025-12-15,2026-01-14,Nambale,185.51,172.82,156.17,2026-08-21 14:57:46.781098+00:00
2025-12-15,2026-01-14,Nandi Hills,184.35,171.66,155.01,2026-08-21 14:57:46.781098+00:00
2025-12-15,2026-01-14,Nanyuki,187.49,174.44,157.75,2026-08-21 14:57:46.781098+00:00
2025-12-15,2026-01-14,Narok,186.55,173.5,156.81,2026-08-21 14:57:46.781098+00:00
2025-12-15,2026-01-14,Ndhiwa,186.01,173.3,156.66,2026-08-21 14:57:46.781098+00:00
2025-12-15,2026-01-14,Nkubu,189.17,176.12,159.42,2026-08-21 14:57:46.781098+00:00
2025-12-15,2026-01-14,North Horr,199.39,186.34,169.64,2026-08-21 14:57:46.781098+00:00
2025-12-15,2026-01-14,Ntimaru,188.08,175.39,158.73,2026-08-21 14:57:46.781098+00:00
2025-12-15,2026-01-14,Nyahururu,183.62,170.93,154.28,2026-08-21 14:57:46.781098+00:00
2025-12-15,2026-01-14,Nyamira,185.0,172.31,155.65,2026-08-21 14:57:46.781098+00:00
2025-12-15,2026-01-14,Nyangusu,186.25,173.55,156.9,2026-08-21 14:57:46.781098+00:00
2025-12-15,2026-01-14,Nyansiongo,185.33,172.63,155.98,2026-08-21 14:57:46.781098+00:00
2025-12-15,2026-01-14,Nyeri,186.53,173.48,156.78,2026-08-21 14:57:46.781098+00:00
2025-12-15,2026-01-14,O'lessos,184.13,171.44,154.78,2026-08-21 14:57:46.781098+00:00
2025-12-15,2026-01-14,Ogembo,185.8,173.11,156.46,2026-08-21 14:57:46.781098+00:00
2025-12-15,2026-01-14,Oldonyiro,188.23,175.17,158.48,2026-08-21 14:57:46.781098+00:00
2025-12-15,2026-01-14,Olenguruone,184.47,171.77,155.12,2026-08-21 14:57:46.781098+00:00
2025-12-15,2026-01-14,Orolwo,186.25,173.56,156.91,2026-08-21 14:57:46.781098+00:00
2025-12-15,2026-01-14,Ortum,186.77,174.07,157.42,2026-08-21 14:57:46.781098+00:00
2025-12-15,2026-01-14,Oyugis,185.02,172.33,155.67,2026-08-21 14:57:46.781098+00:00
2025-12-15,2026-01-14,Port Bunyala,185.58,172.89,156.23,2026-08-21 14:57:46.781098+00:00
2025-12-15,2026-01-14,Rangwe,185.51,172.82,156.17,2026-08-21 14:57:46.781098+00:00
2025-12-15,2026-01-14,Rodi Kopany,185.53,172.84,156.18,2026-08-21 14:57:46.781098+00:00
2025-12-15,2026-01-14,Rongo,185.96,173.26,156.61,2026-08-21 14:57:46.781098+00:00
2025-12-15,2026-01-14,Rumuruti,184.56,171.87,155.22,2026-08-21 14:57:46.781098+00:00
2025-12-15,2026-01-14,Saboti,185.0,172.31,155.66,2026-08-21 14:57:46.781098+00:00
2025-12-15,2026-01-14,Sagana,185.44,172.39,155.68,2026-08-21 14:57:46.781098+00:00
2025-12-15,2026-01-14,Sambalat,186.25,173.56,156.91,2026-08-21 14:57:46.781098+00:00
2025-12-15,2026-01-14,Samburu,181.39,168.34,151.66,2026-08-21 14:57:46.781098+00:00
2025-12-15,2026-01-14,Sebit,186.17,173.47,156.82,2026-08-21 14:57:46.781098+00:00
2025-12-15,2026-01-14,Sengera,186.11,173.42,156.77,2026-08-21 14:57:46.781098+00:00
2025-12-15,2026-01-14,Serem,184.95,172.26,155.61,2026-08-21 14:57:46.781098+00:00
2025-12-15,2026-01-14,Siaya,184.58,171.89,155.24,2026-08-21 14:57:46.781098+00:00
2025-12-15,2026-01-14,Sigor,187.04,174.34,157.69,2026-08-21 14:57:46.781098+00:00
2025-12-15,2026-01-14,Sindo,185.53,172.84,156.18,2026-08-21 14:57:46.781098+00:00
2025-12-15,2026-01-14,SioPort,185.48,172.79,156.14,2026-08-21 14:57:46.781098+00:00
2025-12-15,2026-01-14,Sipili,188.79,175.74,159.04,2026-08-21 14:57:46.781098+00:00
2025-12-15,2026-01-14,Sololo,198.83,185.77,169.08,2026-08-21 14:57:46.781098+00:00
2025-12-15,2026-01-14,Sondu,184.18,171.49,154.84,2026-08-21 14:57:46.781098+00:00
2025-12-15,2026-01-14,Songor,185.69,173.0,156.34,2026-08-21 14:57:46.781098+00:00
2025-12-15,2026-01-14,Sotik,185.24,172.54,155.89,2026-08-21 14:57:46.781098+00:00
2025-12-15,2026-01-14,Soy,184.01,171.32,154.67,2026-08-21 14:57:46.781098+00:00
2025-12-15,2026-01-14,Tambach,184.08,171.39,154.74,2026-08-21 14:57:46.781098+00:00
2025-12-15,2026-01-14,Tarbaj,199.9,186.85,170.16,2026-08-21 14:57:46.781098+00:00
2025-12-15,2026-01-14,Taru,181.7,168.65,151.97,2026-08-21 14:57:46.781098+00:00
2025-12-15,2026-01-14,Taveta,185.87,172.82,156.12,2026-08-21 14:57:46.781098+00:00
2025-12-15,2026-01-14,Tenges,185.69,173.0,156.34,2026-08-21 14:57:46.781098+00:00
2025-12-15,2026-01-14,Thika,184.16,171.11,154.42,2026-08-21 14:57:46.781098+00:00
2025-12-15,2026-01-14,Timboroa,184.42,171.73,155.07,2026-08-21 14:57:46.781098+00:00
2025-12-15,2026-01-14,Tindiret,185.55,172.86,156.21,2026-08-21 14:57:46.781098+00:00
2025-12-15,2026-01-14,Tot,186.01,173.32,156.66,2026-08-21 14:57:46.781098+00:00
2025-12-15,2026-01-14,Turbi,197.71,184.66,167.97,2026-08-21 14:57:46.781098+00:00
2025-12-15,2026-01-14,Turbo,183.93,171.23,154.58,2026-08-21 14:57:46.781098+00:00
2025-12-15,2026-01-14,Ugunja,184.75,172.05,155.4,2026-08-21 14:57:46.781098+00:00
2025-12-15,2026-01-14,Usenge,184.97,172.28,155.62,2026-08-21 14:57:46.781098+00:00
2025-12-15,2026-01-14,Voi,183.43,170.38,153.69,2026-08-21 14:57:46.781098+00:00
2025-12-15,2026-01-14,Wajir,200.17,187.12,170.43,2026-08-21 14:57:46.781098+00:00
2025-12-15,2026-01-14,Wamba,188.63,175.94,159.28,2026-08-21 14:57:46.781098+00:00
2025-12-15,2026-01-14,Webuye,184.75,172.06,155.4,2026-08-21 14:57:46.781098+00:00
2025-12-15,2026-01-14,Wundanji,184.3,171.25,154.56,2026-08-21 14:57:46.781098+00:00
2025-12-15,2026-01-14,Ziwa,184.35,171.66,155.01,2026-08-21 14:57:46.781098+00:00
2026-01-15,2026-02-14,Ahero,182.37,170.68,154.03,2026-08-21 14:57:46.781098+00:00
2026-01-15,2026-02-14,Alale,185.48,173.79,157.14,2026-08-21 14:57:46.781098+00:00
2026-01-15,2026-02-14,Archers Post,186.79,175.09,158.44,2026-08-21 14:57:46.781098+00:00
2026-01-15,2026-02-14,Arror,183.65,171.96,155.31,2026-08-21 14:57:46.781098+00:00
2026-01-15,2026-02-14,Asembo,182.15,170.45,153.8,2026-08-21 14:57:46.781098+00:00
2026-01-15,2026-02-14,Asilong,184.18,172.49,155.84,2026-08-21 14:57:46.781098+00:00
2026-01-15,2026-02-14,Awasi,181.94,170.25,153.6,2026-08-21 14:57:46.781098+00:00
2026-01-15,2026-02-14,Barwessa,183.89,172.2,155.55,2026-08-21 14:57:46.781098+00:00
2026-01-15,2026-02-14,Bomet,183.94,172.24,155.59,2026-08-21 14:57:46.781098+00:00
2026-01-15,2026-02-14,Bondo,182.37,170.68,154.03,2026-08-21 14:57:46.781098+00:00
2026-01-15,2026-02-14,Bungoma,183.33,171.64,154.99,2026-08-21 14:57:46.781098+00:00
2026-01-15,2026-02-14,Burgich,184.81,173.12,156.47,2026-08-21 14:57:46.781098+00:00
2026-01-15,2026-02-14,Burnt Forest,181.93,170.23,153.58,2026-08-21 14:57:46.781098+00:00
2026-01-15,2026-02-14,Busia,183.51,171.82,155.17,2026-08-21 14:57:46.781098+00:00
2026-01-15,2026-02-14,Bute,196.12,184.07,167.37,2026-08-21 14:57:46.781098+00:00
2026-01-15,2026-02-14,Chebara,182.68,170.99,154.34,2026-08-21 14:57:46.781098+00:00
2026-01-15,2026-02-14,Chepareria,184.1,172.4,155.75,2026-08-21 14:57:46.781098+00:00
2026-01-15,2026-02-14,Chepkorniswo,183.81,172.11,155.46,2026-08-21 14:57:46.781098+00:00
2026-01-15,2026-02-14,Cheptulu,182.75,171.06,154.4,2026-08-21 14:57:46.781098+00:00
2026-01-15,2026-02-14,Chuka,184.98,172.93,156.23,2026-08-21 14:57:46.781098+00:00
2026-01-15,2026-02-14,Chwele,183.8,172.11,155.46,2026-08-21 14:57:46.781098+00:00
2026-01-15,2026-02-14,Dadaab,191.75,179.7,163.01,2026-08-21 14:57:46.781098+00:00
2026-01-15,2026-02-14,Doldo,186.81,174.76,158.07,2026-08-21 14:57:46.781098+00:00
2026-01-15,2026-02-14,Eldama Ravine,183.45,171.75,155.1,2026-08-21 14:57:46.781098+00:00
2026-01-15,2026-02-14,Eldas,201.23,189.18,172.49,2026-08-21 14:57:46.781098+00:00
2026-01-15,2026-02-14,Eldoret,182.38,170.68,154.03,2026-08-21 14:57:46.781098+00:00
2026-01-15,2026-02-14,Elwak,200.68,188.63,171.93,2026-08-21 14:57:46.781098+00:00
2026-01-15,2026-02-14,Embu,184.06,172.01,155.31,2026-08-21 14:57:46.781098+00:00
2026-01-15,2026-02-14,Endebes,183.55,171.86,155.21,2026-08-21 14:57:46.781098+00:00
2026-01-15,2026-02-14,Etago,184.52,172.83,156.17,2026-08-21 14:57:46.781098+00:00
2026-01-15,2026-02-14,Funyula,183.26,171.57,154.91,2026-08-21 14:57:46.781098+00:00
2026-01-15,2026-02-14,Garissa,189.36,177.3,160.61,2026-08-21 14:57:46.781098+00:00
2026-01-15,2026-02-14,Garsen,182.95,170.9,154.21,2026-08-21 14:57:46.781098+00:00
2026-01-15,2026-02-14,Gilgil,181.13,169.43,152.78,2026-08-21 14:57:46.781098+00:00
2026-01-15,2026-02-14,Habaswein,194.02,181.97,165.26,2026-08-21 14:57:46.781098+00:00
2026-01-15,2026-02-14,Hadado,193.68,181.63,164.93,2026-08-21 14:57:46.781098+00:00
2026-01-15,2026-02-14,Harambee,182.08,170.38,153.73,2026-08-21 14:57:46.781098+00:00
2026-01-15,2026-02-14,Hola,185.07,173.02,156.33,2026-08-21 14:57:46.781098+00:00
2026-01-15,2026-02-14,Homabay,183.43,171.72,155.08,2026-08-21 14:57:46.781098+00:00
2026-01-15,2026-02-14,Ikonge,182.64,170.95,154.29,2026-08-21 14:57:46.781098+00:00
2026-01-15,2026-02-14,Isebania,185.39,173.7,157.04,2026-08-21 14:57:46.781098+00:00
2026-01-15,2026-02-14,Isiolo,187.25,175.2,158.51,2026-08-21 14:57:46.781098+00:00
2026-01-15,2026-02-14,Iten,182.38,170.68,154.03,2026-08-21 14:57:46.781098+00:00
2026-01-15,2026-02-14,Kabarnet,183.3,171.61,154.95,2026-08-21 14:57:46.781098+00:00
2026-01-15,2026-02-14,Kabartonjo,183.45,171.75,155.1,2026-08-21 14:57:46.781098+00:00
2026-01-15,2026-02-14,Kabiyet,182.01,170.32,153.67,2026-08-21 14:57:46.781098+00:00
2026-01-15,2026-02-14,Kacheliba,184.43,172.73,156.09,2026-08-21 14:57:46.781098+00:00
2026-01-15,2026-02-14,Kachibora,182.68,170.99,154.34,2026-08-21 14:57:46.781098+00:00
2026-01-15,2026-02-14,Kaibichbich,183.72,172.02,155.37,2026-08-21 14:57:46.781098+00:00
2026-01-15,2026-02-14,Kaiboi,182.1,170.41,153.75,2026-08-21 14:57:46.781098+00:00
2026-01-15,2026-02-14,Kainuk,185.6,173.9,157.25,2026-08-21 14:57:46.781098+00:00
2026-01-15,2026-02-14,Kajiado,182.87,170.82,154.13,2026-08-21 14:57:46.781098+00:00
2026-01-15,2026-02-14,Kakamega,182.09,170.4,153.75,2026-08-21 14:57:46.781098+00:00
2026-01-15,2026-02-14,Kakuma,191.99,180.3,163.65,2026-08-21 14:57:46.781098+00:00
2026-01-15,2026-02-14,Kalacha,195.93,183.88,167.19,2026-08-21 14:57:46.781098+00:00
2026-01-15,2026-02-14,Kalemngorok,186.4,174.71,158.06,2026-08-21 14:57:46.781098+00:00
2026-01-15,2026-02-14,Kalokol,190.56,178.87,162.21,2026-08-21 14:57:46.781098+00:00
2026-01-15,2026-02-14,Kaloleni,179.15,167.1,150.4,2026-08-21 14:57:46.781098+00:00
2026-01-15,2026-02-14,Kapcherop,183.07,171.38,154.72,2026-08-21 14:57:46.781098+00:00
2026-01-15,2026-02-14,Kapedo,186.89,175.19,158.54,2026-08-21 14:57:46.781098+00:00
2026-01-15,2026-02-14,Kapenguria,183.74,172.05,155.39,2026-08-21 14:57:46.781098+00:00
2026-01-15,2026-02-14,Kapese,187.45,175.76,159.1,2026-08-21 14:57:46.781098+00:00
2026-01-15,2026-02-14,Kaplamai,182.73,171.04,154.38,2026-08-21 14:57:46.781098+00:00
2026-01-15,2026-02-14,Kapsabet,182.03,170.34,153.7,2026-08-21 14:57:46.781098+00:00
2026-01-15,2026-02-14,Kapsowar,182.89,171.19,154.54,2026-08-21 14:57:46.781098+00:00
2026-01-15,2026-02-14,Kaptarakwa,182.35,170.66,154.01,2026-08-21 14:57:46.781098+00:00
2026-01-15,2026-02-14,Kaspokwony,183.89,172.2,155.54,2026-08-21 14:57:46.781098+00:00
2026-01-15,2026-02-14,Kehancha,185.55,173.85,157.2,2026-08-21 14:57:46.781098+00:00
2026-01-15,2026-02-14,Kericho,182.89,171.19,154.54,2026-08-21 14:57:46.781098+00:00
2026-01-15,2026-02-14,Kerina,183.75,172.06,155.41,2026-08-21 14:57:46.781098+00:00
2026-01-15,2026-02-14,Keringet,183.24,171.55,154.9,2026-08-21 14:57:46.781098+00:00
2026-01-15,2026-02-14,Keroka,183.55,171.86,155.2,2026-08-21 14:57:46.781098+00:00
2026-01-15,2026-02-14,Kerugoya,183.92,171.87,155.18,2026-08-21 14:57:46.781098+00:00
2026-01-15,2026-02-14,Kesses,182.38,170.68,154.03,2026-08-21 14:57:46.781098+00:00
2026-01-15,2026-02-14,Keumbu,183.65,171.95,155.3,2026-08-21 14:57:46.781098+00:00
2026-01-15,2026-02-14,Kibish,195.95,184.25,167.6,2026-08-21 14:57:46.781098+00:00
2026-01-15,2026-02-14,Kiganjo,184.46,172.41,155.71,2026-08-21 14:57:46.781098+00:00
2026-01-15,2026-02-14,Kilgoris,184.4,172.71,156.06,2026-08-21 14:57:46.781098+00:00
2026-01-15,2026-02-14,Kilifi,180.11,168.06,151.36,2026-08-21 14:57:46.781098+00:00
2026-01-15,2026-02-14,Kimilili,183.67,171.97,155.32,2026-08-21 14:57:46.781098+00:00
2026-01-15,2026-02-14,Kiminini,182.95,171.26,154.61,2026-08-21 14:57:46.781098+00:00
2026-01-15,2026-02-14,Kimwarer,182.56,170.85,154.21,2026-08-21 14:57:46.781098+00:00
2026-01-15,2026-02-14,Kiplombe,182.38,170.68,154.03,2026-08-21 14:57:46.781098+00:00
2026-01-15,2026-02-14,Kipsaraman,185.46,173.77,157.12,2026-08-21 14:57:46.781098+00:00
2026-01-15,2026-02-14,Kisii,183.53,171.84,155.18,2026-08-21 14:57:46.781098+00:00
2026-01-15,2026-02-14,Kisumu,182.37,170.68,154.03,2026-08-21 14:57:46.781098+00:00
2026-01-15,2026-02-14,Kitale,182.64,170.95,154.3,2026-08-21 14:57:46.781098+00:00
2026-01-15,2026-02-14,Kitui,184.8,172.75,156.05,2026-08-21 14:57:46.781098+00:00
2026-01-15,2026-02-14,Kiwawa,185.48,173.79,157.14,2026-08-21 14:57:46.781098+00:00
2026-01-15,2026-02-14,Kobujoi,182.82,171.12,154.47,2026-08-21 14:57:46.781098+00:00
2026-01-15,2026-02-14,Korr,192.51,180.46,163.76,2026-08-21 14:57:46.781098+00:00
2026-01-15,2026-02-14,Kunyao,184.9,173.21,156.55,2026-08-21 14:57:46.781098+00:00
2026-01-15,2026-02-14,Kwale,179.62,167.57,150.88,2026-08-21 14:57:46.781098+00:00
2026-01-15,2026-02-14,Kwanza,183.91,172.22,155.57,2026-08-21 14:57:46.781098+00:00
2026-01-15,2026-02-14,Laisamis,190.88,178.83,162.13,2026-08-21 14:57:46.781098+00:00
2026-01-15,2026-02-14,Lamu,184.58,172.54,155.84,2026-08-21 14:57:46.781098+00:00
2026-01-15,2026-02-14,Lamuria,185.29,173.24,156.54,2026-08-21 14:57:46.781098+00:00
2026-01-15,2026-02-14,Liboi,194.14,182.09,165.4,2026-08-21 14:57:46.781098+00:00
2026-01-15,2026-02-14,Likoni Mainland,179.62,167.57,150.88,2026-08-21 14:57:46.781098+00:00
2026-01-15,2026-02-14,Lodosoit,188.69,176.99,160.34,2026-08-21 14:57:46.781098+00:00
2026-01-15,2026-02-14,Lodwar,189.24,177.55,160.9,2026-08-21 14:57:46.781098+00:00
2026-01-15,2026-02-14,Loima,187.72,176.03,159.37,2026-08-21 14:57:46.781098+00:00
2026-01-15,2026-02-14,Lokichar,187.52,175.82,159.17,2026-08-21 14:57:46.781098+00:00
2026-01-15,2026-02-14,Lokichogio,194.05,182.35,165.7,2026-08-21 14:57:46.781098+00:00
2026-01-15,2026-02-14,Lokiriama,190.42,178.73,162.08,2026-08-21 14:57:46.781098+00:00
2026-01-15,2026-02-14,Lokitaung,195.55,183.86,167.2,2026-08-21 14:57:46.781098+00:00
2026-01-15,2026-02-14,Lokori,188.15,176.45,159.8,2026-08-21 14:57:46.781098+00:00
2026-01-15,2026-02-14,Lomut,186.89,175.19,158.54,2026-08-21 14:57:46.781098+00:00
2026-01-15,2026-02-14,Londiani,181.64,169.95,153.29,2026-08-21 14:57:46.781098+00:00
2026-01-15,2026-02-14,Loruk,185.24,173.54,156.89,2026-08-21 14:57:46.781098+00:00
2026-01-15,2026-02-14,Loyangalani,196.05,184.0,167.3,2026-08-21 14:57:46.781098+00:00
2026-01-15,2026-02-14,Lugari,183.31,171.62,154.96,2026-08-21 14:57:46.781098+00:00
2026-01-15,2026-02-14,Lungalunga,180.49,168.44,151.75,2026-08-21 14:57:46.781098+00:00
2026-01-15,2026-02-14,Machakos,182.56,170.51,153.81,2026-08-21 14:57:46.781098+00:00
2026-01-15,2026-02-14,Magenche,184.69,173.0,156.35,2026-08-21 14:57:46.781098+00:00
2026-01-15,2026-02-14,Mai Mahiu,182.36,170.31,153.61,2026-08-21 14:57:46.781098+00:00
2026-01-15,2026-02-14,Maikona,194.99,182.94,166.25,2026-08-21 14:57:46.781098+00:00
2026-01-15,2026-02-14,Makuyu,182.65,170.6,153.9,2026-08-21 14:57:46.781098+00:00
2026-01-15,2026-02-14,Malaba,184.03,172.34,155.68,2026-08-21 14:57:46.781098+00:00
2026-01-15,2026-02-14,Malava,182.64,170.95,154.29,2026-08-21 14:57:46.781098+00:00
2026-01-15,2026-02-14,Malindi,180.47,168.42,151.72,2026-08-21 14:57:46.781098+00:00
2026-01-15,2026-02-14,Mandera,204.7,192.65,175.96,2026-08-21 14:57:46.781098+00:00
2026-01-15,2026-02-14,Maralal,185.18,173.48,156.83,2026-08-21 14:57:46.781098+00:00
2026-01-15,2026-02-14,Marani,183.13,171.43,154.79,2026-08-21 14:57:46.781098+00:00
2026-01-15,2026-02-14,Marereni,181.6,169.56,152.86,2026-08-21 14:57:46.781098+00:00
2026-01-15,2026-02-14,Marich,184.63,172.94,156.28,2026-08-21 14:57:46.781098+00:00
2026-01-15,2026-02-14,Marigat,182.45,170.75,154.1,2026-08-21 14:57:46.781098+00:00
2026-01-15,2026-02-14,Marimanti,186.14,174.09,157.4,2026-08-21 14:57:46.781098+00:00
2026-01-15,2026-02-14,Marsabit,195.73,183.68,166.99,2026-08-21 14:57:46.781098+00:00
2026-01-15,2026-02-14,Matunda,182.0,170.3,153.65,2026-08-21 14:57:46.781098+00:00
2026-01-15,2026-02-14,Matuu,183.7,171.65,154.96,2026-08-21 14:57:46.781098+00:00
2026-01-15,2026-02-14,Maua,188.29,176.24,159.54,2026-08-21 14:57:46.781098+00:00
2026-01-15,2026-02-14,Mbale,182.37,170.68,154.03,2026-08-21 14:57:46.781098+00:00
2026-01-15,2026-02-14,Mbita,183.4,171.7,155.05,2026-08-21 14:57:46.781098+00:00
2026-01-15,2026-02-14,Merille,190.36,178.31,161.62,2026-08-21 14:57:46.781098+00:00
2026-01-15,2026-02-14,Merti,191.4,179.35,162.65,2026-08-21 14:57:46.781098+00:00
2026-01-15,2026-02-14,Meru,187.51,175.45,158.75,2026-08-21 14:57:46.781098+00:00
2026-01-15,2026-02-14,Migori,184.9,173.2,156.55,2026-08-21 14:57:46.781098+00:00
2026-01-15,2026-02-14,Minjila,182.79,170.74,154.05,2026-08-21 14:57:46.781098+00:00
2026-01-15,2026-02-14,Modogashe,194.26,182.21,165.52,2026-08-21 14:57:46.781098+00:00
2026-01-15,2026-02-14,Mogotio,181.11,169.41,152.76,2026-08-21 14:57:46.781098+00:00
2026-01-15,2026-02-14,Moi's Bridge,182.13,170.44,153.78,2026-08-21 14:57:46.781098+00:00
2026-01-15,2026-02-14,Moiben,182.03,170.34,153.7,2026-08-21 14:57:46.781098+00:00
2026-01-15,2026-02-14,Molo,181.26,169.57,152.91,2026-08-21 14:57:46.781098+00:00
2026-01-15,2026-02-14,Mombasa,179.24,167.19,150.49,2026-08-21 14:57:46.781098+00:00
2026-01-15,2026-02-14,Morpus,184.01,172.32,155.66,2026-08-21 14:57:46.781098+00:00
2026-01-15,2026-02-14,Moyale,198.46,186.41,169.72,2026-08-21 14:57:46.781098+00:00
2026-01-15,2026-02-14,Mpeketoni,184.58,172.54,155.84,2026-08-21 14:57:46.781098+00:00
2026-01-15,2026-02-14,Mtito Andei,186.36,174.31,157.62,2026-08-21 14:57:46.781098+00:00
2026-01-15,2026-02-14,Muhoroni,182.41,170.71,154.06,2026-08-21 14:57:46.781098+00:00
2026-01-15,2026-02-14,Muhuru Bay,185.14,173.45,156.79,2026-08-21 14:57:46.781098+00:00
2026-01-15,2026-02-14,Mumias,182.57,170.88,154.23,2026-08-21 14:57:46.781098+00:00
2026-01-15,2026-02-14,Muranga,183.05,171.0,154.31,2026-08-21 14:57:46.781098+00:00
2026-01-15,2026-02-14,Mutuobare,185.0,172.95,156.25,2026-08-21 14:57:46.781098+00:00
2026-01-15,2026-02-14,Mwatate,182.01,169.96,153.27,2026-08-21 14:57:46.781098+00:00
2026-01-15,2026-02-14,Mwingi,185.47,173.42,156.72,2026-08-21 14:57:46.781098+00:00
2026-01-15,2026-02-14,Naiberi,182.38,170.68,154.03,2026-08-21 14:57:46.781098+00:00
2026-01-15,2026-02-14,Nairobi,182.52,170.47,153.78,2026-08-21 14:57:46.781098+00:00
2026-01-15,2026-02-14,Naivasha,181.76,170.06,153.41,2026-08-21 14:57:46.781098+00:00
2026-01-15,2026-02-14,Nakalale,193.91,182.22,165.56,2026-08-21 14:57:46.781098+00:00
2026-01-15,2026-02-14,Nakuru,181.56,169.87,153.21,2026-08-21 14:57:46.781098+00:00
2026-01-15,2026-02-14,Namanga,184.82,172.77,156.07,2026-08-21 14:57:46.781098+00:00
2026-01-15,2026-02-14,Nambale,183.51,171.82,155.17,2026-08-21 14:57:46.781098+00:00
2026-01-15,2026-02-14,Nandi Hills,182.35,170.66,154.01,2026-08-21 14:57:46.781098+00:00
2026-01-15,2026-02-14,Nanyuki,185.49,173.44,156.75,2026-08-21 14:57:46.781098+00:00
2026-01-15,2026-02-14,Narok,184.55,172.5,155.81,2026-08-21 14:57:46.781098+00:00
2026-01-15,2026-02-14,Ndhiwa,184.01,172.3,155.66,2026-08-21 14:57:46.781098+00:00
2026-01-15,2026-02-14,Nkubu,187.17,175.12,158.42,2026-08-21 14:57:46.781098+00:00
2026-01-15,2026-02-14,North Horr,197.39,185.34,168.64,2026-08-21 14:57:46.781098+00:00
2026-01-15,2026-02-14,Ntimaru,186.08,174.39,157.73,2026-08-21 14:57:46.781098+00:00
2026-01-15,2026-02-14,Nyahururu,181.62,169.93,153.28,2026-08-21 14:57:46.781098+00:00
2026-01-15,2026-02-14,Nyamira,183.0,171.31,154.65,2026-08-21 14:57:46.781098+00:00
2026-01-15,2026-02-14,Nyangusu,184.25,172.55,155.9,2026-08-21 14:57:46.781098+00:00
2026-01-15,2026-02-14,Nyansiongo,183.33,171.63,154.98,2026-08-21 14:57:46.781098+00:00
2026-01-15,2026-02-14,Nyeri,184.53,172.48,155.78,2026-08-21 14:57:46.781098+00:00
2026-01-15,2026-02-14,O'lessos,182.13,170.44,153.78,2026-08-21 14:57:46.781098+00:00
2026-01-15,2026-02-14,Ogembo,183.8,172.11,155.46,2026-08-21 14:57:46.781098+00:00
2026-01-15,2026-02-14,Oldonyiro,186.23,174.17,157.48,2026-08-21 14:57:46.781098+00:00
2026-01-15,2026-02-14,Olenguruone,182.47,170.77,154.12,2026-08-21 14:57:46.781098+00:00
2026-01-15,2026-02-14,Orolwo,184.25,172.56,155.91,2026-08-21 14:57:46.781098+00:00
2026-01-15,2026-02-14,Ortum,184.77,173.07,156.42,2026-08-21 14:57:46.781098+00:00
2026-01-15,2026-02-14,Oyugis,183.02,171.33,154.67,2026-08-21 14:57:46.781098+00:00
2026-01-15,2026-02-14,Port Bunyala,183.58,171.89,155.23,2026-08-21 14:57:46.781098+00:00
2026-01-15,2026-02-14,Rangwe,183.51,171.82,155.17,2026-08-21 14:57:46.781098+00:00
2026-01-15,2026-02-14,Rodi Kopany,183.53,171.84,155.18,2026-08-21 14:57:46.781098+00:00
2026-01-15,2026-02-14,Rongo,183.96,172.26,155.61,2026-08-21 14:57:46.781098+00:00
2026-01-15,2026-02-14,Rumuruti,182.56,170.87,154.22,2026-08-21 14:57:46.781098+00:00
2026-01-15,2026-02-14,Saboti,183.0,171.31,154.66,2026-08-21 14:57:46.781098+00:00
2026-01-15,2026-02-14,Sagana,183.44,171.39,154.68,2026-08-21 14:57:46.781098+00:00
2026-01-15,2026-02-14,Sambalat,184.25,172.56,155.91,2026-08-21 14:57:46.781098+00:00
2026-01-15,2026-02-14,Samburu,179.39,167.34,150.66,2026-08-21 14:57:46.781098+00:00
2026-01-15,2026-02-14,Sebit,184.17,172.47,155.82,2026-08-21 14:57:46.781098+00:00
2026-01-15,2026-02-14,Sengera,184.11,172.42,155.77,2026-08-21 14:57:46.781098+00:00
2026-01-15,2026-02-14,Serem,182.95,171.26,154.61,2026-08-21 14:57:46.781098+00:00
2026-01-15,2026-02-14,Siaya,182.58,170.89,154.24,2026-08-21 14:57:46.781098+00:00
2026-01-15,2026-02-14,Sigor,185.04,173.34,156.69,2026-08-21 14:57:46.781098+00:00
2026-01-15,2026-02-14,Sindo,183.53,171.84,155.18,2026-08-21 14:57:46.781098+00:00
2026-01-15,2026-02-14,SioPort,183.48,171.79,155.14,2026-08-21 14:57:46.781098+00:00
2026-01-15,2026-02-14,Sipili,186.79,174.74,158.04,2026-08-21 14:57:46.781098+00:00
2026-01-15,2026-02-14,Sololo,196.83,184.77,168.08,2026-08-21 14:57:46.781098+00:00
2026-01-15,2026-02-14,Sondu,182.18,170.49,153.84,2026-08-21 14:57:46.781098+00:00
2026-01-15,2026-02-14,Songor,183.69,172.0,155.34,2026-08-21 14:57:46.781098+00:00
2026-01-15,2026-02-14,Sotik,183.24,171.54,154.89,2026-08-21 14:57:46.781098+00:00
2026-01-15,2026-02-14,Soy,182.01,170.32,153.67,2026-08-21 14:57:46.781098+00:00
2026-01-15,2026-02-14,Tambach,182.08,170.39,153.74,2026-08-21 14:57:46.781098+00:00
2026-01-15,2026-02-14,Tarbaj,197.9,185.85,169.16,2026-08-21 14:57:46.781098+00:00
2026-01-15,2026-02-14,Taru,179.7,167.65,150.97,2026-08-21 14:57:46.781098+00:00
2026-01-15,2026-02-14,Taveta,183.87,171.82,155.12,2026-08-21 14:57:46.781098+00:00
2026-01-15,2026-02-14,Tenges,183.69,172.0,155.34,2026-08-21 14:57:46.781098+00:00
2026-01-15,2026-02-14,Thika,182.16,170.11,153.42,2026-08-21 14:57:46.781098+00:00
2026-01-15,2026-02-14,Timboroa,182.42,170.73,154.07,2026-08-21 14:57:46.781098+00:00
2026-01-15,2026-02-14,Tindiret,183.55,171.86,155.21,2026-08-21 14:57:46.781098+00:00
2026-01-15,2026-02-14,Tot,184.01,172.32,155.66,2026-08-21 14:57:46.781098+00:00
2026-01-15,2026-02-14,Turbi,195.71,183.66,166.97,2026-08-21 14:57:46.781098+00:00
2026-01-15,2026-02-14,Turbo,181.93,170.23,153.58,2026-08-21 14:57:46.781098+00:00
2026-01-15,2026-02-14,Ugunja,182.75,171.05,154.4,2026-08-21 14:57:46.781098+00:00
2026-01-15,2026-02-14,Usenge,182.97,171.28,154.62,2026-08-21 14:57:46.781098+00:00
2026-01-15,2026-02-14,Voi,181.43,169.38,152.69,2026-08-21 14:57:46.781098+00:00
2026-01-15,2026-02-14,Wajir,198.17,186.12,169.43,2026-08-21 14:57:46.781098+00:00
2026-01-15,2026-02-14,Wamba,186.63,174.94,158.28,2026-08-21 14:57:46.781098+00:00
2026-01-15,2026-02-14,Webuye,182.75,171.06,154.4,2026-08-21 14:57:46.781098+00:00
2026-01-15,2026-02-14,Wundanji,182.3,170.25,153.56,2026-08-21 14:57:46.781098+00:00
2026-01-15,2026-02-14,Ziwa,182.35,170.66,154.01,2026-08-21 14:57:46.781098+00:00
2026-02-15,2026-03-14,Ahero,178.16,166.76,153.03,2026-08-21 14:57:46.781098+00:00
2026-02-15,2026-03-14,Alale,181.27,169.87,156.14,2026-08-21 14:57:46.781098+00:00
2026-02-15,2026-03-14,Archers Post,182.57,171.18,157.44,2026-08-21 14:57:46.781098+00:00
2026-02-15,2026-03-14,Arror,179.44,168.04,154.31,2026-08-21 14:57:46.781098+00:00
2026-02-15,2026-03-14,Asembo,177.93,166.54,152.8,2026-08-21 14:57:46.781098+00:00
2026-02-15,2026-03-14,Asilong,179.97,168.58,154.84,2026-08-21 14:57:46.781098+00:00
2026-02-15,2026-03-14,Awasi,177.73,166.33,152.6,2026-08-21 14:57:46.781098+00:00
2026-02-15,2026-03-14,Barwessa,179.68,168.29,154.55,2026-08-21 14:57:46.781098+00:00
2026-02-15,2026-03-14,Bomet,179.72,168.33,154.59,2026-08-21 14:57:46.781098+00:00
2026-02-15,2026-03-14,Bondo,178.16,166.76,153.03,2026-08-21 14:57:46.781098+00:00
2026-02-15,2026-03-14,Bungoma,179.13,167.72,153.99,2026-08-21 14:57:46.781098+00:00
2026-02-15,2026-03-14,Burgich,180.6,169.21,155.47,2026-08-21 14:57:46.781098+00:00
2026-02-15,2026-03-14,Burnt Forest,177.71,166.32,152.58,2026-08-21 14:57:46.781098+00:00
2026-02-15,2026-03-14,Busia,179.3,167.9,154.17,2026-08-21 14:57:46.781098+00:00
2026-02-15,2026-03-14,Bute,191.87,180.14,166.37,2026-08-21 14:57:46.781098+00:00
2026-02-15,2026-03-14,Chebara,178.48,167.08,153.34,2026-08-21 14:57:46.781098+00:00
2026-02-15,2026-03-14,Chepareria,179.88,168.49,154.75,2026-08-21 14:57:46.781098+00:00
2026-02-15,2026-03-14,Chepkorniswo,179.59,168.2,154.46,2026-08-21 14:57:46.781098+00:00
2026-02-15,2026-03-14,Cheptulu,178.54,167.14,153.4,2026-08-21 14:57:46.781098+00:00
2026-02-15,2026-03-14,Chuka,180.73,169.0,155.23,2026-08-21 14:57:46.781098+00:00
2026-02-15,2026-03-14,Chwele,179.59,168.19,154.46,2026-08-21 14:57:46.781098+00:00
2026-02-15,2026-03-14,Dadaab,187.51,175.77,162.01,2026-08-21 14:57:46.781098+00:00
2026-02-15,2026-03-14,Doldo,182.57,170.83,157.07,2026-08-21 14:57:46.781098+00:00
2026-02-15,2026-03-14,Eldama Ravine,179.23,167.84,154.1,2026-08-21 14:57:46.781098+00:00
2026-02-15,2026-03-14,Eldas,196.99,185.25,171.49,2026-08-21 14:57:46.781098+00:00
2026-02-15,2026-03-14,Eldoret,178.16,166.77,153.03,2026-08-21 14:57:46.781098+00:00
2026-02-15,2026-03-14,Elwak,196.43,184.7,170.93,2026-08-21 14:57:46.781098+00:00
2026-02-15,2026-03-14,Embu,179.81,168.08,154.31,2026-08-21 14:57:46.781098+00:00
2026-02-15,2026-03-14,Endebes,179.35,167.96,154.21,2026-08-21 14:57:46.781098+00:00
2026-02-15,2026-03-14,Etago,180.3,168.91,155.17,2026-08-21 14:57:46.781098+00:00
2026-02-15,2026-03-14,Funyula,179.05,167.66,153.91,2026-08-21 14:57:46.781098+00:00
2026-02-15,2026-03-14,Garissa,185.11,173.38,159.61,2026-08-21 14:57:46.781098+00:00
2026-02-15,2026-03-14,Garsen,178.7,166.97,153.21,2026-08-21 14:57:46.781098+00:00
2026-02-15,2026-03-14,Gilgil,176.91,165.52,151.78,2026-08-21 14:57:46.781098+00:00
2026-02-15,2026-03-14,Habaswein,189.76,178.04,164.26,2026-08-21 14:57:46.781098+00:00
2026-02-15,2026-03-14,Hadado,189.43,177.7,163.93,2026-08-21 14:57:46.781098+00:00
2026-02-15,2026-03-14,Harambee,177.86,166.47,152.73,2026-08-21 14:57:46.781098+00:00
2026-02-15,2026-03-14,Hola,180.82,169.09,155.33,2026-08-21 14:57:46.781098+00:00
2026-02-15,2026-03-14,Homabay,179.21,167.82,154.08,2026-08-21 14:57:46.781098+00:00
2026-02-15,2026-03-14,Ikonge,178.42,167.03,153.29,2026-08-21 14:57:46.781098+00:00
2026-02-15,2026-03-14,Isebania,181.18,169.78,156.04,2026-08-21 14:57:46.781098+00:00
2026-02-15,2026-03-14,Isiolo,183.01,171.27,157.51,2026-08-21 14:57:46.781098+00:00
2026-02-15,2026-03-14,Iten,178.16,166.77,153.03,2026-08-21 14:57:46.781098+00:00
2026-02-15,2026-03-14,Kabarnet,179.08,167.69,153.95,2026-08-21 14:57:46.781098+00:00
2026-02-15,2026-03-14,Kabartonjo,179.23,167.84,154.1,2026-08-21 14:57:46.781098+00:00
2026-02-15,2026-03-14,Kabiyet,177.8,166.41,152.67,2026-08-21 14:57:46.781098+00:00
2026-02-15,2026-03-14,Kacheliba,180.22,168.83,155.09,2026-08-21 14:57:46.781098+00:00
2026-02-15,2026-03-14,Kachibora,178.48,167.08,153.34,2026-08-21 14:57:46.781098+00:00
2026-02-15,2026-03-14,Kaibichbich,179.5,168.11,154.37,2026-08-21 14:57:46.781098+00:00
2026-02-15,2026-03-14,Kaiboi,177.9,166.5,152.75,2026-08-21 14:57:46.781098+00:00
2026-02-15,2026-03-14,Kainuk,181.38,169.99,156.25,2026-08-21 14:57:46.781098+00:00
2026-02-15,2026-03-14,Kajiado,178.63,166.9,153.13,2026-08-21 14:57:46.781098+00:00
2026-02-15,2026-03-14,Kakamega,177.89,166.48,152.75,2026-08-21 14:57:46.781098+00:00
2026-02-15,2026-03-14,Kakuma,187.78,176.38,162.65,2026-08-21 14:57:46.781098+00:00
2026-02-15,2026-03-14,Kalacha,191.69,179.96,166.19,2026-08-21 14:57:46.781098+00:00
2026-02-15,2026-03-14,Kalemngorok,182.19,170.79,157.06,2026-08-21 14:57:46.781098+00:00
2026-02-15,2026-03-14,Kalokol,186.34,174.95,161.21,2026-08-21 14:57:46.781098+00:00
2026-02-15,2026-03-14,Kaloleni,174.89,163.17,149.4,2026-08-21 14:57:46.781098+00:00
2026-02-15,2026-03-14,Kapcherop,178.85,167.46,153.72,2026-08-21 14:57:46.781098+00:00
2026-02-15,2026-03-14,Kapedo,182.68,171.29,157.54,2026-08-21 14:57:46.781098+00:00
2026-02-15,2026-03-14,Kapenguria,179.52,168.13,154.39,2026-08-21 14:57:46.781098+00:00
2026-02-15,2026-03-14,Kapese,183.23,171.84,158.1,2026-08-21 14:57:46.781098+00:00
2026-02-15,2026-03-14,Kaplamai,178.52,167.12,153.38,2026-08-21 14:57:46.781098+00:00
2026-02-15,2026-03-14,Kapsabet,177.83,166.44,152.7,2026-08-21 14:57:46.781098+00:00
2026-02-15,2026-03-14,Kapsowar,178.67,167.28,153.54,2026-08-21 14:57:46.781098+00:00
2026-02-15,2026-03-14,Kaptarakwa,178.14,166.75,153.01,2026-08-21 14:57:46.781098+00:00
2026-02-15,2026-03-14,Kaspokwony,179.67,168.28,154.54,2026-08-21 14:57:46.781098+00:00
2026-02-15,2026-03-14,Kehancha,181.33,169.94,156.2,2026-08-21 14:57:46.781098+00:00
2026-02-15,2026-03-14,Kericho,178.67,167.28,153.54,2026-08-21 14:57:46.781098+00:00
2026-02-15,2026-03-14,Kerina,179.54,168.15,154.41,2026-08-21 14:57:46.781098+00:00
2026-02-15,2026-03-14,Keringet,179.03,167.64,153.9,2026-08-21 14:57:46.781098+00:00
2026-02-15,2026-03-14,Keroka,179.34,167.95,154.2,2026-08-21 14:57:46.781098+00:00
2026-02-15,2026-03-14,Kerugoya,179.68,167.95,154.18,2026-08-21 14:57:46.781098+00:00
2026-02-15,2026-03-14,Kesses,178.16,166.77,153.03,2026-08-21 14:57:46.781098+00:00
2026-02-15,2026-03-14,Keumbu,179.43,168.04,154.3,2026-08-21 14:57:46.781098+00:00
2026-02-15,2026-03-14,Kibish,191.74,180.34,166.6,2026-08-21 14:57:46.781098+00:00
2026-02-15,2026-03-14,Kiganjo,180.22,168.48,154.71,2026-08-21 14:57:46.781098+00:00
2026-02-15,2026-03-14,Kilgoris,180.19,168.79,155.06,2026-08-21 14:57:46.781098+00:00
2026-02-15,2026-03-14,Kilifi,175.86,164.13,150.36,2026-08-21 14:57:46.781098+00:00
2026-02-15,2026-03-14,Kimilili,179.45,168.06,154.32,2026-08-21 14:57:46.781098+00:00
2026-02-15,2026-03-14,Kiminini,178.74,167.35,153.61,2026-08-21 14:57:46.781098+00:00
2026-02-15,2026-03-14,Kimwarer,178.34,166.95,153.21,2026-08-21 14:57:46.781098+00:00
2026-02-15,2026-03-14,Kiplombe,178.16,166.77,153.03,2026-08-21 14:57:46.781098+00:00
2026-02-15,2026-03-14,Kipsaraman,181.25,169.86,156.12,2026-08-21 14:57:46.781098+00:00
2026-02-15,2026-03-14,Kisii,179.32,167.92,154.18,2026-08-21 14:57:46.781098+00:00
2026-02-15,2026-03-14,Kisumu,178.16,166.76,153.03,2026-08-21 14:57:46.781098+00:00
2026-02-15,2026-03-14,Kitale,178.43,167.04,153.3,2026-08-21 14:57:46.781098+00:00
2026-02-15,2026-03-14,Kitui,180.55,168.82,155.05,2026-08-21 14:57:46.781098+00:00
2026-02-15,2026-03-14,Kiwawa,181.27,169.87,156.14,2026-08-21 14:57:46.781098+00:00
2026-02-15,2026-03-14,Kobujoi,178.61,167.21,153.47,2026-08-21 14:57:46.781098+00:00
2026-02-15,2026-03-14,Korr,188.27,176.54,162.76,2026-08-21 14:57:46.781098+00:00
2026-02-15,2026-03-14,Kunyao,180.69,169.29,155.55,2026-08-21 14:57:46.781098+00:00
2026-02-15,2026-03-14,Kwale,175.38,163.64,149.88,2026-08-21 14:57:46.781098+00:00
2026-02-15,2026-03-14,Kwanza,179.71,168.31,154.57,2026-08-21 14:57:46.781098+00:00
2026-02-15,2026-03-14,Laisamis,186.63,174.9,161.13,2026-08-21 14:57:46.781098+00:00
2026-02-15,2026-03-14,Lamu,180.33,168.61,154.84,2026-08-21 14:57:46.781098+00:00
2026-02-15,2026-03-14,Lamuria,181.04,169.31,155.54,2026-08-21 14:57:46.781098+00:00
2026-02-15,2026-03-14,Liboi,189.9,178.16,164.4,2026-08-21 14:57:46.781098+00:00
2026-02-15,2026-03-14,Likoni Mainland,175.38,163.64,149.88,2026-08-21 14:57:46.781098+00:00
2026-02-15,2026-03-14,Lodosoit,184.47,173.08,159.34,2026-08-21 14:57:46.781098+00:00
2026-02-15,2026-03-14,Lodwar,185.03,173.63,159.9,2026-08-21 14:57:46.781098+00:00
2026-02-15,2026-03-14,Loima,183.51,172.11,158.37,2026-08-21 14:57:46.781098+00:00
2026-02-15,2026-03-14,Lokichar,183.3,171.91,158.17,2026-08-21 14:57:46.781098+00:00
2026-02-15,2026-03-14,Lokichogio,189.83,178.44,164.7,2026-08-21 14:57:46.781098+00:00
2026-02-15,2026-03-14,Lokiriama,186.21,174.82,161.08,2026-08-21 14:57:46.781098+00:00
2026-02-15,2026-03-14,Lokitaung,191.33,179.94,166.2,2026-08-21 14:57:46.781098+00:00
2026-02-15,2026-03-14,Lokori,183.93,172.54,158.8,2026-08-21 14:57:46.781098+00:00
2026-02-15,2026-03-14,Lomut,182.68,171.29,157.54,2026-08-21 14:57:46.781098+00:00
2026-02-15,2026-03-14,Londiani,177.42,166.03,152.29,2026-08-21 14:57:46.781098+00:00
2026-02-15,2026-03-14,Loruk,181.02,169.63,155.89,2026-08-21 14:57:46.781098+00:00
2026-02-15,2026-03-14,Loyangalani,191.81,180.07,166.3,2026-08-21 14:57:46.781098+00:00
2026-02-15,2026-03-14,Lugari,179.09,167.7,153.96,2026-08-21 14:57:46.781098+00:00
2026-02-15,2026-03-14,Lungalunga,176.24,164.51,150.75,2026-08-21 14:57:46.781098+00:00
2026-02-15,2026-03-14,Machakos,178.32,166.59,152.81,2026-08-21 14:57:46.781098+00:00
2026-02-15,2026-03-14,Magenche,180.48,169.09,155.35,2026-08-21 14:57:46.781098+00:00
2026-02-15,2026-03-14,Mai Mahiu,178.12,166.38,152.61,2026-08-21 14:57:46.781098+00:00
2026-02-15,2026-03-14,Maikona,190.75,179.02,165.25,2026-08-21 14:57:46.781098+00:00
2026-02-15,2026-03-14,Makuyu,178.41,166.67,152.9,2026-08-21 14:57:46.781098+00:00
2026-02-15,2026-03-14,Malaba,179.81,168.42,154.68,2026-08-21 14:57:46.781098+00:00
2026-02-15,2026-03-14,Malava,178.42,167.03,153.29,2026-08-21 14:57:46.781098+00:00
2026-02-15,2026-03-14,Malindi,176.22,164.49,150.72,2026-08-21 14:57:46.781098+00:00
2026-02-15,2026-03-14,Mandera,200.46,188.72,174.96,2026-08-21 14:57:46.781098+00:00
2026-02-15,2026-03-14,Maralal,180.96,169.57,155.83,2026-08-21 14:57:46.781098+00:00
2026-02-15,2026-03-14,Marani,178.92,167.53,153.79,2026-08-21 14:57:46.781098+00:00
2026-02-15,2026-03-14,Marereni,177.36,165.63,151.86,2026-08-21 14:57:46.781098+00:00
2026-02-15,2026-03-14,Marich,180.42,169.02,155.28,2026-08-21 14:57:46.781098+00:00
2026-02-15,2026-03-14,Marigat,178.23,166.84,153.1,2026-08-21 14:57:46.781098+00:00
2026-02-15,2026-03-14,Marimanti,181.9,170.16,156.4,2026-08-21 14:57:46.781098+00:00
2026-02-15,2026-03-14,Marsabit,191.49,179.75,165.99,2026-08-21 14:57:46.781098+00:00
2026-02-15,2026-03-14,Matunda,177.78,166.39,152.65,2026-08-21 14:57:46.781098+00:00
2026-02-15,2026-03-14,Matuu,179.46,167.72,153.96,2026-08-21 14:57:46.781098+00:00
2026-02-15,2026-03-14,Maua,184.05,172.31,158.54,2026-08-21 14:57:46.781098+00:00
2026-02-15,2026-03-14,Mbale,178.16,166.76,153.03,2026-08-21 14:57:46.781098+00:00
2026-02-15,2026-03-14,Mbita,179.19,167.79,154.05,2026-08-21 14:57:46.781098+00:00
2026-02-15,2026-03-14,Merille,186.12,174.38,160.62,2026-08-21 14:57:46.781098+00:00
2026-02-15,2026-03-14,Merti,187.15,175.42,161.65,2026-08-21 14:57:46.781098+00:00
2026-02-15,2026-03-14,Meru,183.26,171.53,157.75,2026-08-21 14:57:46.781098+00:00
2026-02-15,2026-03-14,Migori,180.68,169.29,155.55,2026-08-21 14:57:46.781098+00:00
2026-02-15,2026-03-14,Minjila,178.55,166.81,153.05,2026-08-21 14:57:46.781098+00:00
2026-02-15,2026-03-14,Modogashe,190.02,178.28,164.52,2026-08-21 14:57:46.781098+00:00
2026-02-15,2026-03-14,Mogotio,176.89,165.5,151.76,2026-08-21 14:57:46.781098+00:00
2026-02-15,2026-03-14,Moi's Bridge,177.92,166.52,152.78,2026-08-21 14:57:46.781098+00:00
2026-02-15,2026-03-14,Moiben,177.83,166.44,152.7,2026-08-21 14:57:46.781098+00:00
2026-02-15,2026-03-14,Molo,177.04,165.65,151.91,2026-08-21 14:57:46.781098+00:00
2026-02-15,2026-03-14,Mombasa,175.0,163.26,149.49,2026-08-21 14:57:46.781098+00:00
2026-02-15,2026-03-14,Morpus,179.79,168.4,154.66,2026-08-21 14:57:46.781098+00:00
2026-02-15,2026-03-14,Moyale,194.22,182.48,168.72,2026-08-21 14:57:46.781098+00:00
2026-02-15,2026-03-14,Mpeketoni,180.33,168.61,154.84,2026-08-21 14:57:46.781098+00:00
2026-02-15,2026-03-14,Mtito Andei,182.12,170.38,156.62,2026-08-21 14:57:46.781098+00:00
2026-02-15,2026-03-14,Muhoroni,178.19,166.8,153.06,2026-08-21 14:57:46.781098+00:00
2026-02-15,2026-03-14,Muhuru Bay,180.93,169.53,155.79,2026-08-21 14:57:46.781098+00:00
2026-02-15,2026-03-14,Mumias,178.36,166.96,153.23,2026-08-21 14:57:46.781098+00:00
2026-02-15,2026-03-14,Muranga,178.81,167.07,153.31,2026-08-21 14:57:46.781098+00:00
2026-02-15,2026-03-14,Mutuobare,180.75,169.02,155.25,2026-08-21 14:57:46.781098+00:00
2026-02-15,2026-03-14,Mwatate,177.76,166.03,152.27,2026-08-21 14:57:46.781098+00:00
2026-02-15,2026-03-14,Mwingi,181.23,169.49,155.72,2026-08-21 14:57:46.781098+00:00
2026-02-15,2026-03-14,Naiberi,178.16,166.77,153.03,2026-08-21 14:57:46.781098+00:00
2026-02-15,2026-03-14,Nairobi,178.28,166.54,152.78,2026-08-21 14:57:46.781098+00:00
2026-02-15,2026-03-14,Naivasha,177.54,166.15,152.41,2026-08-21 14:57:46.781098+00:00
2026-02-15,2026-03-14,Nakalale,189.71,178.3,164.56,2026-08-21 14:57:46.781098+00:00
2026-02-15,2026-03-14,Nakuru,177.34,165.95,152.21,2026-08-21 14:57:46.781098+00:00
2026-02-15,2026-03-14,Namanga,180.58,168.84,155.07,2026-08-21 14:57:46.781098+00:00
2026-02-15,2026-03-14,Nambale,179.3,167.9,154.17,2026-08-21 14:57:46.781098+00:00
2026-02-15,2026-03-14,Nandi Hills,178.14,166.75,153.01,2026-08-21 14:57:46.781098+00:00
2026-02-15,2026-03-14,Nanyuki,181.25,169.51,155.75,2026-08-21 14:57:46.781098+00:00
2026-02-15,2026-03-14,Narok,180.31,168.57,154.81,2026-08-21 14:57:46.781098+00:00
2026-02-15,2026-03-14,Ndhiwa,179.79,168.4,154.66,2026-08-21 14:57:46.781098+00:00
2026-02-15,2026-03-14,Nkubu,182.92,171.19,157.42,2026-08-21 14:57:46.781098+00:00
2026-02-15,2026-03-14,North Horr,193.14,181.41,167.64,2026-08-21 14:57:46.781098+00:00
2026-02-15,2026-03-14,Ntimaru,181.87,170.47,156.73,2026-08-21 14:57:46.781098+00:00
2026-02-15,2026-03-14,Nyahururu,177.41,166.01,152.28,2026-08-21 14:57:46.781098+00:00
2026-02-15,2026-03-14,Nyamira,178.78,167.39,153.65,2026-08-21 14:57:46.781098+00:00
2026-02-15,2026-03-14,Nyangusu,180.03,168.64,154.9,2026-08-21 14:57:46.781098+00:00
2026-02-15,2026-03-14,Nyansiongo,179.12,167.72,153.98,2026-08-21 14:57:46.781098+00:00
2026-02-15,2026-03-14,Nyeri,180.29,168.55,154.78,2026-08-21 14:57:46.781098+00:00
2026-02-15,2026-03-14,O'lessos,177.92,166.52,152.78,2026-08-21 14:57:46.781098+00:00
2026-02-15,2026-03-14,Ogembo,179.59,168.19,154.46,2026-08-21 14:57:46.781098+00:00
2026-02-15,2026-03-14,Oldonyiro,181.98,170.25,156.48,2026-08-21 14:57:46.781098+00:00
2026-02-15,2026-03-14,Olenguruone,178.26,166.87,153.12,2026-08-21 14:57:46.781098+00:00
2026-02-15,2026-03-14,Orolwo,180.04,168.64,154.91,2026-08-21 14:57:46.781098+00:00
2026-02-15,2026-03-14,Ortum,180.55,169.16,155.42,2026-08-21 14:57:46.781098+00:00
2026-02-15,2026-03-14,Oyugis,178.8,167.41,153.67,2026-08-21 14:57:46.781098+00:00
2026-02-15,2026-03-14,Port Bunyala,179.36,167.97,154.23,2026-08-21 14:57:46.781098+00:00
2026-02-15,2026-03-14,Rangwe,179.3,167.9,154.17,2026-08-21 14:57:46.781098+00:00
2026-02-15,2026-03-14,Rodi Kopany,179.32,167.92,154.18,2026-08-21 14:57:46.781098+00:00
2026-02-15,2026-03-14,Rongo,179.74,168.35,154.61,2026-08-21 14:57:46.781098+00:00
2026-02-15,2026-03-14,Rumuruti,178.35,166.96,153.22,2026-08-21 14:57:46.781098+00:00
2026-02-15,2026-03-14,Saboti,178.79,167.39,153.66,2026-08-21 14:57:46.781098+00:00
2026-02-15,2026-03-14,Sagana,179.19,167.46,153.68,2026-08-21 14:57:46.781098+00:00
2026-02-15,2026-03-14,Sambalat,180.04,168.64,154.91,2026-08-21 14:57:46.781098+00:00
2026-02-15,2026-03-14,Samburu,175.15,163.41,149.66,2026-08-21 14:57:46.781098+00:00
2026-02-15,2026-03-14,Sebit,179.95,168.56,154.82,2026-08-21 14:57:46.781098+00:00
2026-02-15,2026-03-14,Sengera,179.9,168.5,154.77,2026-08-21 14:57:46.781098+00:00
2026-02-15,2026-03-14,Serem,178.74,167.35,153.61,2026-08-21 14:57:46.781098+00:00
2026-02-15,2026-03-14,Siaya,178.37,166.98,153.24,2026-08-21 14:57:46.781098+00:00
2026-02-15,2026-03-14,Sigor,180.82,169.43,155.69,2026-08-21 14:57:46.781098+00:00
2026-02-15,2026-03-14,Sindo,179.32,167.92,154.18,2026-08-21 14:57:46.781098+00:00
2026-02-15,2026-03-14,SioPort,179.28,167.88,154.14,2026-08-21 14:57:46.781098+00:00
2026-02-15,2026-03-14,Sipili,182.55,170.81,157.04,2026-08-21 14:57:46.781098+00:00
2026-02-15,2026-03-14,Sololo,192.58,180.86,167.08,2026-08-21 14:57:46.781098+00:00
2026-02-15,2026-03-14,Sondu,177.98,166.58,152.84,2026-08-21 14:57:46.781098+00:00
2026-02-15,2026-03-14,Songor,179.48,168.08,154.34,2026-08-21 14:57:46.781098+00:00
2026-02-15,2026-03-14,Sotik,179.02,167.63,153.89,2026-08-21 14:57:46.781098+00:00
2026-02-15,2026-03-14,Soy,177.8,166.41,152.67,2026-08-21 14:57:46.781098+00:00
2026-02-15,2026-03-14,Tambach,177.87,166.47,152.74,2026-08-21 14:57:46.781098+00:00
2026-02-15,2026-03-14,Tarbaj,193.66,181.92,168.16,2026-08-21 14:57:46.781098+00:00
2026-02-15,2026-03-14,Taru,175.46,163.72,149.97,2026-08-21 14:57:46.781098+00:00
2026-02-15,2026-03-14,Taveta,179.61,167.89,154.12,2026-08-21 14:57:46.781098+00:00
2026-02-15,2026-03-14,Tenges,179.48,168.08,154.34,2026-08-21 14:57:46.781098+00:00
2026-02-15,2026-03-14,Thika,177.91,166.18,152.42,2026-08-21 14:57:46.781098+00:00
2026-02-15,2026-03-14,Timboroa,178.21,166.81,153.07,2026-08-21 14:57:46.781098+00:00
2026-02-15,2026-03-14,Tindiret,179.35,167.96,154.21,2026-08-21 14:57:46.781098+00:00
2026-02-15,2026-03-14,Tot,179.79,168.4,154.66,2026-08-21 14:57:46.781098+00:00
2026-02-15,2026-03-14,Turbi,191.47,179.73,165.97,2026-08-21 14:57:46.781098+00:00
2026-02-15,2026-03-14,Turbo,177.71,166.32,152.58,2026-08-21 14:57:46.781098+00:00
2026-02-15,2026-03-14,Ugunja,178.54,167.14,153.4,2026-08-21 14:57:46.781098+00:00
2026-02-15,2026-03-14,Usenge,178.76,167.36,153.62,2026-08-21 14:57:46.781098+00:00
2026-02-15,2026-03-14,Voi,177.18,165.45,151.69,2026-08-21 14:57:46.781098+00:00
2026-02-15,2026-03-14,Wajir,193.93,182.19,168.43,2026-08-21 14:57:46.781098+00:00
2026-02-15,2026-03-14,Wamba,182.42,171.02,157.28,2026-08-21 14:57:46.781098+00:00
2026-02-15,2026-03-14,Webuye,178.54,167.14,153.4,2026-08-21 14:57:46.781098+00:00
2026-02-15,2026-03-14,Wundanyi,178.05,166.32,152.56,2026-08-21 14:57:46.781098+00:00
2026-02-15,2026-03-14,Ziwa,178.14,166.75,153.01,2026-08-21 14:57:46.781098+00:00
2026-03-15,2026-04-14,Ahero,178.16,166.76,153.03,2026-08-21 14:57:46.781098+00:00
2026-03-15,2026-04-14,Alale,181.27,169.87,156.14,2026-08-21 14:57:46.781098+00:00
2026-03-15,2026-04-14,Archers Post,182.57,171.18,157.44,2026-08-21 14:57:46.781098+00:00
2026-03-15,2026-04-14,Arror,179.44,168.04,154.31,2026-08-21 14:57:46.781098+00:00
2026-03-15,2026-04-14,Asembo,177.93,166.54,152.8,2026-08-21 14:57:46.781098+00:00
2026-03-15,2026-04-14,Asilong,179.97,168.58,154.84,2026-08-21 14:57:46.781098+00:00
2026-03-15,2026-04-14,Awasi,177.73,166.33,152.6,2026-08-21 14:57:46.781098+00:00
2026-03-15,2026-04-14,Barwessa,179.68,168.29,154.55,2026-08-21 14:57:46.781098+00:00
2026-03-15,2026-04-14,Bomet,179.72,168.33,154.59,2026-08-21 14:57:46.781098+00:00
2026-03-15,2026-04-14,Bondo,178.16,166.76,153.03,2026-08-21 14:57:46.781098+00:00
2026-03-15,2026-04-14,Bungoma,179.13,167.72,153.99,2026-08-21 14:57:46.781098+00:00
2026-03-15,2026-04-14,Burgich,180.6,169.21,155.47,2026-08-21 14:57:46.781098+00:00
2026-03-15,2026-04-14,Burnt Forest,177.71,166.32,152.58,2026-08-21 14:57:46.781098+00:00
2026-03-15,2026-04-14,Busia,179.3,167.9,154.17,2026-08-21 14:57:46.781098+00:00
2026-03-15,2026-04-14,Bute,191.87,180.14,166.37,2026-08-21 14:57:46.781098+00:00
2026-03-15,2026-04-14,Chebara,178.48,167.08,153.34,2026-08-21 14:57:46.781098+00:00
2026-03-15,2026-04-14,Chepareria,179.88,168.49,154.75,2026-08-21 14:57:46.781098+00:00
2026-03-15,2026-04-14,Chepkorniswo,179.59,168.2,154.46,2026-08-21 14:57:46.781098+00:00
2026-03-15,2026-04-14,Cheptulu,178.54,167.14,153.4,2026-08-21 14:57:46.781098+00:00
2026-03-15,2026-04-14,Chuka,180.73,169.0,155.23,2026-08-21 14:57:46.781098+00:00
2026-03-15,2026-04-14,Chwele,179.59,168.19,154.46,2026-08-21 14:57:46.781098+00:00
2026-03-15,2026-04-14,Dadaab,187.51,175.77,162.01,2026-08-21 14:57:46.781098+00:00
2026-03-15,2026-04-14,Doldo,182.57,170.83,157.07,2026-08-21 14:57:46.781098+00:00
2026-03-15,2026-04-14,Eldama Ravine,179.23,167.84,154.1,2026-08-21 14:57:46.781098+00:00
2026-03-15,2026-04-14,Eldas,196.99,185.25,171.49,2026-08-21 14:57:46.781098+00:00
2026-03-15,2026-04-14,Eldoret,178.16,166.77,153.03,2026-08-21 14:57:46.781098+00:00
2026-03-15,2026-04-14,Elwak,196.43,184.7,170.93,2026-08-21 14:57:46.781098+00:00
2026-03-15,2026-04-14,Embu,179.81,168.08,154.31,2026-08-21 14:57:46.781098+00:00
2026-03-15,2026-04-14,Endebes,179.35,167.96,154.21,2026-08-21 14:57:46.781098+00:00
2026-03-15,2026-04-14,Etago,180.3,168.91,155.17,2026-08-21 14:57:46.781098+00:00
2026-03-15,2026-04-14,Funyula,179.05,167.66,153.91,2026-08-21 14:57:46.781098+00:00
2026-03-15,2026-04-14,Garissa,185.11,173.38,159.61,2026-08-21 14:57:46.781098+00:00
2026-03-15,2026-04-14,Garsen,178.7,166.97,153.21,2026-08-21 14:57:46.781098+00:00
2026-03-15,2026-04-14,Gilgil,176.91,165.52,151.78,2026-08-21 14:57:46.781098+00:00
2026-03-15,2026-04-14,Habaswein,189.76,178.04,164.26,2026-08-21 14:57:46.781098+00:00
2026-03-15,2026-04-14,Hadado,189.43,177.7,163.93,2026-08-21 14:57:46.781098+00:00
2026-03-15,2026-04-14,Harambee,177.86,166.47,152.73,2026-08-21 14:57:46.781098+00:00
2026-03-15,2026-04-14,Hola,180.82,169.09,155.33,2026-08-21 14:57:46.781098+00:00
2026-03-15,2026-04-14,Homabay,179.21,167.82,154.08,2026-08-21 14:57:46.781098+00:00
2026-03-15,2026-04-14,Ikonge,178.42,167.03,153.29,2026-08-21 14:57:46.781098+00:00
2026-03-15,2026-04-14,Isebania,181.18,169.78,156.04,2026-08-21 14:57:46.781098+00:00
2026-03-15,2026-04-14,Isiolo,183.01,171.27,157.51,2026-08-21 14:57:46.781098+00:00
2026-03-15,2026-04-14,Iten,178.16,166.77,153.03,2026-08-21 14:57:46.781098+00:00
2026-03-15,2026-04-14,Kabarnet,179.08,167.69,153.95,2026-08-21 14:57:46.781098+00:00
2026-03-15,2026-04-14,Kabartonjo,179.23,167.84,154.1,2026-08-21 14:57:46.781098+00:00
2026-03-15,2026-04-14,Kabiyet,177.8,166.41,152.67,2026-08-21 14:57:46.781098+00:00
2026-03-15,2026-04-14,Kacheliba,180.22,168.83,155.09,2026-08-21 14:57:46.781098+00:00
2026-03-15,2026-04-14,Kachibora,178.48,167.08,153.34,2026-08-21 14:57:46.781098+00:00
2026-03-15,2026-04-14,Kaibichbich,179.5,168.11,154.37,2026-08-21 14:57:46.781098+00:00
2026-03-15,2026-04-14,Kaiboi,177.9,166.5,152.75,2026-08-21 14:57:46.781098+00:00
2026-03-15,2026-04-14,Kainuk,181.38,169.99,156.25,2026-08-21 14:57:46.781098+00:00
2026-03-15,2026-04-14,Kajiado,178.63,166.9,153.13,2026-08-21 14:57:46.781098+00:00
2026-03-15,2026-04-14,Kakamega,177.89,166.48,152.75,2026-08-21 14:57:46.781098+00:00
2026-03-15,2026-04-14,Kakuma,187.78,176.38,162.65,2026-08-21 14:57:46.781098+00:00
2026-03-15,2026-04-14,Kalacha,191.69,179.96,166.19,2026-08-21 14:57:46.781098+00:00
2026-03-15,2026-04-14,Kalemngorok,182.19,170.79,157.06,2026-08-21 14:57:46.781098+00:00
2026-03-15,2026-04-14,Kalokol,186.34,174.95,161.21,2026-08-21 14:57:46.781098+00:00
2026-03-15,2026-04-14,Kaloleni,174.89,163.17,149.4,2026-08-21 14:57:46.781098+00:00
2026-03-15,2026-04-14,Kapcherop,178.85,167.46,153.72,2026-08-21 14:57:46.781098+00:00
2026-03-15,2026-04-14,Kapedo,182.68,171.29,157.54,2026-08-21 14:57:46.781098+00:00
2026-03-15,2026-04-14,Kapenguria,179.52,168.13,154.39,2026-08-21 14:57:46.781098+00:00
2026-03-15,2026-04-14,Kapese,183.23,171.84,158.1,2026-08-21 14:57:46.781098+00:00
2026-03-15,2026-04-14,Kaplamai,178.52,167.12,153.38,2026-08-21 14:57:46.781098+00:00
2026-03-15,2026-04-14,Kapsabet,177.83,166.44,152.7,2026-08-21 14:57:46.781098+00:00
2026-03-15,2026-04-14,Kapsowar,178.67,167.28,153.54,2026-08-21 14:57:46.781098+00:00
2026-03-15,2026-04-14,Kaptarakwa,178.14,166.75,153.01,2026-08-21 14:57:46.781098+00:00
2026-03-15,2026-04-14,Kaspokwony,179.67,168.28,154.54,2026-08-21 14:57:46.781098+00:00
2026-03-15,2026-04-14,Kehancha,181.33,169.94,156.2,2026-08-21 14:57:46.781098+00:00
2026-03-15,2026-04-14,Kericho,178.67,167.28,153.54,2026-08-21 14:57:46.781098+00:00
2026-03-15,2026-04-14,Kerina,179.54,168.15,154.41,2026-08-21 14:57:46.781098+00:00
2026-03-15,2026-04-14,Keringet,179.03,167.64,153.9,2026-08-21 14:57:46.781098+00:00
2026-03-15,2026-04-14,Keroka,179.34,167.95,154.2,2026-08-21 14:57:46.781098+00:00
2026-03-15,2026-04-14,Kerugoya,179.68,167.95,154.18,2026-08-21 14:57:46.781098+00:00
2026-03-15,2026-04-14,Kesses,178.16,166.77,153.03,2026-08-21 14:57:46.781098+00:00
2026-03-15,2026-04-14,Keumbu,179.43,168.04,154.3,2026-08-21 14:57:46.781098+00:00
2026-03-15,2026-04-14,Kibish,191.74,180.34,166.6,2026-08-21 14:57:46.781098+00:00
2026-03-15,2026-04-14,Kiganjo,180.22,168.48,154.71,2026-08-21 14:57:46.781098+00:00
2026-03-15,2026-04-14,Kilgoris,180.19,168.79,155.06,2026-08-21 14:57:46.781098+00:00
2026-03-15,2026-04-14,Kilifi,175.86,164.13,150.36,2026-08-21 14:57:46.781098+00:00
2026-03-15,2026-04-14,Kimilili,179.45,168.06,154.32,2026-08-21 14:57:46.781098+00:00
2026-03-15,2026-04-14,Kiminini,178.74,167.35,153.61,2026-08-21 14:57:46.781098+00:00
2026-03-15,2026-04-14,Kimwarer,178.34,166.95,153.21,2026-08-21 14:57:46.781098+00:00
2026-03-15,2026-04-14,Kiplombe,178.16,166.77,153.03,2026-08-21 14:57:46.781098+00:00
2026-03-15,2026-04-14,Kipsaraman,181.25,169.86,156.12,2026-08-21 14:57:46.781098+00:00
2026-03-15,2026-04-14,Kisii,179.32,167.92,154.18,2026-08-21 14:57:46.781098+00:00
2026-03-15,2026-04-14,Kisumu,178.16,166.76,153.03,2026-08-21 14:57:46.781098+00:00
2026-03-15,2026-04-14,Kitale,178.43,167.04,153.3,2026-08-21 14:57:46.781098+00:00
2026-03-15,2026-04-14,Kitui,180.55,168.82,155.05,2026-08-21 14:57:46.781098+00:00
2026-03-15,2026-04-14,Kiwawa,181.27,169.87,156.14,2026-08-21 14:57:46.781098+00:00
2026-03-15,2026-04-14,Kobujoi,178.61,167.21,153.47,2026-08-21 14:57:46.781098+00:00
2026-03-15,2026-04-14,Korr,188.27,176.54,162.76,2026-08-21 14:57:46.781098+00:00
2026-03-15,2026-04-14,Kunyao,180.69,169.29,155.55,2026-08-21 14:57:46.781098+00:00
2026-03-15,2026-04-14,Kwale,175.38,163.64,149.88,2026-08-21 14:57:46.781098+00:00
2026-03-15,2026-04-14,Kwanza,179.71,168.31,154.57,2026-08-21 14:57:46.781098+00:00
2026-03-15,2026-04-14,Laisamis,186.63,174.9,161.13,2026-08-21 14:57:46.781098+00:00
2026-03-15,2026-04-14,Lamu,180.33,168.61,154.84,2026-08-21 14:57:46.781098+00:00
2026-03-15,2026-04-14,Lamuria,181.04,169.31,155.54,2026-08-21 14:57:46.781098+00:00
2026-03-15,2026-04-14,Liboi,189.9,178.16,164.4,2026-08-21 14:57:46.781098+00:00
2026-03-15,2026-04-14,Likoni Mainland,175.38,163.64,149.88,2026-08-21 14:57:46.781098+00:00
2026-03-15,2026-04-14,Lodosoit,184.47,173.08,159.34,2026-08-21 14:57:46.781098+00:00
2026-03-15,2026-04-14,Lodwar,185.03,173.63,159.9,2026-08-21 14:57:46.781098+00:00
2026-03-15,2026-04-14,Loima,183.51,172.11,158.37,2026-08-21 14:57:46.781098+00:00
2026-03-15,2026-04-14,Lokichar,183.3,171.91,158.17,2026-08-21 14:57:46.781098+00:00
2026-03-15,2026-04-14,Lokichogio,189.83,178.44,164.7,2026-08-21 14:57:46.781098+00:00
2026-03-15,2026-04-14,Lokiriama,186.21,174.82,161.08,2026-08-21 14:57:46.781098+00:00
2026-03-15,2026-04-14,Lokitaung,191.33,179.94,166.2,2026-08-21 14:57:46.781098+00:00
2026-03-15,2026-04-14,Lokori,183.93,172.54,158.8,2026-08-21 14:57:46.781098+00:00
2026-03-15,2026-04-14,Lomut,182.68,171.29,157.54,2026-08-21 14:57:46.781098+00:00
2026-03-15,2026-04-14,Londiani,177.42,166.03,152.29,2026-08-21 14:57:46.781098+00:00
2026-03-15,2026-04-14,Loruk,181.02,169.63,155.89,2026-08-21 14:57:46.781098+00:00
2026-03-15,2026-04-14,Loyangalani,191.81,180.07,166.3,2026-08-21 14:57:46.781098+00:00
2026-03-15,2026-04-14,Lugari,179.09,167.7,153.96,2026-08-21 14:57:46.781098+00:00
2026-03-15,2026-04-14,Lungalunga,176.24,164.51,150.75,2026-08-21 14:57:46.781098+00:00
2026-03-15,2026-04-14,Machakos,178.32,166.59,152.81,2026-08-21 14:57:46.781098+00:00
2026-03-15,2026-04-14,Magenche,180.48,169.09,155.35,2026-08-21 14:57:46.781098+00:00
2026-03-15,2026-04-14,Mai Mahiu,178.12,166.38,152.61,2026-08-21 14:57:46.781098+00:00
2026-03-15,2026-04-14,Maikona,190.75,179.02,165.25,2026-08-21 14:57:46.781098+00:00
2026-03-15,2026-04-14,Makuyu,178.41,166.67,152.9,2026-08-21 14:57:46.781098+00:00
2026-03-15,2026-04-14,Malaba,179.81,168.42,154.68,2026-08-21 14:57:46.781098+00:00
2026-03-15,2026-04-14,Malava,178.42,167.03,153.29,2026-08-21 14:57:46.781098+00:00
2026-03-15,2026-04-14,Malindi,176.22,164.49,150.72,2026-08-21 14:57:46.781098+00:00
2026-03-15,2026-04-14,Mandera,200.46,188.72,174.96,2026-08-21 14:57:46.781098+00:00
2026-03-15,2026-04-14,Maralal,180.96,169.57,155.83,2026-08-21 14:57:46.781098+00:00
2026-03-15,2026-04-14,Marani,178.92,167.53,153.79,2026-08-21 14:57:46.781098+00:00
2026-03-15,2026-04-14,Marereni,177.36,165.63,151.86,2026-08-21 14:57:46.781098+00:00
2026-03-15,2026-04-14,Marich,180.42,169.02,155.28,2026-08-21 14:57:46.781098+00:00
2026-03-15,2026-04-14,Marigat,178.23,166.84,153.1,2026-08-21 14:57:46.781098+00:00
2026-03-15,2026-04-14,Marimanti,181.9,170.16,156.4,2026-08-21 14:57:46.781098+00:00
2026-03-15,2026-04-14,Marsabit,191.49,179.75,165.99,2026-08-21 14:57:46.781098+00:00
2026-03-15,2026-04-14,Matunda,177.78,166.39,152.65,2026-08-21 14:57:46.781098+00:00
2026-03-15,2026-04-14,Matuu,179.46,167.72,153.96,2026-08-21 14:57:46.781098+00:00
2026-03-15,2026-04-14,Maua,184.05,172.31,158.54,2026-08-21 14:57:46.781098+00:00
2026-03-15,2026-04-14,Mbale,178.16,166.76,153.03,2026-08-21 14:57:46.781098+00:00
2026-03-15,2026-04-14,Mbita,179.19,167.79,154.05,2026-08-21 14:57:46.781098+00:00
2026-03-15,2026-04-14,Merille,186.12,174.38,160.62,2026-08-21 14:57:46.781098+00:00
2026-03-15,2026-04-14,Merti,187.15,175.42,161.65,2026-08-21 14:57:46.781098+00:00
2026-03-15,2026-04-14,Meru,183.26,171.53,157.75,2026-08-21 14:57:46.781098+00:00
2026-03-15,2026-04-14,Migori,180.68,169.29,155.55,2026-08-21 14:57:46.781098+00:00
2026-03-15,2026-04-14,Minjila,178.55,166.81,153.05,2026-08-21 14:57:46.781098+00:00
2026-03-15,2026-04-14,Modogashe,190.02,178.28,164.52,2026-08-21 14:57:46.781098+00:00
2026-03-15,2026-04-14,Mogotio,176.89,165.5,151.76,2026-08-21 14:57:46.781098+00:00
2026-03-15,2026-04-14,Moi's Bridge,177.92,166.52,152.78,2026-08-21 14:57:46.781098+00:00
2026-03-15,2026-04-14,Moiben,177.83,166.44,152.7,2026-08-21 14:57:46.781098+00:00
2026-03-15,2026-04-14,Molo,177.04,165.65,151.91,2026-08-21 14:57:46.781098+00:00
2026-03-15,2026-04-14,Mombasa,175.0,163.26,149.49,2026-08-21 14:57:46.781098+00:00
2026-03-15,2026-04-14,Morpus,179.79,168.4,154.66,2026-08-21 14:57:46.781098+00:00
2026-03-15,2026-04-14,Moyale,194.22,182.48,168.72,2026-08-21 14:57:46.781098+00:00
2026-03-15,2026-04-14,Mpeketoni,180.33,168.61,154.84,2026-08-21 14:57:46.781098+00:00
2026-03-15,2026-04-14,Mtito Andei,182.12,170.38,156.62,2026-08-21 14:57:46.781098+00:00
2026-03-15,2026-04-14,Muhoroni,178.19,166.8,153.06,2026-08-21 14:57:46.781098+00:00
2026-03-15,2026-04-14,Muhuru Bay,180.93,169.53,155.79,2026-08-21 14:57:46.781098+00:00
2026-03-15,2026-04-14,Mumias,178.36,166.96,153.23,2026-08-21 14:57:46.781098+00:00
2026-03-15,2026-04-14,Muranga,178.81,167.07,153.31,2026-08-21 14:57:46.781098+00:00
2026-03-15,2026-04-14,Mutuobare,180.75,169.02,155.25,2026-08-21 14:57:46.781098+00:00
2026-03-15,2026-04-14,Mwatate,177.76,166.03,152.27,2026-08-21 14:57:46.781098+00:00
2026-03-15,2026-04-14,Mwingi,181.23,169.49,155.72,2026-08-21 14:57:46.781098+00:00
2026-03-15,2026-04-14,Naiberi,178.16,166.77,153.03,2026-08-21 14:57:46.781098+00:00
2026-03-15,2026-04-14,Nairobi,178.28,166.54,152.78,2026-08-21 14:57:46.781098+00:00
2026-03-15,2026-04-14,Naivasha,177.54,166.15,152.41,2026-08-21 14:57:46.781098+00:00
2026-03-15,2026-04-14,Nakalale,189.71,178.3,164.56,2026-08-21 14:57:46.781098+00:00
2026-03-15,2026-04-14,Nakuru,177.34,165.95,152.21,2026-08-21 14:57:46.781098+00:00
2026-03-15,2026-04-14,Namanga,180.58,168.84,155.07,2026-08-21 14:57:46.781098+00:00
2026-03-15,2026-04-14,Nambale,179.3,167.9,154.17,2026-08-21 14:57:46.781098+00:00
2026-03-15,2026-04-14,Nandi Hills,178.14,166.75,153.01,2026-08-21 14:57:46.781098+00:00
2026-03-15,2026-04-14,Nanyuki,181.25,169.51,155.75,2026-08-21 14:57:46.781098+00:00
2026-03-15,2026-04-14,Narok,180.31,168.57,154.81,2026-08-21 14:57:46.781098+00:00
2026-03-15,2026-04-14,Ndhiwa,179.79,168.4,154.66,2026-08-21 14:57:46.781098+00:00
2026-03-15,2026-04-14,Nkubu,182.92,171.19,157.42,2026-08-21 14:57:46.781098+00:00
2026-03-15,2026-04-14,North Horr,193.14,181.41,167.64,2026-08-21 14:57:46.781098+00:00
2026-03-15,2026-04-14,Ntimaru,181.87,170.47,156.73,2026-08-21 14:57:46.781098+00:00
2026-03-15,2026-04-14,Nyahururu,177.41,166.01,152.28,2026-08-21 14:57:46.781098+00:00
2026-03-15,2026-04-14,Nyamira,178.78,167.39,153.65,2026-08-21 14:57:46.781098+00:00
2026-03-15,2026-04-14,Nyangusu,180.03,168.64,154.9,2026-08-21 14:57:46.781098+00:00
2026-03-15,2026-04-14,Nyansiongo,179.12,167.72,153.98,2026-08-21 14:57:46.781098+00:00
2026-03-15,2026-04-14,Nyeri,180.29,168.55,154.78,2026-08-21 14:57:46.781098+00:00
2026-03-15,2026-04-14,O'lessos,177.92,166.52,152.78,2026-08-21 14:57:46.781098+00:00
2026-03-15,2026-04-14,Ogembo,179.59,168.19,154.46,2026-08-21 14:57:46.781098+00:00
2026-03-15,2026-04-14,Oldonyiro,181.98,170.25,156.48,2026-08-21 14:57:46.781098+00:00
2026-03-15,2026-04-14,Olenguruone,178.26,166.87,153.12,2026-08-21 14:57:46.781098+00:00
2026-03-15,2026-04-14,Orolwo,180.04,168.64,154.91,2026-08-21 14:57:46.781098+00:00
2026-03-15,2026-04-14,Ortum,180.55,169.16,155.42,2026-08-21 14:57:46.781098+00:00
2026-03-15,2026-04-14,Oyugis,178.8,167.41,153.67,2026-08-21 14:57:46.781098+00:00
2026-03-15,2026-04-14,Port Bunyala,179.36,167.97,154.23,2026-08-21 14:57:46.781098+00:00
2026-03-15,2026-04-14,Rangwe,179.3,167.9,154.17,2026-08-21 14:57:46.781098+00:00
2026-03-15,2026-04-14,Rodi Kopany,179.32,167.92,154.18,2026-08-21 14:57:46.781098+00:00
2026-03-15,2026-04-14,Rongo,179.74,168.35,154.61,2026-08-21 14:57:46.781098+00:00
2026-03-15,2026-04-14,Rumuruti,178.35,166.96,153.22,2026-08-21 14:57:46.781098+00:00
2026-03-15,2026-04-14,Saboti,178.79,167.39,153.66,2026-08-21 14:57:46.781098+00:00
2026-03-15,2026-04-14,Sagana,179.19,167.46,153.68,2026-08-21 14:57:46.781098+00:00
2026-03-15,2026-04-14,Sambalat,180.04,168.64,154.91,2026-08-21 14:57:46.781098+00:00
2026-03-15,2026-04-14,Samburu,175.15,163.41,149.66,2026-08-21 14:57:46.781098+00:00
2026-03-15,2026-04-14,Sebit,179.95,168.56,154.82,2026-08-21 14:57:46.781098+00:00
2026-03-15,2026-04-14,Sengera,179.9,168.5,154.77,2026-08-21 14:57:46.781098+00:00
2026-03-15,2026-04-14,Serem,178.74,167.35,153.61,2026-08-21 14:57:46.781098+00:00
2026-03-15,2026-04-14,Siaya,178.37,166.98,153.24,2026-08-21 14:57:46.781098+00:00
2026-03-15,2026-04-14,Sigor,180.82,169.43,155.69,2026-08-21 14:57:46.781098+00:00
2026-03-15,2026-04-14,Sindo,179.32,167.92,154.18,2026-08-21 14:57:46.781098+00:00
2026-03-15,2026-04-14,SioPort,179.28,167.88,154.14,2026-08-21 14:57:46.781098+00:00
2026-03-15,2026-04-14,Sipili,182.55,170.81,157.04,2026-08-21 14:57:46.781098+00:00
2026-03-15,2026-04-14,Sololo,192.58,180.86,167.08,2026-08-21 14:57:46.781098+00:00
2026-03-15,2026-04-14,Sondu,177.98,166.58,152.84,2026-08-21 14:57:46.781098+00:00
2026-03-15,2026-04-14,Songor,179.48,168.08,154.34,2026-08-21 14:57:46.781098+00:00
2026-03-15,2026-04-14,Sotik,179.02,167.63,153.89,2026-08-21 14:57:46.781098+00:00
2026-03-15,2026-04-14,Soy,177.8,166.41,152.67,2026-08-21 14:57:46.781098+00:00
2026-03-15,2026-04-14,Tambach,177.87,166.47,152.74,2026-08-21 14:57:46.781098+00:00
2026-03-15,2026-04-14,Tarbaj,193.66,181.92,168.16,2026-08-21 14:57:46.781098+00:00
2026-03-15,2026-04-14,Taru,175.46,163.72,149.97,2026-08-21 14:57:46.781098+00:00
2026-03-15,2026-04-14,Taveta,179.61,167.89,154.12,2026-08-21 14:57:46.781098+00:00
2026-03-15,2026-04-14,Tenges,179.48,168.08,154.34,2026-08-21 14:57:46.781098+00:00
2026-03-15,2026-04-14,Thika,177.91,166.18,152.42,2026-08-21 14:57:46.781098+00:00
2026-03-15,2026-04-14,Timboroa,178.21,166.81,153.07,2026-08-21 14:57:46.781098+00:00
2026-03-15,2026-04-14,Tindiret,179.35,167.96,154.21,2026-08-21 14:57:46.781098+00:00
2026-03-15,2026-04-14,Tot,179.79,168.4,154.66,2026-08-21 14:57:46.781098+00:00
2026-03-15,2026-04-14,Turbi,191.47,179.73,165.97,2026-08-21 14:57:46.781098+00:00
2026-03-15,2026-04-14,Turbo,177.71,166.32,152.58,2026-08-21 14:57:46.781098+00:00
2026-03-15,2026-04-14,Ugunja,178.54,167.14,153.4,2026-08-21 14:57:46.781098+00:00
2026-03-15,2026-04-14,Usenge,178.76,167.36,153.62,2026-08-21 14:57:46.781098+00:00
2026-03-15,2026-04-14,Voi,177.18,165.45,151.69,2026-08-21 14:57:46.781098+00:00
2026-03-15,2026-04-14,Wajir,193.93,182.19,168.43,2026-08-21 14:57:46.781098+00:00
2026-03-15,2026-04-14,Wamba,182.42,171.02,157.28,2026-08-21 14:57:46.781098+00:00
2026-03-15,2026-04-14,Webuye,178.54,167.14,153.4,2026-08-21 14:57:46.781098+00:00
2026-03-15,2026-04-14,Wundanyi,178.05,166.32,152.56,2026-08-21 14:57:46.781098+00:00
2026-03-15,2026-04-14,Ziwa,178.14,166.75,153.01,2026-08-21 14:57:46.781098+00:00
2026-04-15,2026-05-14,Ahero,206.85,207.06,153.03,2026-08-21 14:57:46.781098+00:00
2026-04-15,2026-05-14,Alale,209.96,210.17,156.14,2026-08-21 14:57:46.781098+00:00
2026-04-15,2026-05-14,Archers Post,211.26,211.48,157.44,2026-08-21 14:57:46.781098+00:00
2026-04-15,2026-05-14,Arror,208.13,208.34,154.31,2026-08-21 14:57:46.781098+00:00
2026-04-15,2026-05-14,Asembo,206.62,206.84,152.8,2026-08-21 14:57:46.781098+00:00
2026-04-15,2026-05-14,Asilong,208.66,208.88,154.84,2026-08-21 14:57:46.781098+00:00
2026-04-15,2026-05-14,Awasi,206.42,206.63,152.6,2026-08-21 14:57:46.781098+00:00
2026-04-15,2026-05-14,Barwessa,208.37,208.59,154.55,2026-08-21 14:57:46.781098+00:00
2026-04-15,2026-05-14,Bomet,208.41,208.63,154.59,2026-08-21 14:57:46.781098+00:00
2026-04-15,2026-05-14,Bondo,206.85,207.06,153.03,2026-08-21 14:57:46.781098+00:00
2026-04-15,2026-05-14,Bungoma,207.82,208.02,153.99,2026-08-21 14:57:46.781098+00:00
2026-04-15,2026-05-14,Burgich,209.29,209.51,155.47,2026-08-21 14:57:46.781098+00:00
2026-04-15,2026-05-14,Burnt Forest,206.4,206.62,152.58,2026-08-21 14:57:46.781098+00:00
2026-04-15,2026-05-14,Busia,207.99,208.2,154.17,2026-08-21 14:57:46.781098+00:00
2026-04-15,2026-05-14,Bute,220.56,220.44,166.37,2026-08-21 14:57:46.781098+00:00
2026-04-15,2026-05-14,Chebara,207.17,207.38,153.34,2026-08-21 14:57:46.781098+00:00
2026-04-15,2026-05-14,Chepareria,208.57,208.79,154.75,2026-08-21 14:57:46.781098+00:00
2026-04-15,2026-05-14,Chepkorniswo,208.28,208.5,154.46,2026-08-21 14:57:46.781098+00:00
2026-04-15,2026-05-14,Cheptulu,207.23,207.44,153.4,2026-08-21 14:57:46.781098+00:00
2026-04-15,2026-05-14,Chuka,209.42,209.3,155.23,2026-08-21 14:57:46.781098+00:00
2026-04-15,2026-05-14,Chwele,208.28,208.49,154.46,2026-08-21 14:57:46.781098+00:00
2026-04-15,2026-05-14,Dadaab,216.2,216.07,162.01,2026-08-21 14:57:46.781098+00:00
2026-04-15,2026-05-14,Doldo,211.26,211.13,157.07,2026-08-21 14:57:46.781098+00:00
2026-04-15,2026-05-14,Eldama Ravine,207.92,208.14,154.1,2026-08-21 14:57:46.781098+00:00
2026-04-15,2026-05-14,Eldas,225.68,225.55,171.49,2026-08-21 14:57:46.781098+00:00
2026-04-15,2026-05-14,Eldoret,206.85,207.07,153.03,2026-08-21 14:57:46.781098+00:00
2026-04-15,2026-05-14,Elwak,225.12,225.0,170.93,2026-08-21 14:57:46.781098+00:00
2026-04-15,2026-05-14,Embu,208.5,208.38,154.31,2026-08-21 14:57:46.781098+00:00
2026-04-15,2026-05-14,Endebes,208.04,208.26,154.21,2026-08-21 14:57:46.781098+00:00
2026-04-15,2026-05-14,Etago,208.99,209.21,155.17,2026-08-21 14:57:46.781098+00:00
2026-04-15,2026-05-14,Funyula,207.74,207.96,153.91,2026-08-21 14:57:46.781098+00:00
2026-04-15,2026-05-14,Garissa,213.8,213.68,159.61,2026-08-21 14:57:46.781098+00:00
2026-04-15,2026-05-14,Garsen,207.39,207.27,153.21,2026-08-21 14:57:46.781098+00:00
2026-04-15,2026-05-14,Gilgil,205.6,205.82,151.78,2026-08-21 14:57:46.781098+00:00
2026-04-15,2026-05-14,Habaswein,218.45,218.34,164.26,2026-08-21 14:57:46.781098+00:00
2026-04-15,2026-05-14,Hadado,218.12,218.0,163.93,2026-08-21 14:57:46.781098+00:00
2026-04-15,2026-05-14,Harambee,206.55,206.77,152.73,2026-08-21 14:57:46.781098+00:00
2026-04-15,2026-05-14,Hola,209.51,209.39,155.33,2026-08-21 14:57:46.781098+00:00
2026-04-15,2026-05-14,Homabay,207.9,208.12,154.08,2026-08-21 14:57:46.781098+00:00
2026-04-15,2026-05-14,Ikonge,207.11,207.33,153.29,2026-08-21 14:57:46.781098+00:00
2026-04-15,2026-05-14,Isebania,209.87,210.08,156.04,2026-08-21 14:57:46.781098+00:00
2026-04-15,2026-05-14,Isiolo,211.7,211.57,157.51,2026-08-21 14:57:46.781098+00:00
2026-04-15,2026-05-14,Iten,206.85,207.07,153.03,2026-08-21 14:57:46.781098+00:00
2026-04-15,2026-05-14,Kabarnet,207.77,207.99,153.95,2026-08-21 14:57:46.781098+00:00
2026-04-15,2026-05-14,Kabartonjo,207.92,208.14,154.1,2026-08-21 14:57:46.781098+00:00
2026-04-15,2026-05-14,Kabiyet,206.49,206.71,152.67,2026-08-21 14:57:46.781098+00:00
2026-04-15,2026-05-14,Kacheliba,208.91,209.13,155.09,2026-08-21 14:57:46.781098+00:00
2026-04-15,2026-05-14,Kachibora,207.17,207.38,153.34,2026-08-21 14:57:46.781098+00:00
2026-04-15,2026-05-14,Kaibichbich,208.19,208.41,154.37,2026-08-21 14:57:46.781098+00:00
2026-04-15,2026-05-14,Kaiboi,206.59,206.8,152.75,2026-08-21 14:57:46.781098+00:00
2026-04-15,2026-05-14,Kainuk,210.07,210.29,156.25,2026-08-21 14:57:46.781098+00:00
2026-04-15,2026-05-14,Kajiado,207.32,207.2,153.13,2026-08-21 14:57:46.781098+00:00
2026-04-15,2026-05-14,Kakamega,206.58,206.78,152.75,2026-08-21 14:57:46.781098+00:00
2026-04-15,2026-05-14,Kakuma,216.47,216.68,162.65,2026-08-21 14:57:46.781098+00:00
2026-04-15,2026-05-14,Kalacha,220.38,220.26,166.19,2026-08-21 14:57:46.781098+00:00
2026-04-15,2026-05-14,Kalemngorok,210.88,211.09,157.06,2026-08-21 14:57:46.781098+00:00
2026-04-15,2026-05-14,Kalokol,215.03,215.25,161.21,2026-08-21 14:57:46.781098+00:00
2026-04-15,2026-05-14,Kaloleni,203.58,203.47,149.4,2026-08-21 14:57:46.781098+00:00
2026-04-15,2026-05-14,Kapcherop,207.54,207.76,153.72,2026-08-21 14:57:46.781098+00:00
2026-04-15,2026-05-14,Kapedo,211.37,211.59,157.54,2026-08-21 14:57:46.781098+00:00
2026-04-15,2026-05-14,Kapenguria,208.21,208.43,154.39,2026-08-21 14:57:46.781098+00:00
2026-04-15,2026-05-14,Kapese,211.92,212.14,158.1,2026-08-21 14:57:46.781098+00:00
2026-04-15,2026-05-14,Kaplamai,207.21,207.42,153.38,2026-08-21 14:57:46.781098+00:00
2026-04-15,2026-05-14,Kapsabet,206.52,206.74,152.7,2026-08-21 14:57:46.781098+00:00
2026-04-15,2026-05-14,Kapsowar,207.36,207.58,153.54,2026-08-21 14:57:46.781098+00:00
2026-04-15,2026-05-14,Kaptarakwa,206.83,207.05,153.01,2026-08-21 14:57:46.781098+00:00
2026-04-15,2026-05-14,Kaspokwony,208.36,208.58,154.54,2026-08-21 14:57:46.781098+00:00
2026-04-15,2026-05-14,Kehancha,210.02,210.24,156.2,2026-08-21 14:57:46.781098+00:00
2026-04-15,2026-05-14,Kericho,207.36,207.58,153.54,2026-08-21 14:57:46.781098+00:00
2026-04-15,2026-05-14,Kerina,208.23,208.45,154.41,2026-08-21 14:57:46.781098+00:00
2026-04-15,2026-05-14,Keringet,207.72,207.94,153.9,2026-08-21 14:57:46.781098+00:00
2026-04-15,2026-05-14,Keroka,208.03,208.25,154.2,2026-08-21 14:57:46.781098+00:00
2026-04-15,2026-05-14,Kerugoya,208.37,208.25,154.18,2026-08-21 14:57:46.781098+00:00
2026-04-15,2026-05-14,Kesses,206.85,207.07,153.03,2026-08-21 14:57:46.781098+00:00
2026-04-15,2026-05-14,Keumbu,208.12,208.34,154.3,2026-08-21 14:57:46.781098+00:00
2026-04-15,2026-05-14,Kibish,220.43,220.64,166.6,2026-08-21 14:57:46.781098+00:00
2026-04-15,2026-05-14,Kiganjo,208.91,208.78,154.71,2026-08-21 14:57:46.781098+00:00
2026-04-15,2026-05-14,Kilgoris,208.88,209.09,155.06,2026-08-21 14:57:46.781098+00:00
2026-04-15,2026-05-14,Kilifi,204.55,204.43,150.36,2026-08-21 14:57:46.781098+00:00
2026-04-15,2026-05-14,Kimilili,208.14,208.36,154.32,2026-08-21 14:57:46.781098+00:00
2026-04-15,2026-05-14,Kiminini,207.43,207.65,153.61,2026-08-21 14:57:46.781098+00:00
2026-04-15,2026-05-14,Kimwarer,207.03,207.25,153.21,2026-08-21 14:57:46.781098+00:00
2026-04-15,2026-05-14,Kiplombe,206.85,207.07,153.03,2026-08-21 14:57:46.781098+00:00
2026-04-15,2026-05-14,Kipsaraman,209.94,210.16,156.12,2026-08-21 14:57:46.781098+00:00
2026-04-15,2026-05-14,Kisii,208.01,208.22,154.18,2026-08-21 14:57:46.781098+00:00
2026-04-15,2026-05-14,Kisumu,206.85,207.06,153.03,2026-08-21 14:57:46.781098+00:00
2026-04-15,2026-05-14,Kitale,207.12,207.34,153.3,2026-08-21 14:57:46.781098+00:00
2026-04-15,2026-05-14,Kitui,209.24,209.12,155.05,2026-08-21 14:57:46.781098+00:00
2026-04-15,2026-05-14,Kiwawa,209.96,210.17,156.14,2026-08-21 14:57:46.781098+00:00
2026-04-15,2026-05-14,Kobujoi,207.3,207.51,153.47,2026-08-21 14:57:46.781098+00:00
2026-04-15,2026-05-14,Korr,216.96,216.84,162.76,2026-08-21 14:57:46.781098+00:00
2026-04-15,2026-05-14,Kunyao,209.38,209.59,155.55,2026-08-21 14:57:46.781098+00:00
2026-04-15,2026-05-14,Kwale,204.07,203.94,149.88,2026-08-21 14:57:46.781098+00:00
2026-04-15,2026-05-14,Kwanza,208.4,208.61,154.57,2026-08-21 14:57:46.781098+00:00
2026-04-15,2026-05-14,Laisamis,215.32,215.2,161.13,2026-08-21 14:57:46.781098+00:00
2026-04-15,2026-05-14,Lamu,209.02,208.91,154.84,2026-08-21 14:57:46.781098+00:00
2026-04-15,2026-05-14,Lamuria,209.73,209.61,155.54,2026-08-21 14:57:46.781098+00:00
2026-04-15,2026-05-14,Liboi,218.59,218.46,164.4,2026-08-21 14:57:46.781098+00:00
2026-04-15,2026-05-14,Likoni Mainland,204.07,203.94,149.88,2026-08-21 14:57:46.781098+00:00
2026-04-15,2026-05-14,Lodosoit,213.16,213.38,159.34,2026-08-21 14:57:46.781098+00:00
2026-04-15,2026-05-14,Lodwar,213.72,213.93,159.9,2026-08-21 14:57:46.781098+00:00
2026-04-15,2026-05-14,Loima,212.2,212.41,158.37,2026-08-21 14:57:46.781098+00:00
2026-04-15,2026-05-14,Lokichar,211.99,212.21,158.17,2026-08-21 14:57:46.781098+00:00
2026-04-15,2026-05-14,Lokichogio,218.52,218.74,164.7,2026-08-21 14:57:46.781098+00:00
2026-04-15,2026-05-14,Lokiriama,214.9,215.12,161.08,2026-08-21 14:57:46.781098+00:00
2026-04-15,2026-05-14,Lokitaung,220.02,220.24,166.2,2026-08-21 14:57:46.781098+00:00
2026-04-15,2026-05-14,Lokori,212.62,212.84,158.8,2026-08-21 14:57:46.781098+00:00
2026-04-15,2026-05-14,Lomut,211.37,211.59,157.54,2026-08-21 14:57:46.781098+00:00
2026-04-15,2026-05-14,Londiani,206.11,206.33,152.29,2026-08-21 14:57:46.781098+00:00
2026-04-15,2026-05-14,Loruk,209.71,209.93,155.89,2026-08-21 14:57:46.781098+00:00
2026-04-15,2026-05-14,Loyangalani,220.5,220.37,166.3,2026-08-21 14:57:46.781098+00:00
2026-04-15,2026-05-14,Lugari,207.78,208.0,153.96,2026-08-21 14:57:46.781098+00:00
2026-04-15,2026-05-14,Lungalunga,204.93,204.81,150.75,2026-08-21 14:57:46.781098+00:00
2026-04-15,2026-05-14,Machakos,207.01,206.89,152.81,2026-08-21 14:57:46.781098+00:00
2026-04-15,2026-05-14,Magenche,209.17,209.39,155.35,2026-08-21 14:57:46.781098+00:00
2026-04-15,2026-05-14,Mai Mahiu,206.81,206.68,152.61,2026-08-21 14:57:46.781098+00:00
2026-04-15,2026-05-14,Maikona,219.44,219.32,165.25,2026-08-21 14:57:46.781098+00:00
2026-04-15,2026-05-14,Makuyu,207.1,206.97,152.9,2026-08-21 14:57:46.781098+00:00
2026-04-15,2026-05-14,Malaba,208.5,208.72,154.68,2026-08-21 14:57:46.781098+00:00
2026-04-15,2026-05-14,Malava,207.11,207.33,153.29,2026-08-21 14:57:46.781098+00:00
2026-04-15,2026-05-14,Malindi,204.91,204.79,150.72,2026-08-21 14:57:46.781098+00:00
2026-04-15,2026-05-14,Mandera,229.15,229.02,174.96,2026-08-21 14:57:46.781098+00:00
2026-04-15,2026-05-14,Maralal,209.65,209.87,155.83,2026-08-21 14:57:46.781098+00:00
2026-04-15,2026-05-14,Marani,207.61,207.83,153.79,2026-08-21 14:57:46.781098+00:00
2026-04-15,2026-05-14,Marereni,206.05,205.93,151.86,2026-08-21 14:57:46.781098+00:00
2026-04-15,2026-05-14,Marich,209.11,209.32,155.28,2026-08-21 14:57:46.781098+00:00
2026-04-15,2026-05-14,Marigat,206.92,207.14,153.1,2026-08-21 14:57:46.781098+00:00
2026-04-15,2026-05-14,Marimanti,210.59,210.46,156.4,2026-08-21 14:57:46.781098+00:00
2026-04-15,2026-05-14,Marsabit,220.18,220.05,165.99,2026-08-21 14:57:46.781098+00:00
2026-04-15,2026-05-14,Matunda,206.47,206.69,152.65,2026-08-21 14:57:46.781098+00:00
2026-04-15,2026-05-14,Matuu,208.15,208.02,153.96,2026-08-21 14:57:46.781098+00:00
2026-04-15,2026-05-14,Maua,212.74,212.61,158.54,2026-08-21 14:57:46.781098+00:00
2026-04-15,2026-05-14,Mbale,206.85,207.06,153.03,2026-08-21 14:57:46.781098+00:00
2026-04-15,2026-05-14,Mbita,207.88,208.09,154.05,2026-08-21 14:57:46.781098+00:00
2026-04-15,2026-05-14,Merille,214.81,214.68,160.62,2026-08-21 14:57:46.781098+00:00
2026-04-15,2026-05-14,Merti,215.84,215.72,161.65,2026-08-21 14:57:46.781098+00:00
2026-04-15,2026-05-14,Meru,211.95,211.83,157.75,2026-08-21 14:57:46.781098+00:00
2026-04-15,2026-05-14,Migori,209.37,209.59,155.55,2026-08-21 14:57:46.781098+00:00
2026-04-15,2026-05-14,Minjila,207.24,207.11,153.05,2026-08-21 14:57:46.781098+00:00
2026-04-15,2026-05-14,Modogashe,218.71,218.58,164.52,2026-08-21 14:57:46.781098+00:00
2026-04-15,2026-05-14,Mogotio,205.58,205.8,151.76,2026-08-21 14:57:46.781098+00:00
2026-04-15,2026-05-14,Moi's Bridge,206.61,206.82,152.78,2026-08-21 14:57:46.781098+00:00
2026-04-15,2026-05-14,Moiben,206.52,206.74,152.7,2026-08-21 14:57:46.781098+00:00
2026-04-15,2026-05-14,Molo,205.73,205.95,151.91,2026-08-21 14:57:46.781098+00:00
2026-04-15,2026-05-14,Mombasa,203.69,203.56,149.49,2026-08-21 14:57:46.781098+00:00
2026-04-15,2026-05-14,Morpus,208.48,208.7,154.66,2026-08-21 14:57:46.781098+00:00
2026-04-15,2026-05-14,Moyale,222.91,222.78,168.72,2026-08-21 14:57:46.781098+00:00
2026-04-15,2026-05-14,Mpeketoni,209.02,208.91,154.84,2026-08-21 14:57:46.781098+00:00
2026-04-15,2026-05-14,Mtito Andei,210.81,210.68,156.62,2026-08-21 14:57:46.781098+00:00
2026-04-15,2026-05-14,Muhoroni,206.88,207.1,153.06,2026-08-21 14:57:46.781098+00:00
2026-04-15,2026-05-14,Muhuru Bay,209.62,209.83,155.79,2026-08-21 14:57:46.781098+00:00
2026-04-15,2026-05-14,Mumias,207.05,207.26,153.23,2026-08-21 14:57:46.781098+00:00
2026-04-15,2026-05-14,Muranga,207.5,207.37,153.31,2026-08-21 14:57:46.781098+00:00
2026-04-15,2026-05-14,Mutuobare,209.44,209.32,155.25,2026-08-21 14:57:46.781098+00:00
2026-04-15,2026-05-14,Mwatate,206.45,206.33,152.27,2026-08-21 14:57:46.781098+00:00
2026-04-15,2026-05-14,Mwingi,209.92,209.79,155.72,2026-08-21 14:57:46.781098+00:00
2026-04-15,2026-05-14,Naiberi,206.85,207.07,153.03,2026-08-21 14:57:46.781098+00:00
2026-04-15,2026-05-14,Nairobi,206.97,206.84,152.78,2026-08-21 14:57:46.781098+00:00
2026-04-15,2026-05-14,Naivasha,206.23,206.45,152.41,2026-08-21 14:57:46.781098+00:00
2026-04-15,2026-05-14,Nakalale,218.4,218.6,164.56,2026-08-21 14:57:46.781098+00:00
2026-04-15,2026-05-14,Nakuru,206.03,206.25,152.21,2026-08-21 14:57:46.781098+00:00
2026-04-15,2026-05-14,Namanga,209.27,209.14,155.07,2026-08-21 14:57:46.781098+00:00
2026-04-15,2026-05-14,Nambale,207.99,208.2,154.17,2026-08-21 14:57:46.781098+00:00
2026-04-15,2026-05-14,Nandi Hills,206.83,207.05,153.01,2026-08-21 14:57:46.781098+00:00
2026-04-15,2026-05-14,Nanyuki,209.94,209.81,155.75,2026-08-21 14:57:46.781098+00:00
2026-04-15,2026-05-14,Narok,209.0,208.87,154.81,2026-08-21 14:57:46.781098+00:00
2026-04-15,2026-05-14,Ndhiwa,208.48,208.7,154.66,2026-08-21 14:57:46.781098+00:00
2026-04-15,2026-05-14,Nkubu,211.61,211.49,157.42,2026-08-21 14:57:46.781098+00:00
2026-04-15,2026-05-14,North Horr,221.83,221.71,167.64,2026-08-21 14:57:46.781098+00:00
2026-04-15,2026-05-14,Ntimaru,210.56,210.77,156.73,2026-08-21 14:57:46.781098+00:00
2026-04-15,2026-05-14,Nyahururu,206.1,206.31,152.28,2026-08-21 14:57:46.781098+00:00
2026-04-15,2026-05-14,Nyamira,207.47,207.69,153.65,2026-08-21 14:57:46.781098+00:00
2026-04-15,2026-05-14,Nyangusu,208.72,208.94,154.9,2026-08-21 14:57:46.781098+00:00
2026-04-15,2026-05-14,Nyansiongo,207.81,208.02,153.98,2026-08-21 14:57:46.781098+00:00
2026-04-15,2026-05-14,Nyeri,208.98,208.85,154.78,2026-08-21 14:57:46.781098+00:00
2026-04-15,2026-05-14,O'lessos,206.61,206.82,152.78,2026-08-21 14:57:46.781098+00:00
2026-04-15,2026-05-14,Ogembo,208.28,208.49,154.46,2026-08-21 14:57:46.781098+00:00
2026-04-15,2026-05-14,Oldonyiro,210.67,210.55,156.48,2026-08-21 14:57:46.781098+00:00
2026-04-15,2026-05-14,Olenguruone,206.95,207.17,153.12,2026-08-21 14:57:46.781098+00:00
2026-04-15,2026-05-14,Orolwo,208.73,208.94,154.91,2026-08-21 14:57:46.781098+00:00
2026-04-15,2026-05-14,Ortum,209.24,209.46,155.42,2026-08-21 14:57:46.781098+00:00
2026-04-15,2026-05-14,Oyugis,207.49,207.71,153.67,2026-08-21 14:57:46.781098+00:00
2026-04-15,2026-05-14,Port Bunyala,208.05,208.27,154.23,2026-08-21 14:57:46.781098+00:00
2026-04-15,2026-05-14,Rangwe,207.99,208.2,154.17,2026-08-21 14:57:46.781098+00:00
2026-04-15,2026-05-14,Rodi Kopany,208.01,208.22,154.18,2026-08-21 14:57:46.781098+00:00
2026-04-15,2026-05-14,Rongo,208.43,208.65,154.61,2026-08-21 14:57:46.781098+00:00
2026-04-15,2026-05-14,Rumuruti,207.04,207.26,153.22,2026-08-21 14:57:46.781098+00:00
2026-04-15,2026-05-14,Saboti,207.48,207.69,153.66,2026-08-21 14:57:46.781098+00:00
2026-04-15,2026-05-14,Sagana,207.88,207.76,153.68,2026-08-21 14:57:46.781098+00:00
2026-04-15,2026-05-14,Sambalat,208.73,208.94,154.91,2026-08-21 14:57:46.781098+00:00
2026-04-15,2026-05-14,Samburu,203.84,203.71,149.66,2026-08-21 14:57:46.781098+00:00
2026-04-15,2026-05-14,Sebit,208.64,208.86,154.82,2026-08-21 14:57:46.781098+00:00
2026-04-15,2026-05-14,Sengera,208.59,208.8,154.77,2026-08-21 14:57:46.781098+00:00
2026-04-15,2026-05-14,Serem,207.43,207.65,153.61,2026-08-21 14:57:46.781098+00:00
2026-04-15,2026-05-14,Siaya,207.06,207.28,153.24,2026-08-21 14:57:46.781098+00:00
2026-04-15,2026-05-14,Sigor,209.51,209.73,155.69,2026-08-21 14:57:46.781098+00:00
2026-04-15,2026-05-14,Sindo,208.01,208.22,154.18,2026-08-21 14:57:46.781098+00:00
2026-04-15,2026-05-14,SioPort,207.97,208.18,154.14,2026-08-21 14:57:46.781098+00:00
2026-04-15,2026-05-14,Sipili,211.24,211.11,157.04,2026-08-21 14:57:46.781098+00:00
2026-04-15,2026-05-14,Sololo,221.27,221.16,167.08,2026-08-21 14:57:46.781098+00:00
2026-04-15,2026-05-14,Sondu,206.67,206.88,152.84,2026-08-21 14:57:46.781098+00:00
2026-04-15,2026-05-14,Songor,208.17,208.38,154.34,2026-08-21 14:57:46.781098+00:00
2026-04-15,2026-05-14,Sotik,207.71,207.93,153.89,2026-08-21 14:57:46.781098+00:00
2026-04-15,2026-05-14,Soy,206.49,206.71,152.67,2026-08-21 14:57:46.781098+00:00
2026-04-15,2026-05-14,Tambach,206.56,206.77,152.74,2026-08-21 14:57:46.781098+00:00
2026-04-15,2026-05-14,Tarbaj,222.35,222.22,168.16,2026-08-21 14:57:46.781098+00:00
2026-04-15,2026-05-14,Taru,204.15,204.02,149.97,2026-08-21 14:57:46.781098+00:00
2026-04-15,2026-05-14,Taveta,208.3,208.19,154.12,2026-08-21 14:57:46.781098+00:00
2026-04-15,2026-05-14,Tenges,208.17,208.38,154.34,2026-08-21 14:57:46.781098+00:00
2026-04-15,2026-05-14,Thika,206.6,206.48,152.42,2026-08-21 14:57:46.781098+00:00
2026-04-15,2026-05-14,Timboroa,206.9,207.11,153.07,2026-08-21 14:57:46.781098+00:00
2026-04-15,2026-05-14,Tindiret,208.04,208.26,154.21,2026-08-21 14:57:46.781098+00:00
2026-04-15,2026-05-14,Tot,208.48,208.7,154.66,2026-08-21 14:57:46.781098+00:00
2026-04-15,2026-05-14,Turbi,220.16,220.03,165.97,2026-08-21 14:57:46.781098+00:00
2026-04-15,2026-05-14,Turbo,206.4,206.62,152.58,2026-08-21 14:57:46.781098+00:00
2026-04-15,2026-05-14,Ugunja,207.23,207.44,153.4,2026-08-21 14:57:46.781098+00:00
2026-04-15,2026-05-14,Usenge,207.45,207.66,153.62,2026-08-21 14:57:46.781098+00:00
2026-04-15,2026-05-14,Voi,205.87,205.75,151.69,2026-08-21 14:57:46.781098+00:00
2026-04-15,2026-05-14,Wajir,222.62,222.49,168.43,2026-08-21 14:57:46.781098+00:00
2026-04-15,2026-05-14,Wamba,211.11,211.32,157.28,2026-08-21 14:57:46.781098+00:00
2026-04-15,2026-05-14,Webuye,207.23,207.44,153.4,2026-08-21 14:57:46.781098+00:00
2026-04-15,2026-05-14,Wundanyi,206.74,206.62,152.56,2026-08-21 14:57:46.781098+00:00
2026-04-15,2026-05-14,Ziwa,206.83,207.05,153.01,2026-08-21 14:57:46.781098+00:00
2026-04-16,2026-05-14,Ahero,197.48,196.85,153.03,2026-08-21 14:57:46.781098+00:00
2026-04-16,2026-05-14,Alale,200.59,199.96,156.14,2026-08-21 14:57:46.781098+00:00
2026-04-16,2026-05-14,Archers Post,201.89,201.27,157.44,2026-08-21 14:57:46.781098+00:00
2026-04-16,2026-05-14,Arror,198.76,198.13,154.31,2026-08-21 14:57:46.781098+00:00
2026-04-16,2026-05-14,Asembo,197.25,196.63,152.8,2026-08-21 14:57:46.781098+00:00
2026-04-16,2026-05-14,Asilong,199.29,198.67,154.84,2026-08-21 14:57:46.781098+00:00
2026-04-16,2026-05-14,Awasi,197.05,196.42,152.6,2026-08-21 14:57:46.781098+00:00
2026-04-16,2026-05-14,Barwessa,199.0,198.38,154.55,2026-08-21 14:57:46.781098+00:00
2026-04-16,2026-05-14,Bomet,199.04,198.42,154.59,2026-08-21 14:57:46.781098+00:00
2026-04-16,2026-05-14,Bondo,197.48,196.85,153.03,2026-08-21 14:57:46.781098+00:00
2026-04-16,2026-05-14,Bungoma,198.45,197.81,153.99,2026-08-21 14:57:46.781098+00:00
2026-04-16,2026-05-14,Burgich,199.92,199.3,155.47,2026-08-21 14:57:46.781098+00:00
2026-04-16,2026-05-14,Burnt Forest,197.03,196.41,152.58,2026-08-21 14:57:46.781098+00:00
2026-04-16,2026-05-14,Busia,198.62,197.99,154.17,2026-08-21 14:57:46.781098+00:00
2026-04-16,2026-05-14,Bute,211.19,210.23,166.37,2026-08-21 14:57:46.781098+00:00
2026-04-16,2026-05-14,Chebara,197.8,197.17,153.34,2026-08-21 14:57:46.781098+00:00
2026-04-16,2026-05-14,Chepareria,199.2,198.58,154.75,2026-08-21 14:57:46.781098+00:00
2026-04-16,2026-05-14,Chepkorniswo,198.91,198.29,154.46,2026-08-21 14:57:46.781098+00:00
2026-04-16,2026-05-14,Cheptulu,197.86,197.23,153.4,2026-08-21 14:57:46.781098+00:00
2026-04-16,2026-05-14,Chuka,200.05,199.09,155.23,2026-08-21 14:57:46.781098+00:00
2026-04-16,2026-05-14,Chwele,198.91,198.28,154.46,2026-08-21 14:57:46.781098+00:00
2026-04-16,2026-05-14,Dadaab,206.83,205.86,162.01,2026-08-21 14:57:46.781098+00:00
2026-04-16,2026-05-14,Doldo,201.89,200.92,157.07,2026-08-21 14:57:46.781098+00:00
2026-04-16,2026-05-14,Eldama Ravine,198.55,197.93,154.1,2026-08-21 14:57:46.781098+00:00
2026-04-16,2026-05-14,Eldas,216.31,215.34,171.49,2026-08-21 14:57:46.781098+00:00
2026-04-16,2026-05-14,Eldoret,197.48,196.86,153.03,2026-08-21 14:57:46.781098+00:00
2026-04-16,2026-05-14,Elwak,215.75,214.79,170.93,2026-08-21 14:57:46.781098+00:00
2026-04-16,2026-05-14,Embu,199.13,198.17,154.31,2026-08-21 14:57:46.781098+00:00
2026-04-16,2026-05-14,Endebes,198.67,198.05,154.21,2026-08-21 14:57:46.781098+00:00
2026-04-16,2026-05-14,Etago,199.62,199.0,155.17,2026-08-21 14:57:46.781098+00:00
2026-04-16,2026-05-14,Funyula,198.37,197.75,153.91,2026-08-21 14:57:46.781098+00:00
2026-04-16,2026-05-14,Garissa,204.43,203.47,159.61,2026-08-21 14:57:46.781098+00:00
2026-04-16,2026-05-14,Garsen,198.02,197.06,153.21,2026-08-21 14:57:46.781098+00:00
2026-04-16,2026-05-14,Gilgil,196.23,195.61,151.78,2026-08-21 14:57:46.781098+00:00
2026-04-16,2026-05-14,Habaswein,209.08,208.13,164.26,2026-08-21 14:57:46.781098+00:00
2026-04-16,2026-05-14,Hadado,208.75,207.79,163.93,2026-08-21 14:57:46.781098+00:00
2026-04-16,2026-05-14,Harambee,197.18,196.56,152.73,2026-08-21 14:57:46.781098+00:00
2026-04-16,2026-05-14,Hola,200.14,199.18,155.33,2026-08-21 14:57:46.781098+00:00
2026-04-16,2026-05-14,Homabay,198.53,197.91,154.08,2026-08-21 14:57:46.781098+00:00
2026-04-16,2026-05-14,Ikonge,197.74,197.12,153.29,2026-08-21 14:57:46.781098+00:00
2026-04-16,2026-05-14,Isebania,200.5,199.87,156.04,2026-08-21 14:57:46.781098+00:00
2026-04-16,2026-05-14,Isiolo,202.33,201.36,157.51,2026-08-21 14:57:46.781098+00:00
2026-04-16,2026-05-14,Iten,197.48,196.86,153.03,2026-08-21 14:57:46.781098+00:00
2026-04-16,2026-05-14,Kabarnet,198.4,197.78,153.95,2026-08-21 14:57:46.781098+00:00
2026-04-16,2026-05-14,Kabartonjo,198.55,197.93,154.1,2026-08-21 14:57:46.781098+00:00
2026-04-16,2026-05-14,Kabiyet,197.12,196.5,152.67,2026-08-21 14:57:46.781098+00:00
2026-04-16,2026-05-14,Kacheliba,199.54,198.92,155.09,2026-08-21 14:57:46.781098+00:00
2026-04-16,2026-05-14,Kachibora,197.8,197.17,153.34,2026-08-21 14:57:46.781098+00:00
2026-04-16,2026-05-14,Kaibichbich,198.82,198.2,154.37,2026-08-21 14:57:46.781098+00:00
2026-04-16,2026-05-14,Kaiboi,197.22,196.59,152.75,2026-08-21 14:57:46.781098+00:00
2026-04-16,2026-05-14,Kainuk,200.7,200.08,156.25,2026-08-21 14:57:46.781098+00:00
2026-04-16,2026-05-14,Kajiado,197.95,196.99,153.13,2026-08-21 14:57:46.781098+00:00
2026-04-16,2026-05-14,Kakamega,197.21,196.57,152.75,2026-08-21 14:57:46.781098+00:00
2026-04-16,2026-05-14,Kakuma,207.1,206.47,162.65,2026-08-21 14:57:46.781098+00:00
2026-04-16,2026-05-14,Kalacha,211.01,210.05,166.19,2026-08-21 14:57:46.781098+00:00
2026-04-16,2026-05-14,Kalemngorok,201.51,200.88,157.06,2026-08-21 14:57:46.781098+00:00
2026-04-16,2026-05-14,Kalokol,205.66,205.04,161.21,2026-08-21 14:57:46.781098+00:00
2026-04-16,2026-05-14,Kaloleni,194.21,193.26,149.4,2026-08-21 14:57:46.781098+00:00
2026-04-16,2026-05-14,Kapcherop,198.17,197.55,153.72,2026-08-21 14:57:46.781098+00:00
2026-04-16,2026-05-14,Kapedo,202.0,201.38,157.54,2026-08-21 14:57:46.781098+00:00
2026-04-16,2026-05-14,Kapenguria,198.84,198.22,154.39,2026-08-21 14:57:46.781098+00:00
2026-04-16,2026-05-14,Kapese,202.55,201.93,158.1,2026-08-21 14:57:46.781098+00:00
2026-04-16,2026-05-14,Kaplamai,197.84,197.21,153.38,2026-08-21 14:57:46.781098+00:00
2026-04-16,2026-05-14,Kapsabet,197.15,196.53,152.7,2026-08-21 14:57:46.781098+00:00
2026-04-16,2026-05-14,Kapsowar,197.99,197.37,153.54,2026-08-21 14:57:46.781098+00:00
2026-04-16,2026-05-14,Kaptarakwa,197.46,196.84,153.01,2026-08-21 14:57:46.781098+00:00
2026-04-16,2026-05-14,Kaspokwony,198.99,198.37,154.54,2026-08-21 14:57:46.781098+00:00
2026-04-16,2026-05-14,Kehancha,200.65,200.03,156.2,2026-08-21 14:57:46.781098+00:00
2026-04-16,2026-05-14,Kericho,197.99,197.37,153.54,2026-08-21 14:57:46.781098+00:00
2026-04-16,2026-05-14,Kerina,198.86,198.24,154.41,2026-08-21 14:57:46.781098+00:00
2026-04-16,2026-05-14,Keringet,198.35,197.73,153.9,2026-08-21 14:57:46.781098+00:00
2026-04-16,2026-05-14,Keroka,198.66,198.04,154.2,2026-08-21 14:57:46.781098+00:00
2026-04-16,2026-05-14,Kerugoya,199.0,198.04,154.18,2026-08-21 14:57:46.781098+00:00
2026-04-16,2026-05-14,Kesses,197.48,196.86,153.03,2026-08-21 14:57:46.781098+00:00
2026-04-16,2026-05-14,Keumbu,198.75,198.13,154.3,2026-08-21 14:57:46.781098+00:00
2026-04-16,2026-05-14,Kibish,211.06,210.43,166.6,2026-08-21 14:57:46.781098+00:00
2026-04-16,2026-05-14,Kiganjo,199.54,198.57,154.71,2026-08-21 14:57:46.781098+00:00
2026-04-16,2026-05-14,Kilgoris,199.51,198.88,155.06,2026-08-21 14:57:46.781098+00:00
2026-04-16,2026-05-14,Kilifi,195.18,194.22,150.36,2026-08-21 14:57:46.781098+00:00
2026-04-16,2026-05-14,Kimilili,198.77,198.15,154.32,2026-08-21 14:57:46.781098+00:00
2026-04-16,2026-05-14,Kiminini,198.06,197.44,153.61,2026-08-21 14:57:46.781098+00:00
2026-04-16,2026-05-14,Kimwarer,197.66,197.04,153.21,2026-08-21 14:57:46.781098+00:00
2026-04-16,2026-05-14,Kiplombe,197.48,196.86,153.03,2026-08-21 14:57:46.781098+00:00
2026-04-16,2026-05-14,Kipsaraman,200.57,199.95,156.12,2026-08-21 14:57:46.781098+00:00
2026-04-16,2026-05-14,Kisii,198.64,198.01,154.18,2026-08-21 14:57:46.781098+00:00
2026-04-16,2026-05-14,Kisumu,197.48,196.85,153.03,2026-08-21 14:57:46.781098+00:00
2026-04-16,2026-05-14,Kitale,197.75,197.13,153.3,2026-08-21 14:57:46.781098+00:00
2026-04-16,2026-05-14,Kitui,199.87,198.91,155.05,2026-08-21 14:57:46.781098+00:00
2026-04-16,2026-05-14,Kiwawa,200.59,199.96,156.14,2026-08-21 14:57:46.781098+00:00
2026-04-16,2026-05-14,Kobujoi,197.93,197.3,153.47,2026-08-21 14:57:46.781098+00:00
2026-04-16,2026-05-14,Korr,207.59,206.63,162.76,2026-08-21 14:57:46.781098+00:00
2026-04-16,2026-05-14,Kunyao,200.01,199.38,155.55,2026-08-21 14:57:46.781098+00:00
2026-04-16,2026-05-14,Kwale,194.7,193.73,149.88,2026-08-21 14:57:46.781098+00:00
2026-04-16,2026-05-14,Kwanza,199.03,198.4,154.57,2026-08-21 14:57:46.781098+00:00
2026-04-16,2026-05-14,Laisamis,205.95,204.99,161.13,2026-08-21 14:57:46.781098+00:00
2026-04-16,2026-05-14,Lamu,199.65,198.7,154.84,2026-08-21 14:57:46.781098+00:00
2026-04-16,2026-05-14,Lamuria,200.36,199.4,155.54,2026-08-21 14:57:46.781098+00:00
2026-04-16,2026-05-14,Liboi,209.22,208.25,164.4,2026-08-21 14:57:46.781098+00:00
2026-04-16,2026-05-14,Likoni Mainland,194.7,193.73,149.88,2026-08-21 14:57:46.781098+00:00
2026-04-16,2026-05-14,Lodosoit,203.79,203.17,159.34,2026-08-21 14:57:46.781098+00:00
2026-04-16,2026-05-14,Lodwar,204.35,203.72,159.9,2026-08-21 14:57:46.781098+00:00
2026-04-16,2026-05-14,Loima,202.83,202.2,158.37,2026-08-21 14:57:46.781098+00:00
2026-04-16,2026-05-14,Lokichar,202.62,202.0,158.17,2026-08-21 14:57:46.781098+00:00
2026-04-16,2026-05-14,Lokichogio,209.15,208.53,164.7,2026-08-21 14:57:46.781098+00:00
2026-04-16,2026-05-14,Lokiriama,205.53,204.91,161.08,2026-08-21 14:57:46.781098+00:00
2026-04-16,2026-05-14,Lokitaung,210.65,210.03,166.2,2026-08-21 14:57:46.781098+00:00
2026-04-16,2026-05-14,Lokori,203.25,202.63,158.8,2026-08-21 14:57:46.781098+00:00
2026-04-16,2026-05-14,Lomut,202.0,201.38,157.54,2026-08-21 14:57:46.781098+00:00
2026-04-16,2026-05-14,Londiani,196.74,196.12,152.29,2026-08-21 14:57:46.781098+00:00
2026-04-16,2026-05-14,Loruk,200.34,199.72,155.89,2026-08-21 14:57:46.781098+00:00
2026-04-16,2026-05-14,Loyangalani,211.13,210.16,166.3,2026-08-21 14:57:46.781098+00:00
2026-04-16,2026-05-14,Lugari,198.41,197.79,153.96,2026-08-21 14:57:46.781098+00:00
2026-04-16,2026-05-14,Lungalunga,195.56,194.6,150.75,2026-08-21 14:57:46.781098+00:00
2026-04-16,2026-05-14,Machakos,197.64,196.68,152.81,2026-08-21 14:57:46.781098+00:00
2026-04-16,2026-05-14,Magenche,199.8,199.18,155.35,2026-08-21 14:57:46.781098+00:00
2026-04-16,2026-05-14,Mai Mahiu,197.44,196.47,152.61,2026-08-21 14:57:46.781098+00:00
2026-04-16,2026-05-14,Maikona,210.07,209.11,165.25,2026-08-21 14:57:46.781098+00:00
2026-04-16,2026-05-14,Makuyu,197.73,196.76,152.9,2026-08-21 14:57:46.781098+00:00
2026-04-16,2026-05-14,Malaba,199.13,198.51,154.68,2026-08-21 14:57:46.781098+00:00
2026-04-16,2026-05-14,Malava,197.74,197.12,153.29,2026-08-21 14:57:46.781098+00:00
2026-04-16,2026-05-14,Malindi,195.54,194.58,150.72,2026-08-21 14:57:46.781098+00:00
2026-04-16,2026-05-14,Mandera,219.78,218.81,174.96,2026-08-21 14:57:46.781098+00:00
2026-04-16,2026-05-14,Maralal,200.28,199.66,155.83,2026-08-21 14:57:46.781098+00:00
2026-04-16,2026-05-14,Marani,198.24,197.62,153.79,2026-08-21 14:57:46.781098+00:00
2026-04-16,2026-05-14,Marereni,196.68,195.72,151.86,2026-08-21 14:57:46.781098+00:00
2026-04-16,2026-05-14,Marich,199.74,199.11,155.28,2026-08-21 14:57:46.781098+00:00
2026-04-16,2026-05-14,Marigat,197.55,196.93,153.1,2026-08-21 14:57:46.781098+00:00
2026-04-16,2026-05-14,Marimanti,201.22,200.25,156.4,2026-08-21 14:57:46.781098+00:00
2026-04-16,2026-05-14,Marsabit,210.81,209.84,165.99,2026-08-21 14:57:46.781098+00:00
2026-04-16,2026-05-14,Matunda,197.1,196.48,152.65,2026-08-21 14:57:46.781098+00:00
2026-04-16,2026-05-14,Matuu,198.78,197.81,153.96,2026-08-21 14:57:46.781098+00:00
2026-04-16,2026-05-14,Maua,203.37,202.4,158.54,2026-08-21 14:57:46.781098+00:00
2026-04-16,2026-05-14,Mbale,197.48,196.85,153.03,2026-08-21 14:57:46.781098+00:00
2026-04-16,2026-05-14,Mbita,198.51,197.88,154.05,2026-08-21 14:57:46.781098+00:00
2026-04-16,2026-05-14,Merille,205.44,204.47,160.62,2026-08-21 14:57:46.781098+00:00
2026-04-16,2026-05-14,Merti,206.47,205.51,161.65,2026-08-21 14:57:46.781098+00:00
2026-04-16,2026-05-14,Meru,202.58,201.62,157.75,2026-08-21 14:57:46.781098+00:00
2026-04-16,2026-05-14,Migori,200.0,199.38,155.55,2026-08-21 14:57:46.781098+00:00
2026-04-16,2026-05-14,Minjila,197.87,196.9,153.05,2026-08-21 14:57:46.781098+00:00
2026-04-16,2026-05-14,Modogashe,209.34,208.37,164.52,2026-08-21 14:57:46.781098+00:00
2026-04-16,2026-05-14,Mogotio,196.21,195.59,151.76,2026-08-21 14:57:46.781098+00:00
2026-04-16,2026-05-14,Moi's Bridge,197.24,196.61,152.78,2026-08-21 14:57:46.781098+00:00
2026-04-16,2026-05-14,Moiben,197.15,196.53,152.7,2026-08-21 14:57:46.781098+00:00
2026-04-16,2026-05-14,Molo,196.36,195.74,151.91,2026-08-21 14:57:46.781098+00:00
2026-04-16,2026-05-14,Mombasa,194.32,193.35,149.49,2026-08-21 14:57:46.781098+00:00
2026-04-16,2026-05-14,Morpus,199.11,198.49,154.66,2026-08-21 14:57:46.781098+00:00
2026-04-16,2026-05-14,Moyale,213.54,212.57,168.72,2026-08-21 14:57:46.781098+00:00
2026-04-16,2026-05-14,Mpeketoni,199.65,198.7,154.84,2026-08-21 14:57:46.781098+00:00
2026-04-16,2026-05-14,Mtito Andei,201.44,200.47,156.62,2026-08-21 14:57:46.781098+00:00
2026-04-16,2026-05-14,Muhoroni,197.51,196.89,153.06,2026-08-21 14:57:46.781098+00:00
2026-04-16,2026-05-14,Muhuru Bay,200.25,199.62,155.79,2026-08-21 14:57:46.781098+00:00
2026-04-16,2026-05-14,Mumias,197.68,197.05,153.23,2026-08-21 14:57:46.781098+00:00
2026-04-16,2026-05-14,Muranga,198.13,197.16,153.31,2026-08-21 14:57:46.781098+00:00
2026-04-16,2026-05-14,Mutuobare,200.07,199.11,155.25,2026-08-21 14:57:46.781098+00:00
2026-04-16,2026-05-14,Mwatate,197.08,196.12,152.27,2026-08-21 14:57:46.781098+00:00
2026-04-16,2026-05-14,Mwingi,200.55,199.58,155.72,2026-08-21 14:57:46.781098+00:00
2026-04-16,2026-05-14,Naiberi,197.48,196.86,153.03,2026-08-21 14:57:46.781098+00:00
2026-04-16,2026-05-14,Nairobi,197.6,196.63,152.78,2026-08-21 14:57:46.781098+00:00
2026-04-16,2026-05-14,Naivasha,196.86,196.24,152.41,2026-08-21 14:57:46.781098+00:00
2026-04-16,2026-05-14,Nakalale,209.03,208.39,164.56,2026-08-21 14:57:46.781098+00:00
2026-04-16,2026-05-14,Nakuru,196.66,196.04,152.21,2026-08-21 14:57:46.781098+00:00
2026-04-16,2026-05-14,Namanga,199.9,198.93,155.07,2026-08-21 14:57:46.781098+00:00
2026-04-16,2026-05-14,Nambale,198.62,197.99,154.17,2026-08-21 14:57:46.781098+00:00
2026-04-16,2026-05-14,Nandi Hills,197.46,196.84,153.01,2026-08-21 14:57:46.781098+00:00
2026-04-16,2026-05-14,Nanyuki,200.57,199.6,155.75,2026-08-21 14:57:46.781098+00:00
2026-04-16,2026-05-14,Narok,199.63,198.66,154.81,2026-08-21 14:57:46.781098+00:00
2026-04-16,2026-05-14,Ndhiwa,199.11,198.49,154.66,2026-08-21 14:57:46.781098+00:00
2026-04-16,2026-05-14,Nkubu,202.24,201.28,157.42,2026-08-21 14:57:46.781098+00:00
2026-04-16,2026-05-14,North Horr,212.46,211.5,167.64,2026-08-21 14:57:46.781098+00:00
2026-04-16,2026-05-14,Ntimaru,201.19,200.56,156.73,2026-08-21 14:57:46.781098+00:00
2026-04-16,2026-05-14,Nyahururu,196.73,196.1,152.28,2026-08-21 14:57:46.781098+00:00
2026-04-16,2026-05-14,Nyamira,198.1,197.48,153.65,2026-08-21 14:57:46.781098+00:00
2026-04-16,2026-05-14,Nyangusu,199.35,198.73,154.9,2026-08-21 14:57:46.781098+00:00
2026-04-16,2026-05-14,Nyansiongo,198.44,197.81,153.98,2026-08-21 14:57:46.781098+00:00
2026-04-16,2026-05-14,Nyeri,199.61,198.64,154.78,2026-08-21 14:57:46.781098+00:00
2026-04-16,2026-05-14,O'lessos,197.24,196.61,152.78,2026-08-21 14:57:46.781098+00:00
2026-04-16,2026-05-14,Ogembo,198.91,198.28,154.46,2026-08-21 14:57:46.781098+00:00
2026-04-16,2026-05-14,Oldonyiro,201.3,200.34,156.48,2026-08-21 14:57:46.781098+00:00
2026-04-16,2026-05-14,Olenguruone,197.58,196.96,153.12,2026-08-21 14:57:46.781098+00:00
2026-04-16,2026-05-14,Orolwo,199.36,198.73,154.91,2026-08-21 14:57:46.781098+00:00
2026-04-16,2026-05-14,Ortum,199.87,199.25,155.42,2026-08-21 14:57:46.781098+00:00
2026-04-16,2026-05-14,Oyugis,198.12,197.5,153.67,2026-08-21 14:57:46.781098+00:00
2026-04-16,2026-05-14,Port Bunyala,198.68,198.06,154.23,2026-08-21 14:57:46.781098+00:00
2026-04-16,2026-05-14,Rangwe,198.62,197.99,154.17,2026-08-21 14:57:46.781098+00:00
2026-04-16,2026-05-14,Rodi Kopany,198.64,198.01,154.18,2026-08-21 14:57:46.781098+00:00
2026-04-16,2026-05-14,Rongo,199.06,198.44,154.61,2026-08-21 14:57:46.781098+00:00
2026-04-16,2026-05-14,Rumuruti,197.67,197.05,153.22,2026-08-21 14:57:46.781098+00:00
2026-04-16,2026-05-14,Saboti,198.11,197.48,153.66,2026-08-21 14:57:46.781098+00:00
2026-04-16,2026-05-14,Sagana,198.51,197.55,153.68,2026-08-21 14:57:46.781098+00:00
2026-04-16,2026-05-14,Sambalat,199.36,198.73,154.91,2026-08-21 14:57:46.781098+00:00
2026-04-16,2026-05-14,Samburu,194.47,193.5,149.66,2026-08-21 14:57:46.781098+00:00
2026-04-16,2026-05-14,Sebit,199.27,198.65,154.82,2026-08-21 14:57:46.781098+00:00
2026-04-16,2026-05-14,Sengera,199.22,198.59,154.77,2026-08-21 14:57:46.781098+00:00
2026-04-16,2026-05-14,Serem,198.06,197.44,153.61,2026-08-21 14:57:46.781098+00:00
2026-04-16,2026-05-14,Siaya,197.69,197.07,153.24,2026-08-21 14:57:46.781098+00:00
2026-04-16,2026-05-14,Sigor,200.14,199.52,155.69,2026-08-21 14:57:46.781098+00:00
2026-04-16,2026-05-14,Sindo,198.64,198.01,154.18,2026-08-21 14:57:46.781098+00:00
2026-04-16,2026-05-14,SioPort,198.6,197.97,154.14,2026-08-21 14:57:46.781098+00:00
2026-04-16,2026-05-14,Sipili,201.87,200.9,157.04,2026-08-21 14:57:46.781098+00:00
2026-04-16,2026-05-14,Sololo,211.9,210.95,167.08,2026-08-21 14:57:46.781098+00:00
2026-04-16,2026-05-14,Sondu,197.3,196.67,152.84,2026-08-21 14:57:46.781098+00:00
2026-04-16,2026-05-14,Songor,198.8,198.17,154.34,2026-08-21 14:57:46.781098+00:00
2026-04-16,2026-05-14,Sotik,198.34,197.72,153.89,2026-08-21 14:57:46.781098+00:00
2026-04-16,2026-05-14,Soy,197.12,196.5,152.67,2026-08-21 14:57:46.781098+00:00
2026-04-16,2026-05-14,Tambach,197.19,196.56,152.74,2026-08-21 14:57:46.781098+00:00
2026-04-16,2026-05-14,Tarbaj,212.98,212.01,168.16,2026-08-21 14:57:46.781098+00:00
2026-04-16,2026-05-14,Taru,194.78,193.81,149.97,2026-08-21 14:57:46.781098+00:00
2026-04-16,2026-05-14,Taveta,198.93,197.98,154.12,2026-08-21 14:57:46.781098+00:00
2026-04-16,2026-05-14,Tenges,198.8,198.17,154.34,2026-08-21 14:57:46.781098+00:00
2026-04-16,2026-05-14,Thika,197.23,196.27,152.42,2026-08-21 14:57:46.781098+00:00
2026-04-16,2026-05-14,Timboroa,197.53,196.9,153.07,2026-08-21 14:57:46.781098+00:00
2026-04-16,2026-05-14,Tindiret,198.67,198.05,154.21,2026-08-21 14:57:46.781098+00:00
2026-04-16,2026-05-14,Tot,199.11,198.49,154.66,2026-08-21 14:57:46.781098+00:00
2026-04-16,2026-05-14,Turbi,210.79,209.82,165.97,2026-08-21 14:57:46.781098+00:00
2026-04-16,2026-05-14,Turbo,197.03,196.41,152.58,2026-08-21 14:57:46.781098+00:00
2026-04-16,2026-05-14,Ugunja,197.86,197.23,153.4,2026-08-21 14:57:46.781098+00:00
2026-04-16,2026-05-14,Usenge,198.08,197.45,153.62,2026-08-21 14:57:46.781098+00:00
2026-04-16,2026-05-14,Voi,196.5,195.54,151.69,2026-08-21 14:57:46.781098+00:00
2026-04-16,2026-05-14,Wajir,213.25,212.28,168.43,2026-08-21 14:57:46.781098+00:00
2026-04-16,2026-05-14,Wamba,201.74,201.11,157.28,2026-08-21 14:57:46.781098+00:00
2026-04-16,2026-05-14,Webuye,197.86,197.23,153.4,2026-08-21 14:57:46.781098+00:00
2026-04-16,2026-05-14,Wundanyi,197.37,196.41,152.56,2026-08-21 14:57:46.781098+00:00
2026-04-16,2026-05-14,Ziwa,197.46,196.84,153.01,2026-08-21 14:57:46.781098+00:00
2026-05-19,2026-06-14,Ahero,213.91,233.08,191.63,2026-08-21 14:57:46.781098+00:00
2026-05-19,2026-06-14,Alale,216.8,236.19,194.74,2026-08-21 14:57:46.781098+00:00
2026-05-19,2026-06-14,Archers Post,218.02,237.5,196.04,2026-08-21 14:57:46.781098+00:00
2026-05-19,2026-06-14,Arror,215.09,234.36,192.91,2026-08-21 14:57:46.781098+00:00
2026-05-19,2026-06-14,Asembo,213.7,232.86,191.4,2026-08-21 14:57:46.781098+00:00
2026-05-19,2026-06-14,Asilong,215.6,234.9,193.44,2026-08-21 14:57:46.781098+00:00
2026-05-19,2026-06-14,Awasi,213.51,232.65,191.2,2026-08-21 14:57:46.781098+00:00
2026-05-19,2026-06-14,Barwessa,215.32,234.61,193.15,2026-08-21 14:57:46.781098+00:00
2026-05-19,2026-06-14,Bomet,215.36,234.65,193.19,2026-08-21 14:57:46.781098+00:00
2026-05-19,2026-06-14,Bondo,213.91,233.08,191.63,2026-08-21 14:57:46.781098+00:00
2026-05-19,2026-06-14,Bungoma,214.8,234.04,192.59,2026-08-21 14:57:46.781098+00:00
2026-05-19,2026-06-14,Burgich,216.17,235.53,194.07,2026-08-21 14:57:46.781098+00:00
2026-05-19,2026-06-14,Burnt Forest,213.49,232.64,191.18,2026-08-21 14:57:46.781098+00:00
2026-05-19,2026-06-14,Busia,214.96,234.22,192.77,2026-08-21 14:57:46.781098+00:00
2026-05-19,2026-06-14,Bute,226.91,246.46,204.97,2026-08-21 14:57:46.781098+00:00
2026-05-19,2026-06-14,Chebara,214.2,233.4,191.94,2026-08-21 14:57:46.781098+00:00
2026-05-19,2026-06-14,Chepareria,215.51,234.81,193.35,2026-08-21 14:57:46.781098+00:00
2026-05-19,2026-06-14,Chepkorniswo,215.24,234.52,193.06,2026-08-21 14:57:46.781098+00:00
2026-05-19,2026-06-14,Cheptulu,214.26,233.46,192.0,2026-08-21 14:57:46.781098+00:00
2026-05-19,2026-06-14,Chuka,216.54,235.32,193.83,2026-08-21 14:57:46.781098+00:00
2026-05-19,2026-06-14,Chwele,215.23,234.51,193.06,2026-08-21 14:57:46.781098+00:00
2026-05-19,2026-06-14,Dadaab,222.85,242.09,200.61,2026-08-21 14:57:46.781098+00:00
2026-05-19,2026-06-14,Doldo,218.25,237.15,195.67,2026-08-21 14:57:46.781098+00:00
2026-05-19,2026-06-14,Eldama Ravine,214.91,234.16,192.7,2026-08-21 14:57:46.781098+00:00
2026-05-19,2026-06-14,Eldas,231.68,251.57,210.09,2026-08-21 14:57:46.781098+00:00
2026-05-19,2026-06-14,Eldoret,213.92,233.09,191.63,2026-08-21 14:57:46.781098+00:00
2026-05-19,2026-06-14,Elwak,231.15,251.02,209.53,2026-08-21 14:57:46.781098+00:00
2026-05-19,2026-06-14,Embu,215.69,234.4,192.91,2026-08-21 14:57:46.781098+00:00
2026-05-19,2026-06-14,Endebes,215.02,234.28,192.81,2026-08-21 14:57:46.781098+00:00
2026-05-19,2026-06-14,Etago,215.9,235.23,193.77,2026-08-21 14:57:46.781098+00:00
2026-05-19,2026-06-14,Funyula,214.74,233.98,192.51,2026-08-21 14:57:46.781098+00:00
2026-05-19,2026-06-14,Garissa,220.62,239.7,198.21,2026-08-21 14:57:46.781098+00:00
2026-05-19,2026-06-14,Garsen,214.54,233.29,191.81,2026-08-21 14:57:46.781098+00:00
2026-05-19,2026-06-14,Gilgil,212.75,231.84,190.38,2026-08-21 14:57:46.781098+00:00
2026-05-19,2026-06-14,Habaswein,224.95,244.36,202.86,2026-08-21 14:57:46.781098+00:00
2026-05-19,2026-06-14,Hadado,224.64,244.02,202.53,2026-08-21 14:57:46.781098+00:00
2026-05-19,2026-06-14,Harambee,213.63,232.79,191.33,2026-08-21 14:57:46.781098+00:00
2026-05-19,2026-06-14,Hola,216.52,235.41,193.93,2026-08-21 14:57:46.781098+00:00
2026-05-19,2026-06-14,Homabay,214.89,234.14,192.68,2026-08-21 14:57:46.781098+00:00
2026-05-19,2026-06-14,Ikonge,214.15,233.35,191.89,2026-08-21 14:57:46.781098+00:00
2026-05-19,2026-06-14,Isebania,216.71,236.1,194.64,2026-08-21 14:57:46.781098+00:00
2026-05-19,2026-06-14,Isiolo,218.67,237.59,196.11,2026-08-21 14:57:46.781098+00:00
2026-05-19,2026-06-14,Iten,213.92,233.09,191.63,2026-08-21 14:57:46.781098+00:00
2026-05-19,2026-06-14,Kabarnet,214.77,234.01,192.55,2026-08-21 14:57:46.781098+00:00
2026-05-19,2026-06-14,Kabartonjo,214.91,234.16,192.7,2026-08-21 14:57:46.781098+00:00
2026-05-19,2026-06-14,Kabiyet,213.57,232.73,191.27,2026-08-21 14:57:46.781098+00:00
2026-05-19,2026-06-14,Kacheliba,215.83,235.15,193.69,2026-08-21 14:57:46.781098+00:00
2026-05-19,2026-06-14,Kachibora,214.2,233.4,191.94,2026-08-21 14:57:46.781098+00:00
2026-05-19,2026-06-14,Kaibichbich,215.16,234.43,192.97,2026-08-21 14:57:46.781098+00:00
2026-05-19,2026-06-14,Kaiboi,213.66,232.82,191.35,2026-08-21 14:57:46.781098+00:00
2026-05-19,2026-06-14,Kainuk,216.91,236.31,194.85,2026-08-21 14:57:46.781098+00:00
2026-05-19,2026-06-14,Kajiado,214.58,233.22,191.73,2026-08-21 14:57:46.781098+00:00
2026-05-19,2026-06-14,Kakamega,213.65,232.8,191.35,2026-08-21 14:57:46.781098+00:00
2026-05-19,2026-06-14,Kakuma,222.86,242.7,201.25,2026-08-21 14:57:46.781098+00:00
2026-05-19,2026-06-14,Kalacha,226.75,246.28,204.79,2026-08-21 14:57:46.781098+00:00
2026-05-19,2026-06-14,Kalemngorok,217.65,237.11,195.66,2026-08-21 14:57:46.781098+00:00
2026-05-19,2026-06-14,Kalokol,221.53,241.27,199.81,2026-08-21 14:57:46.781098+00:00
2026-05-19,2026-06-14,Kaloleni,211.0,229.49,188.0,2026-08-21 14:57:46.781098+00:00
2026-05-19,2026-06-14,Kapcherop,214.55,233.78,192.32,2026-08-21 14:57:46.781098+00:00
2026-05-19,2026-06-14,Kapedo,218.12,237.61,196.14,2026-08-21 14:57:46.781098+00:00
2026-05-19,2026-06-14,Kapenguria,215.18,234.45,192.99,2026-08-21 14:57:46.781098+00:00
2026-05-19,2026-06-14,Kapese,218.64,238.16,196.7,2026-08-21 14:57:46.781098+00:00
2026-05-19,2026-06-14,Kaplamai,214.24,233.44,191.98,2026-08-21 14:57:46.781098+00:00
2026-05-19,2026-06-14,Kapsabet,213.59,232.76,191.3,2026-08-21 14:57:46.781098+00:00
2026-05-19,2026-06-14,Kapsowar,214.39,233.6,192.14,2026-08-21 14:57:46.781098+00:00
2026-05-19,2026-06-14,Kaptarakwa,213.88,233.07,191.61,2026-08-21 14:57:46.781098+00:00
2026-05-19,2026-06-14,Kaspokwony,215.32,234.6,193.14,2026-08-21 14:57:46.781098+00:00
2026-05-19,2026-06-14,Kehancha,216.86,236.26,194.8,2026-08-21 14:57:46.781098+00:00
2026-05-19,2026-06-14,Kericho,214.39,233.6,192.14,2026-08-21 14:57:46.781098+00:00
2026-05-19,2026-06-14,Kerina,215.19,234.47,193.01,2026-08-21 14:57:46.781098+00:00
2026-05-19,2026-06-14,Keringet,214.73,233.96,192.5,2026-08-21 14:57:46.781098+00:00
2026-05-19,2026-06-14,Keroka,215.01,234.27,192.8,2026-08-21 14:57:46.781098+00:00
2026-05-19,2026-06-14,Kerugoya,215.56,234.27,192.78,2026-08-21 14:57:46.781098+00:00
2026-05-19,2026-06-14,Kesses,213.92,233.09,191.63,2026-08-21 14:57:46.781098+00:00
2026-05-19,2026-06-14,Keumbu,215.09,234.36,192.9,2026-08-21 14:57:46.781098+00:00
2026-05-19,2026-06-14,Kibish,226.55,246.66,205.2,2026-08-21 14:57:46.781098+00:00
2026-05-19,2026-06-14,Kiganjo,216.06,234.8,193.31,2026-08-21 14:57:46.781098+00:00
2026-05-19,2026-06-14,Kilgoris,215.8,235.11,193.66,2026-08-21 14:57:46.781098+00:00
2026-05-19,2026-06-14,Kilifi,211.9,230.45,188.96,2026-08-21 14:57:46.781098+00:00
2026-05-19,2026-06-14,Kimilili,215.11,234.38,192.92,2026-08-21 14:57:46.781098+00:00
2026-05-19,2026-06-14,Kiminini,214.45,233.67,192.21,2026-08-21 14:57:46.781098+00:00
2026-05-19,2026-06-14,Kimwarer,214.08,233.27,191.81,2026-08-21 14:57:46.781098+00:00
2026-05-19,2026-06-14,Kiplombe,213.92,233.09,191.63,2026-08-21 14:57:46.781098+00:00
2026-05-19,2026-06-14,Kipsaraman,216.78,236.18,194.72,2026-08-21 14:57:46.781098+00:00
2026-05-19,2026-06-14,Kisii,214.98,234.24,192.78,2026-08-21 14:57:46.781098+00:00
2026-05-19,2026-06-14,Kisumu,213.91,233.08,191.63,2026-08-21 14:57:46.781098+00:00
2026-05-19,2026-06-14,Kitale,214.15,233.36,191.9,2026-08-21 14:57:46.781098+00:00
2026-05-19,2026-06-14,Kitui,216.38,235.14,193.65,2026-08-21 14:57:46.781098+00:00
2026-05-19,2026-06-14,Kiwawa,216.8,236.19,194.74,2026-08-21 14:57:46.781098+00:00
2026-05-19,2026-06-14,Kobujoi,214.33,233.53,192.07,2026-08-21 14:57:46.781098+00:00
2026-05-19,2026-06-14,Korr,223.56,242.86,201.36,2026-08-21 14:57:46.781098+00:00
2026-05-19,2026-06-14,Kunyao,216.26,235.61,194.15,2026-08-21 14:57:46.781098+00:00
2026-05-19,2026-06-14,Kwale,211.44,229.96,188.48,2026-08-21 14:57:46.781098+00:00
2026-05-19,2026-06-14,Kwanza,215.34,234.63,193.17,2026-08-21 14:57:46.781098+00:00
2026-05-19,2026-06-14,Laisamis,222.04,241.22,199.73,2026-08-21 14:57:46.781098+00:00
2026-05-19,2026-06-14,Lamu,216.06,234.93,193.44,2026-08-21 14:57:46.781098+00:00
2026-05-19,2026-06-14,Lamuria,216.83,235.63,194.14,2026-08-21 14:57:46.781098+00:00
2026-05-19,2026-06-14,Liboi,225.07,244.48,203.0,2026-08-21 14:57:46.781098+00:00
2026-05-19,2026-06-14,Likoni Mainland,211.44,229.96,188.48,2026-08-21 14:57:46.781098+00:00
2026-05-19,2026-06-14,Lodosoit,219.78,239.4,197.94,2026-08-21 14:57:46.781098+00:00
2026-05-19,2026-06-14,Lodwar,220.3,239.95,198.5,2026-08-21 14:57:46.781098+00:00
2026-05-19,2026-06-14,Loima,218.88,238.43,196.97,2026-08-21 14:57:46.781098+00:00
2026-05-19,2026-06-14,Lokichar,218.7,238.23,196.77,2026-08-21 14:57:46.781098+00:00
2026-05-19,2026-06-14,Lokichogio,224.78,244.76,203.3,2026-08-21 14:57:46.781098+00:00
2026-05-19,2026-06-14,Lokiriama,221.4,241.14,199.68,2026-08-21 14:57:46.781098+00:00
2026-05-19,2026-06-14,Lokitaung,226.17,246.26,204.8,2026-08-21 14:57:46.781098+00:00
2026-05-19,2026-06-14,Lokori,219.28,238.86,197.4,2026-08-21 14:57:46.781098+00:00
2026-05-19,2026-06-14,Lomut,218.12,237.61,196.14,2026-08-21 14:57:46.781098+00:00
2026-05-19,2026-06-14,Londiani,213.22,232.35,190.89,2026-08-21 14:57:46.781098+00:00
2026-05-19,2026-06-14,Loruk,216.57,235.95,194.49,2026-08-21 14:57:46.781098+00:00
2026-05-19,2026-06-14,Loyangalani,226.84,246.39,204.9,2026-08-21 14:57:46.781098+00:00
2026-05-19,2026-06-14,Lugari,214.78,234.02,192.56,2026-08-21 14:57:46.781098+00:00
2026-05-19,2026-06-14,Lungalunga,212.25,230.83,189.35,2026-08-21 14:57:46.781098+00:00
2026-05-19,2026-06-14,Machakos,214.29,232.91,191.41,2026-08-21 14:57:46.781098+00:00
2026-05-19,2026-06-14,Magenche,216.07,235.41,193.95,2026-08-21 14:57:46.781098+00:00
2026-05-19,2026-06-14,Mai Mahiu,214.1,232.7,191.21,2026-08-21 14:57:46.781098+00:00
2026-05-19,2026-06-14,Maikona,225.87,245.34,203.85,2026-08-21 14:57:46.781098+00:00
2026-05-19,2026-06-14,Makuyu,214.37,232.99,191.5,2026-08-21 14:57:46.781098+00:00
2026-05-19,2026-06-14,Malaba,215.45,234.74,193.28,2026-08-21 14:57:46.781098+00:00
2026-05-19,2026-06-14,Malava,214.15,233.35,191.89,2026-08-21 14:57:46.781098+00:00
2026-05-19,2026-06-14,Malindi,212.23,230.81,189.32,2026-08-21 14:57:46.781098+00:00
2026-05-19,2026-06-14,Mandera,234.9,255.04,213.56,2026-08-21 14:57:46.781098+00:00
2026-05-19,2026-06-14,Maralal,216.52,235.89,194.43,2026-08-21 14:57:46.781098+00:00
2026-05-19,2026-06-14,Marani,214.61,233.85,192.39,2026-08-21 14:57:46.781098+00:00
2026-05-19,2026-06-14,Marereni,213.29,231.95,190.46,2026-08-21 14:57:46.781098+00:00
2026-05-19,2026-06-14,Marich,216.01,235.34,193.88,2026-08-21 14:57:46.781098+00:00
2026-05-19,2026-06-14,Marigat,213.98,233.16,191.7,2026-08-21 14:57:46.781098+00:00
2026-05-19,2026-06-14,Marimanti,217.62,236.48,195.0,2026-08-21 14:57:46.781098+00:00
2026-05-19,2026-06-14,Marsabit,226.55,246.07,204.59,2026-08-21 14:57:46.781098+00:00
2026-05-19,2026-06-14,Matunda,213.56,232.71,191.25,2026-08-21 14:57:46.781098+00:00
2026-05-19,2026-06-14,Matuu,215.35,234.04,192.56,2026-08-21 14:57:46.781098+00:00
2026-05-19,2026-06-14,Maua,219.62,238.63,197.14,2026-08-21 14:57:46.781098+00:00
2026-05-19,2026-06-14,Mbale,213.91,233.08,191.63,2026-08-21 14:57:46.781098+00:00
2026-05-19,2026-06-14,Mbita,214.87,234.11,192.65,2026-08-21 14:57:46.781098+00:00
2026-05-19,2026-06-14,Merille,221.56,240.7,199.22,2026-08-21 14:57:46.781098+00:00
2026-05-19,2026-06-14,Merti,222.51,241.74,200.25,2026-08-21 14:57:46.781098+00:00
2026-05-19,2026-06-14,Meru,218.89,237.85,196.35,2026-08-21 14:57:46.781098+00:00
2026-05-19,2026-06-14,Migori,216.26,235.61,194.15,2026-08-21 14:57:46.781098+00:00
2026-05-19,2026-06-14,Minjila,214.4,233.13,191.65,2026-08-21 14:57:46.781098+00:00
2026-05-19,2026-06-14,Modogashe,225.18,244.6,203.12,2026-08-21 14:57:46.781098+00:00
2026-05-19,2026-06-14,Mogotio,212.73,231.82,190.36,2026-08-21 14:57:46.781098+00:00
2026-05-19,2026-06-14,Moi's Bridge,213.68,232.84,191.38,2026-08-21 14:57:46.781098+00:00
2026-05-19,2026-06-14,Moiben,213.59,232.76,191.3,2026-08-21 14:57:46.781098+00:00
2026-05-19,2026-06-14,Molo,212.87,231.97,190.51,2026-08-21 14:57:46.781098+00:00
2026-05-19,2026-06-14,Mombasa,211.09,229.58,188.09,2026-08-21 14:57:46.781098+00:00
2026-05-19,2026-06-14,Morpus,215.43,234.72,193.26,2026-08-21 14:57:46.781098+00:00
2026-05-19,2026-06-14,Moyale,229.1,248.8,207.32,2026-08-21 14:57:46.781098+00:00
2026-05-19,2026-06-14,Mpeketoni,216.06,234.93,193.44,2026-08-21 14:57:46.781098+00:00
2026-05-19,2026-06-14,Mtito Andei,217.84,236.7,195.22,2026-08-21 14:57:46.781098+00:00
2026-05-19,2026-06-14,Muhoroni,213.94,233.12,191.66,2026-08-21 14:57:46.781098+00:00
2026-05-19,2026-06-14,Muhuru Bay,216.49,235.85,194.39,2026-08-21 14:57:46.781098+00:00
2026-05-19,2026-06-14,Mumias,214.09,233.28,191.83,2026-08-21 14:57:46.781098+00:00
2026-05-19,2026-06-14,Muranga,214.75,233.39,191.91,2026-08-21 14:57:46.781098+00:00
2026-05-19,2026-06-14,Mutuobare,216.56,235.34,193.85,2026-08-21 14:57:46.781098+00:00
2026-05-19,2026-06-14,Mwatate,213.67,232.35,190.87,2026-08-21 14:57:46.781098+00:00
2026-05-19,2026-06-14,Mwingi,216.99,235.81,194.32,2026-08-21 14:57:46.781098+00:00
2026-05-19,2026-06-14,Naiberi,213.92,233.09,191.63,2026-08-21 14:57:46.781098+00:00
2026-05-19,2026-06-14,Nairobi,214.25,232.86,191.38,2026-08-21 14:57:46.781098+00:00
2026-05-19,2026-06-14,Naivasha,213.33,232.47,191.01,2026-08-21 14:57:46.781098+00:00
2026-05-19,2026-06-14,Nakalale,224.65,244.62,203.16,2026-08-21 14:57:46.781098+00:00
2026-05-19,2026-06-14,Nakuru,213.15,232.27,190.81,2026-08-21 14:57:46.781098+00:00
2026-05-19,2026-06-14,Namanga,216.39,235.16,193.67,2026-08-21 14:57:46.781098+00:00
2026-05-19,2026-06-14,Nambale,214.96,234.22,192.77,2026-08-21 14:57:46.781098+00:00
2026-05-19,2026-06-14,Nandi Hills,213.88,233.07,191.61,2026-08-21 14:57:46.781098+00:00
2026-05-19,2026-06-14,Nanyuki,217.02,235.83,194.35,2026-08-21 14:57:46.781098+00:00
2026-05-19,2026-06-14,Narok,216.14,234.89,193.41,2026-08-21 14:57:46.781098+00:00
2026-05-19,2026-06-14,Ndhiwa,215.43,234.72,193.26,2026-08-21 14:57:46.781098+00:00
2026-05-19,2026-06-14,Nkubu,218.58,237.51,196.02,2026-08-21 14:57:46.781098+00:00
2026-05-19,2026-06-14,North Horr,228.1,247.73,206.24,2026-08-21 14:57:46.781098+00:00
2026-05-19,2026-06-14,Ntimaru,217.36,236.79,195.33,2026-08-21 14:57:46.781098+00:00
2026-05-19,2026-06-14,Nyahururu,213.2,232.33,190.88,2026-08-21 14:57:46.781098+00:00
2026-05-19,2026-06-14,Nyamira,214.49,233.71,192.25,2026-08-21 14:57:46.781098+00:00
2026-05-19,2026-06-14,Nyangusu,215.65,234.96,193.5,2026-08-21 14:57:46.781098+00:00
2026-05-19,2026-06-14,Nyansiongo,214.8,234.04,192.58,2026-08-21 14:57:46.781098+00:00
2026-05-19,2026-06-14,Nyeri,216.12,234.87,193.38,2026-08-21 14:57:46.781098+00:00
2026-05-19,2026-06-14,O'lessos,213.68,232.84,191.38,2026-08-21 14:57:46.781098+00:00
2026-05-19,2026-06-14,Ogembo,215.23,234.51,193.06,2026-08-21 14:57:46.781098+00:00
2026-05-19,2026-06-14,Oldonyiro,217.71,236.57,195.08,2026-08-21 14:57:46.781098+00:00
2026-05-19,2026-06-14,Olenguruone,213.99,233.19,191.72,2026-08-21 14:57:46.781098+00:00
2026-05-19,2026-06-14,Orolwo,215.65,234.96,193.51,2026-08-21 14:57:46.781098+00:00
2026-05-19,2026-06-14,Ortum,216.14,235.48,194.02,2026-08-21 14:57:46.781098+00:00
2026-05-19,2026-06-14,Oyugis,214.51,233.73,192.27,2026-08-21 14:57:46.781098+00:00
2026-05-19,2026-06-14,Port Bunyala,215.03,234.29,192.83,2026-08-21 14:57:46.781098+00:00
2026-05-19,2026-06-14,Rangwe,214.96,234.22,192.77,2026-08-21 14:57:46.781098+00:00
2026-05-19,2026-06-14,Rodi Kopany,214.98,234.24,192.78,2026-08-21 14:57:46.781098+00:00
2026-05-19,2026-06-14,Rongo,215.38,234.67,193.21,2026-08-21 14:57:46.781098+00:00
2026-05-19,2026-06-14,Rumuruti,214.08,233.28,191.82,2026-08-21 14:57:46.781098+00:00
2026-05-19,2026-06-14,Saboti,214.49,233.71,192.26,2026-08-21 14:57:46.781098+00:00
2026-05-19,2026-06-14,Sagana,215.1,233.78,192.28,2026-08-21 14:57:46.781098+00:00
2026-05-19,2026-06-14,Sambalat,215.65,234.96,193.51,2026-08-21 14:57:46.781098+00:00
2026-05-19,2026-06-14,Samburu,211.24,229.73,188.26,2026-08-21 14:57:46.781098+00:00
2026-05-19,2026-06-14,Sebit,215.58,234.88,193.42,2026-08-21 14:57:46.781098+00:00
2026-05-19,2026-06-14,Sengera,215.53,234.82,193.37,2026-08-21 14:57:46.781098+00:00
2026-05-19,2026-06-14,Serem,214.45,233.67,192.21,2026-08-21 14:57:46.781098+00:00
2026-05-19,2026-06-14,Siaya,214.1,233.3,191.84,2026-08-21 14:57:46.781098+00:00
2026-05-19,2026-06-14,Sigor,216.39,235.75,194.29,2026-08-21 14:57:46.781098+00:00
2026-05-19,2026-06-14,Sindo,214.98,234.24,192.78,2026-08-21 14:57:46.781098+00:00
2026-05-19,2026-06-14,SioPort,214.94,234.2,192.74,2026-08-21 14:57:46.781098+00:00
2026-05-19,2026-06-14,Sipili,218.22,237.13,195.64,2026-08-21 14:57:46.781098+00:00
2026-05-19,2026-06-14,Sololo,227.58,247.18,205.68,2026-08-21 14:57:46.781098+00:00
2026-05-19,2026-06-14,Sondu,213.73,232.9,191.44,2026-08-21 14:57:46.781098+00:00
2026-05-19,2026-06-14,Songor,215.14,234.4,192.94,2026-08-21 14:57:46.781098+00:00
2026-05-19,2026-06-14,Sotik,214.71,233.95,192.49,2026-08-21 14:57:46.781098+00:00
2026-05-19,2026-06-14,Soy,213.57,232.73,191.27,2026-08-21 14:57:46.781098+00:00
2026-05-19,2026-06-14,Tambach,213.64,232.79,191.34,2026-08-21 14:57:46.781098+00:00
2026-05-19,2026-06-14,Tarbaj,228.57,248.24,206.76,2026-08-21 14:57:46.781098+00:00
2026-05-19,2026-06-14,Taru,211.53,230.04,188.57,2026-08-21 14:57:46.781098+00:00
2026-05-19,2026-06-14,Taveta,215.4,234.21,192.72,2026-08-21 14:57:46.781098+00:00
2026-05-19,2026-06-14,Tenges,215.14,234.4,192.94,2026-08-21 14:57:46.781098+00:00
2026-05-19,2026-06-14,Thika,213.92,232.5,191.02,2026-08-21 14:57:46.781098+00:00
2026-05-19,2026-06-14,Timboroa,213.95,233.13,191.67,2026-08-21 14:57:46.781098+00:00
2026-05-19,2026-06-14,Tindiret,215.02,234.28,192.81,2026-08-21 14:57:46.781098+00:00
2026-05-19,2026-06-14,Tot,215.43,234.72,193.26,2026-08-21 14:57:46.781098+00:00
2026-05-19,2026-06-14,Turbi,226.53,246.05,204.57,2026-08-21 14:57:46.781098+00:00
2026-05-19,2026-06-14,Turbo,213.49,232.64,191.18,2026-08-21 14:57:46.781098+00:00
2026-05-19,2026-06-14,Ugunja,214.26,233.46,192.0,2026-08-21 14:57:46.781098+00:00
2026-05-19,2026-06-14,Usenge,214.47,233.68,192.22,2026-08-21 14:57:46.781098+00:00
2026-05-19,2026-06-14,Voi,213.13,231.77,190.29,2026-08-21 14:57:46.781098+00:00
2026-05-19,2026-06-14,Wajir,228.82,248.51,207.03,2026-08-21 14:57:46.781098+00:00
2026-05-19,2026-06-14,Wamba,217.87,237.34,195.88,2026-08-21 14:57:46.781098+00:00
2026-05-19,2026-06-14,Webuye,214.26,233.46,192.0,2026-08-21 14:57:46.781098+00:00
2026-05-19,2026-06-14,Wundanyi,213.94,232.64,191.16,2026-08-21 14:57:46.781098+00:00
2026-05-19,2026-06-14,Ziwa,213.88,233.07,191.61,2026-08-21 14:57:46.781098+00:00
2026-06-15,2026-07-14,Ahero,213.69,223.08,191.63,2026-08-21 14:57:46.781098+00:00
2026-06-15,2026-07-14,Alale,216.58,226.19,194.74,2026-08-21 14:57:46.781098+00:00
2026-06-15,2026-07-14,Archers Post,217.79,227.5,196.04,2026-08-21 14:57:46.781098+00:00
2026-06-15,2026-07-14,Arror,214.88,224.36,192.91,2026-08-21 14:57:46.781098+00:00
2026-06-15,2026-07-14,Asembo,213.47,222.86,191.4,2026-08-21 14:57:46.781098+00:00
2026-06-15,2026-07-14,Asilong,215.37,224.9,193.44,2026-08-21 14:57:46.781098+00:00
2026-06-15,2026-07-14,Awasi,213.29,222.65,191.2,2026-08-21 14:57:46.781098+00:00
2026-06-15,2026-07-14,Barwessa,215.1,224.61,193.15,2026-08-21 14:57:46.781098+00:00
2026-06-15,2026-07-14,Bomet,215.15,224.65,193.19,2026-08-21 14:57:46.781098+00:00
2026-06-15,2026-07-14,Bondo,213.69,223.08,191.63,2026-08-21 14:57:46.781098+00:00
2026-06-15,2026-07-14,Bungoma,214.59,224.04,192.59,2026-08-21 14:57:46.781098+00:00
2026-06-15,2026-07-14,Burgich,215.96,225.53,194.07,2026-08-21 14:57:46.781098+00:00
2026-06-15,2026-07-14,Burnt Forest,213.27,222.64,191.18,2026-08-21 14:57:46.781098+00:00
2026-06-15,2026-07-14,Busia,214.75,224.22,192.77,2026-08-21 14:57:46.781098+00:00
2026-06-15,2026-07-14,Bute,226.69,236.46,204.97,2026-08-21 14:57:46.781098+00:00
2026-06-15,2026-07-14,Chebara,213.98,223.4,191.94,2026-08-21 14:57:46.781098+00:00
2026-06-15,2026-07-14,Chepareria,215.29,224.81,193.35,2026-08-21 14:57:46.781098+00:00
2026-06-15,2026-07-14,Chepkorniswo,215.02,224.52,193.06,2026-08-21 14:57:46.781098+00:00
2026-06-15,2026-07-14,Cheptulu,214.04,223.46,192.0,2026-08-21 14:57:46.781098+00:00
2026-06-15,2026-07-14,Chuka,216.31,225.32,193.83,2026-08-21 14:57:46.781098+00:00
2026-06-15,2026-07-14,Chwele,215.02,224.51,193.06,2026-08-21 14:57:46.781098+00:00
2026-06-15,2026-07-14,Dadaab,222.63,232.09,200.61,2026-08-21 14:57:46.781098+00:00
2026-06-15,2026-07-14,Doldo,218.03,227.15,195.67,2026-08-21 14:57:46.781098+00:00
2026-06-15,2026-07-14,Eldama Ravine,214.69,224.16,192.7,2026-08-21 14:57:46.781098+00:00
2026-06-15,2026-07-14,Eldas,231.45,241.57,210.09,2026-08-21 14:57:46.781098+00:00
2026-06-15,2026-07-14,Eldoret,213.69,223.09,191.63,2026-08-21 14:57:46.781098+00:00
2026-06-15,2026-07-14,Elwak,230.94,241.02,209.53,2026-08-21 14:57:46.781098+00:00
2026-06-15,2026-07-14,Embu,215.46,224.4,192.91,2026-08-21 14:57:46.781098+00:00
2026-06-15,2026-07-14,Endebes,214.79,224.28,192.81,2026-08-21 14:57:46.781098+00:00
2026-06-15,2026-07-14,Etago,215.69,225.23,193.77,2026-08-21 14:57:46.781098+00:00
2026-06-15,2026-07-14,Funyula,214.52,223.98,192.51,2026-08-21 14:57:46.781098+00:00
2026-06-15,2026-07-14,Garissa,220.4,229.7,198.21,2026-08-21 14:57:46.781098+00:00
2026-06-15,2026-07-14,Garsen,214.33,223.29,191.81,2026-08-21 14:57:46.781098+00:00
2026-06-15,2026-07-14,Gilgil,212.52,221.84,190.38,2026-08-21 14:57:46.781098+00:00
2026-06-15,2026-07-14,Habaswein,224.73,234.36,202.86,2026-08-21 14:57:46.781098+00:00
2026-06-15,2026-07-14,Hadado,224.41,234.02,202.53,2026-08-21 14:57:46.781098+00:00
2026-06-15,2026-07-14,Harambee,213.42,222.79,191.33,2026-08-21 14:57:46.781098+00:00
2026-06-15,2026-07-14,Hola,216.3,225.41,193.93,2026-08-21 14:57:46.781098+00:00
2026-06-15,2026-07-14,Homabay,214.66,224.14,192.68,2026-08-21 14:57:46.781098+00:00
2026-06-15,2026-07-14,Ikonge,213.94,223.35,191.89,2026-08-21 14:57:46.781098+00:00
2026-06-15,2026-07-14,Isebania,216.5,226.1,194.64,2026-08-21 14:57:46.781098+00:00
2026-06-15,2026-07-14,Isiolo,218.44,227.59,196.11,2026-08-21 14:57:46.781098+00:00
2026-06-15,2026-07-14,Iten,213.69,223.09,191.63,2026-08-21 14:57:46.781098+00:00
2026-06-15,2026-07-14,Kabarnet,214.54,224.01,192.55,2026-08-21 14:57:46.781098+00:00
2026-06-15,2026-07-14,Kabartonjo,214.69,224.16,192.7,2026-08-21 14:57:46.781098+00:00
2026-06-15,2026-07-14,Kabiyet,213.35,222.73,191.27,2026-08-21 14:57:46.781098+00:00
2026-06-15,2026-07-14,Kacheliba,215.6,225.15,193.69,2026-08-21 14:57:46.781098+00:00
2026-06-15,2026-07-14,Kachibora,213.98,223.4,191.94,2026-08-21 14:57:46.781098+00:00
2026-06-15,2026-07-14,Kaibichbich,214.94,224.43,192.97,2026-08-21 14:57:46.781098+00:00
2026-06-15,2026-07-14,Kaiboi,213.44,222.82,191.35,2026-08-21 14:57:46.781098+00:00
2026-06-15,2026-07-14,Kainuk,216.69,226.31,194.85,2026-08-21 14:57:46.781098+00:00
2026-06-15,2026-07-14,Kajiado,214.36,223.22,191.73,2026-08-21 14:57:46.781098+00:00
2026-06-15,2026-07-14,Kakamega,213.43,222.8,191.35,2026-08-21 14:57:46.781098+00:00
2026-06-15,2026-07-14,Kakuma,222.64,232.7,201.25,2026-08-21 14:57:46.781098+00:00
2026-06-15,2026-07-14,Kalacha,226.52,236.28,204.79,2026-08-21 14:57:46.781098+00:00
2026-06-15,2026-07-14,Kalemngorok,217.44,227.11,195.66,2026-08-21 14:57:46.781098+00:00
2026-06-15,2026-07-14,Kalokol,221.31,231.27,199.81,2026-08-21 14:57:46.781098+00:00
2026-06-15,2026-07-14,Kaloleni,210.78,219.49,188.0,2026-08-21 14:57:46.781098+00:00
2026-06-15,2026-07-14,Kapcherop,214.34,223.78,192.32,2026-08-21 14:57:46.781098+00:00
2026-06-15,2026-07-14,Kapedo,217.89,227.61,196.14,2026-08-21 14:57:46.781098+00:00
2026-06-15,2026-07-14,Kapenguria,214.96,224.45,192.99,2026-08-21 14:57:46.781098+00:00
2026-06-15,2026-07-14,Kapese,218.42,228.16,196.7,2026-08-21 14:57:46.781098+00:00
2026-06-15,2026-07-14,Kaplamai,214.02,223.44,191.98,2026-08-21 14:57:46.781098+00:00
2026-06-15,2026-07-14,Kapsabet,213.38,222.76,191.3,2026-08-21 14:57:46.781098+00:00
2026-06-15,2026-07-14,Kapsowar,214.16,223.6,192.14,2026-08-21 14:57:46.781098+00:00
2026-06-15,2026-07-14,Kaptarakwa,213.67,223.07,191.61,2026-08-21 14:57:46.781098+00:00
2026-06-15,2026-07-14,Kaspokwony,215.1,224.6,193.14,2026-08-21 14:57:46.781098+00:00
2026-06-15,2026-07-14,Kehancha,216.64,226.26,194.8,2026-08-21 14:57:46.781098+00:00
2026-06-15,2026-07-14,Kericho,214.16,223.6,192.14,2026-08-21 14:57:46.781098+00:00
2026-06-15,2026-07-14,Kerina,214.97,224.47,193.01,2026-08-21 14:57:46.781098+00:00
2026-06-15,2026-07-14,Keringet,214.5,223.96,192.5,2026-08-21 14:57:46.781098+00:00
2026-06-15,2026-07-14,Keroka,214.79,224.27,192.8,2026-08-21 14:57:46.781098+00:00
2026-06-15,2026-07-14,Kerugoya,215.34,224.27,192.78,2026-08-21 14:57:46.781098+00:00
2026-06-15,2026-07-14,Kesses,213.69,223.09,191.63,2026-08-21 14:57:46.781098+00:00
2026-06-15,2026-07-14,Keumbu,214.87,224.36,192.9,2026-08-21 14:57:46.781098+00:00
2026-06-15,2026-07-14,Kibish,226.33,236.66,205.2,2026-08-21 14:57:46.781098+00:00
2026-06-15,2026-07-14,Kiganjo,215.84,224.8,193.31,2026-08-21 14:57:46.781098+00:00
2026-06-15,2026-07-14,Kilgoris,215.58,225.11,193.66,2026-08-21 14:57:46.781098+00:00
2026-06-15,2026-07-14,Kilifi,211.68,220.45,188.96,2026-08-21 14:57:46.781098+00:00
2026-06-15,2026-07-14,Kimilili,214.89,224.38,192.92,2026-08-21 14:57:46.781098+00:00
2026-06-15,2026-07-14,Kiminini,214.23,223.67,192.21,2026-08-21 14:57:46.781098+00:00
2026-06-15,2026-07-14,Kimwarer,213.85,223.27,191.81,2026-08-21 14:57:46.781098+00:00
2026-06-15,2026-07-14,Kiplombe,213.69,223.09,191.63,2026-08-21 14:57:46.781098+00:00
2026-06-15,2026-07-14,Kipsaraman,216.56,226.18,194.72,2026-08-21 14:57:46.781098+00:00
2026-06-15,2026-07-14,Kisii,214.77,224.24,192.78,2026-08-21 14:57:46.781098+00:00
2026-06-15,2026-07-14,Kisumu,213.69,223.08,191.63,2026-08-21 14:57:46.781098+00:00
2026-06-15,2026-07-14,Kitale,213.94,223.36,191.9,2026-08-21 14:57:46.781098+00:00
2026-06-15,2026-07-14,Kitui,216.15,225.14,193.65,2026-08-21 14:57:46.781098+00:00
2026-06-15,2026-07-14,Kiwawa,216.58,226.19,194.74,2026-08-21 14:57:46.781098+00:00
2026-06-15,2026-07-14,Kobujoi,214.11,223.53,192.07,2026-08-21 14:57:46.781098+00:00
2026-06-15,2026-07-14,Korr,223.33,232.86,201.36,2026-08-21 14:57:46.781098+00:00
2026-06-15,2026-07-14,Kunyao,216.04,225.61,194.15,2026-08-21 14:57:46.781098+00:00
2026-06-15,2026-07-14,Kwale,211.23,219.96,188.48,2026-08-21 14:57:46.781098+00:00
2026-06-15,2026-07-14,Kwanza,215.13,224.63,193.17,2026-08-21 14:57:46.781098+00:00
2026-06-15,2026-07-14,Laisamis,221.81,231.22,199.73,2026-08-21 14:57:46.781098+00:00
2026-06-15,2026-07-14,Lamu,215.84,224.93,193.44,2026-08-21 14:57:46.781098+00:00
2026-06-15,2026-07-14,Lamuria,216.61,225.63,194.14,2026-08-21 14:57:46.781098+00:00
2026-06-15,2026-07-14,Liboi,224.86,234.48,203.0,2026-08-21 14:57:46.781098+00:00
2026-06-15,2026-07-14,Likoni Mainland,211.23,219.96,188.48,2026-08-21 14:57:46.781098+00:00
2026-06-15,2026-07-14,Lodosoit,219.56,229.4,197.94,2026-08-21 14:57:46.781098+00:00
2026-06-15,2026-07-14,Lodwar,220.08,229.95,198.5,2026-08-21 14:57:46.781098+00:00
2026-06-15,2026-07-14,Loima,218.67,228.43,196.97,2026-08-21 14:57:46.781098+00:00
2026-06-15,2026-07-14,Lokichar,218.47,228.23,196.77,2026-08-21 14:57:46.781098+00:00
2026-06-15,2026-07-14,Lokichogio,224.55,234.76,203.3,2026-08-21 14:57:46.781098+00:00
2026-06-15,2026-07-14,Lokiriama,221.18,231.14,199.68,2026-08-21 14:57:46.781098+00:00
2026-06-15,2026-07-14,Lokitaung,225.96,236.26,204.8,2026-08-21 14:57:46.781098+00:00
2026-06-15,2026-07-14,Lokori,219.06,228.86,197.4,2026-08-21 14:57:46.781098+00:00
2026-06-15,2026-07-14,Lomut,217.89,227.61,196.14,2026-08-21 14:57:46.781098+00:00
2026-06-15,2026-07-14,Londiani,213.01,222.35,190.89,2026-08-21 14:57:46.781098+00:00
2026-06-15,2026-07-14,Loruk,216.36,225.95,194.49,2026-08-21 14:57:46.781098+00:00
2026-06-15,2026-07-14,Loyangalani,226.63,236.39,204.9,2026-08-21 14:57:46.781098+00:00
2026-06-15,2026-07-14,Lugari,214.56,224.02,192.56,2026-08-21 14:57:46.781098+00:00
2026-06-15,2026-07-14,Lungalunga,212.04,220.83,189.35,2026-08-21 14:57:46.781098+00:00
2026-06-15,2026-07-14,Machakos,214.07,222.91,191.41,2026-08-21 14:57:46.781098+00:00
2026-06-15,2026-07-14,Magenche,215.85,225.41,193.95,2026-08-21 14:57:46.781098+00:00
2026-06-15,2026-07-14,Mai Mahiu,213.88,222.7,191.21,2026-08-21 14:57:46.781098+00:00
2026-06-15,2026-07-14,Maikona,225.64,235.34,203.85,2026-08-21 14:57:46.781098+00:00
2026-06-15,2026-07-14,Makuyu,214.15,222.99,191.5,2026-08-21 14:57:46.781098+00:00
2026-06-15,2026-07-14,Malaba,215.23,224.74,193.28,2026-08-21 14:57:46.781098+00:00
2026-06-15,2026-07-14,Malava,213.94,223.35,191.89,2026-08-21 14:57:46.781098+00:00
2026-06-15,2026-07-14,Malindi,212.01,220.81,189.32,2026-08-21 14:57:46.781098+00:00
2026-06-15,2026-07-14,Mandera,234.68,245.04,213.56,2026-08-21 14:57:46.781098+00:00
2026-06-15,2026-07-14,Maralal,216.29,225.89,194.43,2026-08-21 14:57:46.781098+00:00
2026-06-15,2026-07-14,Marani,214.39,223.85,192.39,2026-08-21 14:57:46.781098+00:00
2026-06-15,2026-07-14,Marereni,213.07,221.95,190.46,2026-08-21 14:57:46.781098+00:00
2026-06-15,2026-07-14,Marich,215.79,225.34,193.88,2026-08-21 14:57:46.781098+00:00
2026-06-15,2026-07-14,Marigat,213.75,223.16,191.7,2026-08-21 14:57:46.781098+00:00
2026-06-15,2026-07-14,Marimanti,217.4,226.48,195.0,2026-08-21 14:57:46.781098+00:00
2026-06-15,2026-07-14,Marsabit,226.34,236.07,204.59,2026-08-21 14:57:46.781098+00:00
2026-06-15,2026-07-14,Matunda,213.33,222.71,191.25,2026-08-21 14:57:46.781098+00:00
2026-06-15,2026-07-14,Matuu,215.14,224.04,192.56,2026-08-21 14:57:46.781098+00:00
2026-06-15,2026-07-14,Maua,219.4,228.63,197.14,2026-08-21 14:57:46.781098+00:00
2026-06-15,2026-07-14,Mbale,213.69,223.08,191.63,2026-08-21 14:57:46.781098+00:00
2026-06-15,2026-07-14,Mbita,214.64,224.11,192.65,2026-08-21 14:57:46.781098+00:00
2026-06-15,2026-07-14,Merille,221.34,230.7,199.22,2026-08-21 14:57:46.781098+00:00
2026-06-15,2026-07-14,Merti,222.3,231.74,200.25,2026-08-21 14:57:46.781098+00:00
2026-06-15,2026-07-14,Meru,218.67,227.85,196.35,2026-08-21 14:57:46.781098+00:00
2026-06-15,2026-07-14,Migori,216.03,225.61,194.15,2026-08-21 14:57:46.781098+00:00
2026-06-15,2026-07-14,Minjila,214.17,223.13,191.65,2026-08-21 14:57:46.781098+00:00
2026-06-15,2026-07-14,Modogashe,224.96,234.6,203.12,2026-08-21 14:57:46.781098+00:00
2026-06-15,2026-07-14,Mogotio,212.5,221.82,190.36,2026-08-21 14:57:46.781098+00:00
2026-06-15,2026-07-14,Moi's Bridge,213.46,222.84,191.38,2026-08-21 14:57:46.781098+00:00
2026-06-15,2026-07-14,Moiben,213.38,222.76,191.3,2026-08-21 14:57:46.781098+00:00
2026-06-15,2026-07-14,Molo,212.65,221.97,190.51,2026-08-21 14:57:46.781098+00:00
2026-06-15,2026-07-14,Mombasa,210.87,219.58,188.09,2026-08-21 14:57:46.781098+00:00
2026-06-15,2026-07-14,Morpus,215.21,224.72,193.26,2026-08-21 14:57:46.781098+00:00
2026-06-15,2026-07-14,Moyale,228.87,238.8,207.32,2026-08-21 14:57:46.781098+00:00
2026-06-15,2026-07-14,Mpeketoni,215.84,224.93,193.44,2026-08-21 14:57:46.781098+00:00
2026-06-15,2026-07-14,Mtito Andei,217.61,226.7,195.22,2026-08-21 14:57:46.781098+00:00
2026-06-15,2026-07-14,Muhoroni,213.72,223.12,191.66,2026-08-21 14:57:46.781098+00:00
2026-06-15,2026-07-14,Muhuru Bay,216.27,225.85,194.39,2026-08-21 14:57:46.781098+00:00
2026-06-15,2026-07-14,Mumias,213.87,223.28,191.83,2026-08-21 14:57:46.781098+00:00
2026-06-15,2026-07-14,Muranga,214.53,223.39,191.91,2026-08-21 14:57:46.781098+00:00
2026-06-15,2026-07-14,Mutuobare,216.34,225.34,193.85,2026-08-21 14:57:46.781098+00:00
2026-06-15,2026-07-14,Mwatate,213.45,222.35,190.87,2026-08-21 14:57:46.781098+00:00
2026-06-15,2026-07-14,Mwingi,216.78,225.81,194.32,2026-08-21 14:57:46.781098+00:00
2026-06-15,2026-07-14,Naiberi,213.69,223.09,191.63,2026-08-21 14:57:46.781098+00:00
2026-06-15,2026-07-14,Nairobi,214.03,222.86,191.38,2026-08-21 14:57:46.781098+00:00
2026-06-15,2026-07-14,Naivasha,213.11,222.47,191.01,2026-08-21 14:57:46.781098+00:00
2026-06-15,2026-07-14,Nakalale,224.43,234.62,203.16,2026-08-21 14:57:46.781098+00:00
2026-06-15,2026-07-14,Nakuru,212.92,222.27,190.81,2026-08-21 14:57:46.781098+00:00
2026-06-15,2026-07-14,Namanga,216.17,225.16,193.67,2026-08-21 14:57:46.781098+00:00
2026-06-15,2026-07-14,Nambale,214.75,224.22,192.77,2026-08-21 14:57:46.781098+00:00
2026-06-15,2026-07-14,Nandi Hills,213.67,223.07,191.61,2026-08-21 14:57:46.781098+00:00
2026-06-15,2026-07-14,Nanyuki,216.8,225.83,194.35,2026-08-21 14:57:46.781098+00:00
2026-06-15,2026-07-14,Narok,215.92,224.89,193.41,2026-08-21 14:57:46.781098+00:00
2026-06-15,2026-07-14,Ndhiwa,215.2,224.72,193.26,2026-08-21 14:57:46.781098+00:00
2026-06-15,2026-07-14,Nkubu,218.35,227.51,196.02,2026-08-21 14:57:46.781098+00:00
2026-06-15,2026-07-14,North Horr,227.88,237.73,206.24,2026-08-21 14:57:46.781098+00:00
2026-06-15,2026-07-14,Ntimaru,217.14,226.79,195.33,2026-08-21 14:57:46.781098+00:00
2026-06-15,2026-07-14,Nyahururu,212.99,222.33,190.88,2026-08-21 14:57:46.781098+00:00
2026-06-15,2026-07-14,Nyamira,214.27,223.71,192.25,2026-08-21 14:57:46.781098+00:00
2026-06-15,2026-07-14,Nyangusu,215.44,224.96,193.5,2026-08-21 14:57:46.781098+00:00
2026-06-15,2026-07-14,Nyansiongo,214.57,224.04,192.58,2026-08-21 14:57:46.781098+00:00
2026-06-15,2026-07-14,Nyeri,215.9,224.87,193.38,2026-08-21 14:57:46.781098+00:00
2026-06-15,2026-07-14,O'lessos,213.46,222.84,191.38,2026-08-21 14:57:46.781098+00:00
2026-06-15,2026-07-14,Ogembo,215.02,224.51,193.06,2026-08-21 14:57:46.781098+00:00
2026-06-15,2026-07-14,Oldonyiro,217.48,226.57,195.08,2026-08-21 14:57:46.781098+00:00
2026-06-15,2026-07-14,Olenguruone,213.78,223.19,191.72,2026-08-21 14:57:46.781098+00:00
2026-06-15,2026-07-14,Orolwo,215.44,224.96,193.51,2026-08-21 14:57:46.781098+00:00
2026-06-15,2026-07-14,Ortum,215.91,225.48,194.02,2026-08-21 14:57:46.781098+00:00
2026-06-15,2026-07-14,Oyugis,214.29,223.73,192.27,2026-08-21 14:57:46.781098+00:00
2026-06-15,2026-07-14,Port Bunyala,214.81,224.29,192.83,2026-08-21 14:57:46.781098+00:00
2026-06-15,2026-07-14,Rangwe,214.75,224.22,192.77,2026-08-21 14:57:46.781098+00:00
2026-06-15,2026-07-14,Rodi Kopany,214.77,224.24,192.78,2026-08-21 14:57:46.781098+00:00
2026-06-15,2026-07-14,Rongo,215.16,224.67,193.21,2026-08-21 14:57:46.781098+00:00
2026-06-15,2026-07-14,Rumuruti,213.86,223.28,191.82,2026-08-21 14:57:46.781098+00:00
2026-06-15,2026-07-14,Saboti,214.27,223.71,192.26,2026-08-21 14:57:46.781098+00:00
2026-06-15,2026-07-14,Sagana,214.88,223.78,192.28,2026-08-21 14:57:46.781098+00:00
2026-06-15,2026-07-14,Sambalat,215.44,224.96,193.51,2026-08-21 14:57:46.781098+00:00
2026-06-15,2026-07-14,Samburu,211.01,219.73,188.26,2026-08-21 14:57:46.781098+00:00
2026-06-15,2026-07-14,Sebit,215.35,224.88,193.42,2026-08-21 14:57:46.781098+00:00
2026-06-15,2026-07-14,Sengera,215.31,224.82,193.37,2026-08-21 14:57:46.781098+00:00
2026-06-15,2026-07-14,Serem,214.23,223.67,192.21,2026-08-21 14:57:46.781098+00:00
2026-06-15,2026-07-14,Siaya,213.88,223.3,191.84,2026-08-21 14:57:46.781098+00:00
2026-06-15,2026-07-14,Sigor,216.16,225.75,194.29,2026-08-21 14:57:46.781098+00:00
2026-06-15,2026-07-14,Sindo,214.77,224.24,192.78,2026-08-21 14:57:46.781098+00:00
2026-06-15,2026-07-14,SioPort,214.73,224.2,192.74,2026-08-21 14:57:46.781098+00:00
2026-06-15,2026-07-14,Sipili,218.01,227.13,195.64,2026-08-21 14:57:46.781098+00:00
2026-06-15,2026-07-14,Sololo,227.35,237.18,205.68,2026-08-21 14:57:46.781098+00:00
2026-06-15,2026-07-14,Sondu,213.52,222.9,191.44,2026-08-21 14:57:46.781098+00:00
2026-06-15,2026-07-14,Songor,214.92,224.4,192.94,2026-08-21 14:57:46.781098+00:00
2026-06-15,2026-07-14,Sotik,214.49,223.95,192.49,2026-08-21 14:57:46.781098+00:00
2026-06-15,2026-07-14,Soy,213.35,222.73,191.27,2026-08-21 14:57:46.781098+00:00
2026-06-15,2026-07-14,Tambach,213.42,222.79,191.34,2026-08-21 14:57:46.781098+00:00
2026-06-15,2026-07-14,Tarbaj,228.36,238.24,206.76,2026-08-21 14:57:46.781098+00:00
2026-06-15,2026-07-14,Taru,211.3,220.04,188.57,2026-08-21 14:57:46.781098+00:00
2026-06-15,2026-07-14,Taveta,215.18,224.21,192.72,2026-08-21 14:57:46.781098+00:00
2026-06-15,2026-07-14,Tenges,214.92,224.4,192.94,2026-08-21 14:57:46.781098+00:00
2026-06-15,2026-07-14,Thika,213.7,222.5,191.02,2026-08-21 14:57:46.781098+00:00
2026-06-15,2026-07-14,Timboroa,213.73,223.13,191.67,2026-08-21 14:57:46.781098+00:00
2026-06-15,2026-07-14,Tindiret,214.79,224.28,192.81,2026-08-21 14:57:46.781098+00:00
2026-06-15,2026-07-14,Tot,215.21,224.72,193.26,2026-08-21 14:57:46.781098+00:00
2026-06-15,2026-07-14,Turbi,226.31,236.05,204.57,2026-08-21 14:57:46.781098+00:00
2026-06-15,2026-07-14,Turbo,213.27,222.64,191.18,2026-08-21 14:57:46.781098+00:00
2026-06-15,2026-07-14,Ugunja,214.03,223.46,192.0,2026-08-21 14:57:46.781098+00:00
2026-06-15,2026-07-14,Usenge,214.25,223.68,192.22,2026-08-21 14:57:46.781098+00:00
2026-06-15,2026-07-14,Voi,212.91,221.77,190.29,2026-08-21 14:57:46.781098+00:00
2026-06-15,2026-07-14,Wajir,228.6,238.51,207.03,2026-08-21 14:57:46.781098+00:00
2026-06-15,2026-07-14,Wamba,217.65,227.34,195.88,2026-08-21 14:57:46.781098+00:00
2026-06-15,2026-07-14,Webuye,214.04,223.46,192.0,2026-08-21 14:57:46.781098+00:00
2026-06-15,2026-07-14,Wundanji,213.72,222.64,191.16,2026-08-21 14:57:46.781098+00:00
2026-06-15,2026-07-14,Ziwa,213.67,223.07,191.61,2026-08-21 14:57:46.781098+00:00
2026-07-15,2026-08-14,Ahero,213.69,223.08,191.63,2026-08-21 14:57:46.781098+00:00
2026-07-15,2026-08-14,Alale,216.58,226.19,194.74,2026-08-21 14:57:46.781098+00:00
2026-07-15,2026-08-14,Archers Post,217.79,227.5,196.04,2026-08-21 14:57:46.781098+00:00
2026-07-15,2026-08-14,Arror,214.88,224.36,192.91,2026-08-21 14:57:46.781098+00:00
2026-07-15,2026-08-14,Asembo,213.47,222.86,191.4,2026-08-21 14:57:46.781098+00:00
2026-07-15,2026-08-14,Asilong,215.37,224.9,193.44,2026-08-21 14:57:46.781098+00:00
2026-07-15,2026-08-14,Awasi,213.29,222.65,191.2,2026-08-21 14:57:46.781098+00:00
2026-07-15,2026-08-14,Barwessa,215.1,224.61,193.15,2026-08-21 14:57:46.781098+00:00
2026-07-15,2026-08-14,Bomet,215.15,224.65,193.19,2026-08-21 14:57:46.781098+00:00
2026-07-15,2026-08-14,Bondo,213.69,223.08,191.63,2026-08-21 14:57:46.781098+00:00
2026-07-15,2026-08-14,Bungoma,214.59,224.04,192.59,2026-08-21 14:57:46.781098+00:00
2026-07-15,2026-08-14,Burgich,215.96,225.53,194.07,2026-08-21 14:57:46.781098+00:00
2026-07-15,2026-08-14,Burnt Forest,213.27,222.64,191.18,2026-08-21 14:57:46.781098+00:00
2026-07-15,2026-08-14,Busia,214.75,224.22,192.77,2026-08-21 14:57:46.781098+00:00
2026-07-15,2026-08-14,Bute,226.69,236.46,204.97,2026-08-21 14:57:46.781098+00:00
2026-07-15,2026-08-14,Chebara,213.98,223.4,191.94,2026-08-21 14:57:46.781098+00:00
2026-07-15,2026-08-14,Chepareria,215.29,224.81,193.35,2026-08-21 14:57:46.781098+00:00
2026-07-15,2026-08-14,Chepkorniswo,215.02,224.52,193.06,2026-08-21 14:57:46.781098+00:00
2026-07-15,2026-08-14,Cheptulu,214.04,223.46,192.0,2026-08-21 14:57:46.781098+00:00
2026-07-15,2026-08-14,Chuka,216.31,225.32,193.83,2026-08-21 14:57:46.781098+00:00
2026-07-15,2026-08-14,Chwele,215.02,224.51,193.06,2026-08-21 14:57:46.781098+00:00
2026-07-15,2026-08-14,Dadaab,222.63,232.09,200.61,2026-08-21 14:57:46.781098+00:00
2026-07-15,2026-08-14,Doldo,218.03,227.15,195.67,2026-08-21 14:57:46.781098+00:00
2026-07-15,2026-08-14,Eldama Ravine,214.69,224.16,192.7,2026-08-21 14:57:46.781098+00:00
2026-07-15,2026-08-14,Eldas,231.45,241.57,210.09,2026-08-21 14:57:46.781098+00:00
2026-07-15,2026-08-14,Eldoret,213.69,223.09,191.63,2026-08-21 14:57:46.781098+00:00
2026-07-15,2026-08-14,Elwak,230.94,241.02,209.53,2026-08-21 14:57:46.781098+00:00
2026-07-15,2026-08-14,Embu,215.46,224.4,192.91,2026-08-21 14:57:46.781098+00:00
2026-07-15,2026-08-14,Endebes,214.79,224.28,192.81,2026-08-21 14:57:46.781098+00:00
2026-07-15,2026-08-14,Etago,215.69,225.23,193.77,2026-08-21 14:57:46.781098+00:00
2026-07-15,2026-08-14,Funyula,214.52,223.98,192.51,2026-08-21 14:57:46.781098+00:00
2026-07-15,2026-08-14,Garissa,220.4,229.7,198.21,2026-08-21 14:57:46.781098+00:00
2026-07-15,2026-08-14,Garsen,214.33,223.29,191.81,2026-08-21 14:57:46.781098+00:00
2026-07-15,2026-08-14,Gilgil,212.52,221.84,190.38,2026-08-21 14:57:46.781098+00:00
2026-07-15,2026-08-14,Habaswein,224.73,234.36,202.86,2026-08-21 14:57:46.781098+00:00
2026-07-15,2026-08-14,Hadado,224.41,234.02,202.53,2026-08-21 14:57:46.781098+00:00
2026-07-15,2026-08-14,Harambee,213.42,222.79,191.33,2026-08-21 14:57:46.781098+00:00
2026-07-15,2026-08-14,Hola,216.3,225.41,193.93,2026-08-21 14:57:46.781098+00:00
2026-07-15,2026-08-14,Homabay,214.66,224.14,192.68,2026-08-21 14:57:46.781098+00:00
2026-07-15,2026-08-14,Ikonge,213.94,223.35,191.89,2026-08-21 14:57:46.781098+00:00
2026-07-15,2026-08-14,Isebania,216.5,226.1,194.64,2026-08-21 14:57:46.781098+00:00
2026-07-15,2026-08-14,Isiolo,218.44,227.59,196.11,2026-08-21 14:57:46.781098+00:00
2026-07-15,2026-08-14,Iten,213.69,223.09,191.63,2026-08-21 14:57:46.781098+00:00
2026-07-15,2026-08-14,Kabarnet,214.54,224.01,192.55,2026-08-21 14:57:46.781098+00:00
2026-07-15,2026-08-14,Kabartonjo,214.69,224.16,192.7,2026-08-21 14:57:46.781098+00:00
2026-07-15,2026-08-14,Kabiyet,213.35,222.73,191.27,2026-08-21 14:57:46.781098+00:00
2026-07-15,2026-08-14,Kacheliba,215.6,225.15,193.69,2026-08-21 14:57:46.781098+00:00
2026-07-15,2026-08-14,Kachibora,213.98,223.4,191.94,2026-08-21 14:57:46.781098+00:00
2026-07-15,2026-08-14,Kaibichbich,214.94,224.43,192.97,2026-08-21 14:57:46.781098+00:00
2026-07-15,2026-08-14,Kaiboi,213.44,222.82,191.35,2026-08-21 14:57:46.781098+00:00
2026-07-15,2026-08-14,Kainuk,216.69,226.31,194.85,2026-08-21 14:57:46.781098+00:00
2026-07-15,2026-08-14,Kajiado,214.36,223.22,191.73,2026-08-21 14:57:46.781098+00:00
2026-07-15,2026-08-14,Kakamega,213.43,222.8,191.35,2026-08-21 14:57:46.781098+00:00
2026-07-15,2026-08-14,Kakuma,222.64,232.7,201.25,2026-08-21 14:57:46.781098+00:00
2026-07-15,2026-08-14,Kalacha,226.52,236.28,204.79,2026-08-21 14:57:46.781098+00:00
2026-07-15,2026-08-14,Kalemngorok,217.44,227.11,195.66,2026-08-21 14:57:46.781098+00:00
2026-07-15,2026-08-14,Kalokol,221.31,231.27,199.81,2026-08-21 14:57:46.781098+00:00
2026-07-15,2026-08-14,Kaloleni,210.78,219.49,188.0,2026-08-21 14:57:46.781098+00:00
2026-07-15,2026-08-14,Kapcherop,214.34,223.78,192.32,2026-08-21 14:57:46.781098+00:00
2026-07-15,2026-08-14,Kapedo,217.89,227.61,196.14,2026-08-21 14:57:46.781098+00:00
2026-07-15,2026-08-14,Kapenguria,214.96,224.45,192.99,2026-08-21 14:57:46.781098+00:00
2026-07-15,2026-08-14,Kapese,218.42,228.16,196.7,2026-08-21 14:57:46.781098+00:00
2026-07-15,2026-08-14,Kaplamai,214.02,223.44,191.98,2026-08-21 14:57:46.781098+00:00
2026-07-15,2026-08-14,Kapsabet,213.38,222.76,191.3,2026-08-21 14:57:46.781098+00:00
2026-07-15,2026-08-14,Kapsowar,214.16,223.6,192.14,2026-08-21 14:57:46.781098+00:00
2026-07-15,2026-08-14,Kaptarakwa,213.67,223.07,191.61,2026-08-21 14:57:46.781098+00:00
2026-07-15,2026-08-14,Kaspokwony,215.1,224.6,193.14,2026-08-21 14:57:46.781098+00:00
2026-07-15,2026-08-14,Kehancha,216.64,226.26,194.8,2026-08-21 14:57:46.781098+00:00
2026-07-15,2026-08-14,Kericho,214.16,223.6,192.14,2026-08-21 14:57:46.781098+00:00
2026-07-15,2026-08-14,Kerina,214.97,224.47,193.01,2026-08-21 14:57:46.781098+00:00
2026-07-15,2026-08-14,Keringet,214.5,223.96,192.5,2026-08-21 14:57:46.781098+00:00
2026-07-15,2026-08-14,Keroka,214.79,224.27,192.8,2026-08-21 14:57:46.781098+00:00
2026-07-15,2026-08-14,Kerugoya,215.34,224.27,192.78,2026-08-21 14:57:46.781098+00:00
2026-07-15,2026-08-14,Kesses,213.69,223.09,191.63,2026-08-21 14:57:46.781098+00:00
2026-07-15,2026-08-14,Keumbu,214.87,224.36,192.9,2026-08-21 14:57:46.781098+00:00
2026-07-15,2026-08-14,Kibish,226.33,236.66,205.2,2026-08-21 14:57:46.781098+00:00
2026-07-15,2026-08-14,Kiganjo,215.84,224.8,193.31,2026-08-21 14:57:46.781098+00:00
2026-07-15,2026-08-14,Kilgoris,215.58,225.11,193.66,2026-08-21 14:57:46.781098+00:00
2026-07-15,2026-08-14,Kilifi,211.68,220.45,188.96,2026-08-21 14:57:46.781098+00:00
2026-07-15,2026-08-14,Kimilili,214.89,224.38,192.92,2026-08-21 14:57:46.781098+00:00
2026-07-15,2026-08-14,Kiminini,214.23,223.67,192.21,2026-08-21 14:57:46.781098+00:00
2026-07-15,2026-08-14,Kimwarer,213.85,223.27,191.81,2026-08-21 14:57:46.781098+00:00
2026-07-15,2026-08-14,Kiplombe,213.69,223.09,191.63,2026-08-21 14:57:46.781098+00:00
2026-07-15,2026-08-14,Kipsaraman,216.56,226.18,194.72,2026-08-21 14:57:46.781098+00:00
2026-07-15,2026-08-14,Kisii,214.77,224.24,192.78,2026-08-21 14:57:46.781098+00:00
2026-07-15,2026-08-14,Kisumu,213.69,223.08,191.63,2026-08-21 14:57:46.781098+00:00
2026-07-15,2026-08-14,Kitale,213.94,223.36,191.9,2026-08-21 14:57:46.781098+00:00
2026-07-15,2026-08-14,Kitui,216.15,225.14,193.65,2026-08-21 14:57:46.781098+00:00
2026-07-15,2026-08-14,Kiwawa,216.58,226.19,194.74,2026-08-21 14:57:46.781098+00:00
2026-07-15,2026-08-14,Kobujoi,214.11,223.53,192.07,2026-08-21 14:57:46.781098+00:00
2026-07-15,2026-08-14,Korr,223.33,232.86,201.36,2026-08-21 14:57:46.781098+00:00
2026-07-15,2026-08-14,Kunyao,216.04,225.61,194.15,2026-08-21 14:57:46.781098+00:00
2026-07-15,2026-08-14,Kwale,211.23,219.96,188.48,2026-08-21 14:57:46.781098+00:00
2026-07-15,2026-08-14,Kwanza,215.13,224.63,193.17,2026-08-21 14:57:46.781098+00:00
2026-07-15,2026-08-14,Laisamis,221.81,231.22,199.73,2026-08-21 14:57:46.781098+00:00
2026-07-15,2026-08-14,Lamu,215.84,224.93,193.44,2026-08-21 14:57:46.781098+00:00
2026-07-15,2026-08-14,Lamuria,216.61,225.63,194.14,2026-08-21 14:57:46.781098+00:00
2026-07-15,2026-08-14,Liboi,224.86,234.48,203.0,2026-08-21 14:57:46.781098+00:00
2026-07-15,2026-08-14,Likoni Mainland,211.23,219.96,188.48,2026-08-21 14:57:46.781098+00:00
2026-07-15,2026-08-14,Lodosoit,219.56,229.4,197.94,2026-08-21 14:57:46.781098+00:00
2026-07-15,2026-08-14,Lodwar,220.08,229.95,198.5,2026-08-21 14:57:46.781098+00:00
2026-07-15,2026-08-14,Loima,218.67,228.43,196.97,2026-08-21 14:57:46.781098+00:00
2026-07-15,2026-08-14,Lokichar,218.47,228.23,196.77,2026-08-21 14:57:46.781098+00:00
2026-07-15,2026-08-14,Lokichogio,224.55,234.76,203.3,2026-08-21 14:57:46.781098+00:00
2026-07-15,2026-08-14,Lokiriama,221.18,231.14,199.68,2026-08-21 14:57:46.781098+00:00
2026-07-15,2026-08-14,Lokitaung,225.96,236.26,204.8,2026-08-21 14:57:46.781098+00:00
2026-07-15,2026-08-14,Lokori,219.06,228.86,197.4,2026-08-21 14:57:46.781098+00:00
2026-07-15,2026-08-14,Lomut,217.89,227.61,196.14,2026-08-21 14:57:46.781098+00:00
2026-07-15,2026-08-14,Londiani,213.01,222.35,190.89,2026-08-21 14:57:46.781098+00:00
2026-07-15,2026-08-14,Loruk,216.36,225.95,194.49,2026-08-21 14:57:46.781098+00:00
2026-07-15,2026-08-14,Loyangalani,226.63,236.39,204.9,2026-08-21 14:57:46.781098+00:00
2026-07-15,2026-08-14,Lugari,214.56,224.02,192.56,2026-08-21 14:57:46.781098+00:00
2026-07-15,2026-08-14,Lungalunga,212.04,220.83,189.35,2026-08-21 14:57:46.781098+00:00
2026-07-15,2026-08-14,Machakos,214.07,222.91,191.41,2026-08-21 14:57:46.781098+00:00
2026-07-15,2026-08-14,Magenche,215.85,225.41,193.95,2026-08-21 14:57:46.781098+00:00
2026-07-15,2026-08-14,Mai Mahiu,213.88,222.7,191.21,2026-08-21 14:57:46.781098+00:00
2026-07-15,2026-08-14,Maikona,225.64,235.34,203.85,2026-08-21 14:57:46.781098+00:00
2026-07-15,2026-08-14,Makuyu,214.15,222.99,191.5,2026-08-21 14:57:46.781098+00:00
2026-07-15,2026-08-14,Malaba,215.23,224.74,193.28,2026-08-21 14:57:46.781098+00:00
2026-07-15,2026-08-14,Malava,213.94,223.35,191.89,2026-08-21 14:57:46.781098+00:00
2026-07-15,2026-08-14,Malindi,212.01,220.81,189.32,2026-08-21 14:57:46.781098+00:00
2026-07-15,2026-08-14,Mandera,234.68,245.04,213.56,2026-08-21 14:57:46.781098+00:00
2026-07-15,2026-08-14,Maralal,216.29,225.89,194.43,2026-08-21 14:57:46.781098+00:00
2026-07-15,2026-08-14,Marani,214.39,223.85,192.39,2026-08-21 14:57:46.781098+00:00
2026-07-15,2026-08-14,Marereni,213.07,221.95,190.46,2026-08-21 14:57:46.781098+00:00
2026-07-15,2026-08-14,Marich,215.79,225.34,193.88,2026-08-21 14:57:46.781098+00:00
2026-07-15,2026-08-14,Marigat,213.75,223.16,191.7,2026-08-21 14:57:46.781098+00:00
2026-07-15,2026-08-14,Marimanti,217.4,226.48,195.0,2026-08-21 14:57:46.781098+00:00
2026-07-15,2026-08-14,Marsabit,226.34,236.07,204.59,2026-08-21 14:57:46.781098+00:00
2026-07-15,2026-08-14,Matunda,213.33,222.71,191.25,2026-08-21 14:57:46.781098+00:00
2026-07-15,2026-08-14,Matuu,215.14,224.04,192.56,2026-08-21 14:57:46.781098+00:00
2026-07-15,2026-08-14,Maua,219.4,228.63,197.14,2026-08-21 14:57:46.781098+00:00
2026-07-15,2026-08-14,Mbale,213.69,223.08,191.63,2026-08-21 14:57:46.781098+00:00
2026-07-15,2026-08-14,Mbita,214.64,224.11,192.65,2026-08-21 14:57:46.781098+00:00
2026-07-15,2026-08-14,Merille,221.34,230.7,199.22,2026-08-21 14:57:46.781098+00:00
2026-07-15,2026-08-14,Merti,222.3,231.74,200.25,2026-08-21 14:57:46.781098+00:00
2026-07-15,2026-08-14,Meru,218.67,227.85,196.35,2026-08-21 14:57:46.781098+00:00
2026-07-15,2026-08-14,Migori,216.03,225.61,194.15,2026-08-21 14:57:46.781098+00:00
2026-07-15,2026-08-14,Minjila,214.17,223.13,191.65,2026-08-21 14:57:46.781098+00:00
2026-07-15,2026-08-14,Modogashe,224.96,234.6,203.12,2026-08-21 14:57:46.781098+00:00
2026-07-15,2026-08-14,Mogotio,212.5,221.82,190.36,2026-08-21 14:57:46.781098+00:00
2026-07-15,2026-08-14,Moi's Bridge,213.46,222.84,191.38,2026-08-21 14:57:46.781098+00:00
2026-07-15,2026-08-14,Moiben,213.38,222.76,191.3,2026-08-21 14:57:46.781098+00:00
2026-07-15,2026-08-14,Molo,212.65,221.97,190.51,2026-08-21 14:57:46.781098+00:00
2026-07-15,2026-08-14,Mombasa,210.87,219.58,188.09,2026-08-21 14:57:46.781098+00:00
2026-07-15,2026-08-14,Morpus,215.21,224.72,193.26,2026-08-21 14:57:46.781098+00:00
2026-07-15,2026-08-14,Moyale,228.87,238.8,207.32,2026-08-21 14:57:46.781098+00:00
2026-07-15,2026-08-14,Mpeketoni,215.84,224.93,193.44,2026-08-21 14:57:46.781098+00:00
2026-07-15,2026-08-14,Mtito Andei,217.61,226.7,195.22,2026-08-21 14:57:46.781098+00:00
2026-07-15,2026-08-14,Muhoroni,213.72,223.12,191.66,2026-08-21 14:57:46.781098+00:00
2026-07-15,2026-08-14,Muhuru Bay,216.27,225.85,194.39,2026-08-21 14:57:46.781098+00:00
2026-07-15,2026-08-14,Mumias,213.87,223.28,191.83,2026-08-21 14:57:46.781098+00:00
2026-07-15,2026-08-14,Muranga,214.53,223.39,191.91,2026-08-21 14:57:46.781098+00:00
2026-07-15,2026-08-14,Mutuobare,216.34,225.34,193.85,2026-08-21 14:57:46.781098+00:00
2026-07-15,2026-08-14,Mwatate,213.45,222.35,190.87,2026-08-21 14:57:46.781098+00:00
2026-07-15,2026-08-14,Mwingi,216.78,225.81,194.32,2026-08-21 14:57:46.781098+00:00
2026-07-15,2026-08-14,Naiberi,213.69,223.09,191.63,2026-08-21 14:57:46.781098+00:00
2026-07-15,2026-08-14,Nairobi,214.03,222.86,191.38,2026-08-21 14:57:46.781098+00:00
2026-07-15,2026-08-14,Naivasha,213.11,222.47,191.01,2026-08-21 14:57:46.781098+00:00
2026-07-15,2026-08-14,Nakalale,224.43,234.62,203.16,2026-08-21 14:57:46.781098+00:00
2026-07-15,2026-08-14,Nakuru,212.92,222.27,190.81,2026-08-21 14:57:46.781098+00:00
2026-07-15,2026-08-14,Namanga,216.17,225.16,193.67,2026-08-21 14:57:46.781098+00:00
2026-07-15,2026-08-14,Nambale,214.75,224.22,192.77,2026-08-21 14:57:46.781098+00:00
2026-07-15,2026-08-14,Nandi Hills,213.67,223.07,191.61,2026-08-21 14:57:46.781098+00:00
2026-07-15,2026-08-14,Nanyuki,216.8,225.83,194.35,2026-08-21 14:57:46.781098+00:00
2026-07-15,2026-08-14,Narok,215.92,224.89,193.41,2026-08-21 14:57:46.781098+00:00
2026-07-15,2026-08-14,Ndhiwa,215.2,224.72,193.26,2026-08-21 14:57:46.781098+00:00
2026-07-15,2026-08-14,Nkubu,218.35,227.51,196.02,2026-08-21 14:57:46.781098+00:00
2026-07-15,2026-08-14,North Horr,227.88,237.73,206.24,2026-08-21 14:57:46.781098+00:00
2026-07-15,2026-08-14,Ntimaru,217.14,226.79,195.33,2026-08-21 14:57:46.781098+00:00
2026-07-15,2026-08-14,Nyahururu,212.99,222.33,190.88,2026-08-21 14:57:46.781098+00:00
2026-07-15,2026-08-14,Nyamira,214.27,223.71,192.25,2026-08-21 14:57:46.781098+00:00
2026-07-15,2026-08-14,Nyangusu,215.44,224.96,193.5,2026-08-21 14:57:46.781098+00:00
2026-07-15,2026-08-14,Nyansiongo,214.57,224.04,192.58,2026-08-21 14:57:46.781098+00:00
2026-07-15,2026-08-14,Nyeri,215.9,224.87,193.38,2026-08-21 14:57:46.781098+00:00
2026-07-15,2026-08-14,O'lessos,213.46,222.84,191.38,2026-08-21 14:57:46.781098+00:00
2026-07-15,2026-08-14,Ogembo,215.02,224.51,193.06,2026-08-21 14:57:46.781098+00:00
2026-07-15,2026-08-14,Oldonyiro,217.48,226.57,195.08,2026-08-21 14:57:46.781098+00:00
2026-07-15,2026-08-14,Olenguruone,213.78,223.19,191.72,2026-08-21 14:57:46.781098+00:00
2026-07-15,2026-08-14,Orolwo,215.44,224.96,193.51,2026-08-21 14:57:46.781098+00:00
2026-07-15,2026-08-14,Ortum,215.91,225.48,194.02,2026-08-21 14:57:46.781098+00:00
2026-07-15,2026-08-14,Oyugis,214.29,223.73,192.27,2026-08-21 14:57:46.781098+00:00
2026-07-15,2026-08-14,Port Bunyala,214.81,224.29,192.83,2026-08-21 14:57:46.781098+00:00
2026-07-15,2026-08-14,Rangwe,214.75,224.22,192.77,2026-08-21 14:57:46.781098+00:00
2026-07-15,2026-08-14,Rodi Kopany,214.77,224.24,192.78,2026-08-21 14:57:46.781098+00:00
2026-07-15,2026-08-14,Rongo,215.16,224.67,193.21,2026-08-21 14:57:46.781098+00:00
2026-07-15,2026-08-14,Rumuruti,213.86,223.28,191.82,2026-08-21 14:57:46.781098+00:00
2026-07-15,2026-08-14,Saboti,214.27,223.71,192.26,2026-08-21 14:57:46.781098+00:00
2026-07-15,2026-08-14,Sagana,214.88,223.78,192.28,2026-08-21 14:57:46.781098+00:00
2026-07-15,2026-08-14,Sambalat,215.44,224.96,193.51,2026-08-21 14:57:46.781098+00:00
2026-07-15,2026-08-14,Samburu,211.01,219.73,188.26,2026-08-21 14:57:46.781098+00:00
2026-07-15,2026-08-14,Sebit,215.35,224.88,193.42,2026-08-21 14:57:46.781098+00:00
2026-07-15,2026-08-14,Sengera,215.31,224.82,193.37,2026-08-21 14:57:46.781098+00:00
2026-07-15,2026-08-14,Serem,214.23,223.67,192.21,2026-08-21 14:57:46.781098+00:00
2026-07-15,2026-08-14,Siaya,213.88,223.3,191.84,2026-08-21 14:57:46.781098+00:00
2026-07-15,2026-08-14,Sigor,216.16,225.75,194.29,2026-08-21 14:57:46.781098+00:00
2026-07-15,2026-08-14,Sindo,214.77,224.24,192.78,2026-08-21 14:57:46.781098+00:00
2026-07-15,2026-08-14,SioPort,214.73,224.2,192.74,2026-08-21 14:57:46.781098+00:00
2026-07-15,2026-08-14,Sipili,218.01,227.13,195.64,2026-08-21 14:57:46.781098+00:00
2026-07-15,2026-08-14,Sololo,227.35,237.18,205.68,2026-08-21 14:57:46.781098+00:00
2026-07-15,2026-08-14,Sondu,213.52,222.9,191.44,2026-08-21 14:57:46.781098+00:00
2026-07-15,2026-08-14,Songor,214.92,224.4,192.94,2026-08-21 14:57:46.781098+00:00
2026-07-15,2026-08-14,Sotik,214.49,223.95,192.49,2026-08-21 14:57:46.781098+00:00
2026-07-15,2026-08-14,Soy,213.35,222.73,191.27,2026-08-21 14:57:46.781098+00:00
2026-07-15,2026-08-14,Tambach,213.42,222.79,191.34,2026-08-21 14:57:46.781098+00:00
2026-07-15,2026-08-14,Tarbaj,228.36,238.24,206.76,2026-08-21 14:57:46.781098+00:00
2026-07-15,2026-08-14,Taru,211.3,220.04,188.57,2026-08-21 14:57:46.781098+00:00
2026-07-15,2026-08-14,Taveta,215.18,224.21,192.72,2026-08-21 14:57:46.781098+00:00
2026-07-15,2026-08-14,Tenges,214.92,224.4,192.94,2026-08-21 14:57:46.781098+00:00
2026-07-15,2026-08-14,Thika,213.7,222.5,191.02,2026-08-21 14:57:46.781098+00:00
2026-07-15,2026-08-14,Timboroa,213.73,223.13,191.67,2026-08-21 14:57:46.781098+00:00
2026-07-15,2026-08-14,Tindiret,214.79,224.28,192.81,2026-08-21 14:57:46.781098+00:00
2026-07-15,2026-08-14,Tot,215.21,224.72,193.26,2026-08-21 14:57:46.781098+00:00
2026-07-15,2026-08-14,Turbi,226.31,236.05,204.57,2026-08-21 14:57:46.781098+00:00
2026-07-15,2026-08-14,Turbo,213.27,222.64,191.18,2026-08-21 14:57:46.781098+00:00
2026-07-15,2026-08-14,Ugunja,214.03,223.46,192.0,2026-08-21 14:57:46.781098+00:00
2026-07-15,2026-08-14,Usenge,214.25,223.68,192.22,2026-08-21 14:57:46.781098+00:00
2026-07-15,2026-08-14,Voi,212.91,221.77,190.29,2026-08-21 14:57:46.781098+00:00
2026-07-15,2026-08-14,Wajir,228.6,238.51,207.03,2026-08-21 14:57:46.781098+00:00
2026-07-15,2026-08-14,Wamba,217.65,227.34,195.88,2026-08-21 14:57:46.781098+00:00
2026-07-15,2026-08-14,Webuye,214.04,223.46,192.0,2026-08-21 14:57:46.781098+00:00
2026-07-15,2026-08-14,Wundanji,213.72,222.64,191.16,2026-08-21 14:57:46.781098+00:00
2026-07-15,2026-08-14,Ziwa,213.67,223.07,191.61,2026-08-21 14:57:46.781098+00:00
2026-08-15,2026-09-14,Ahero,213.69,218.08,191.63,2026-08-21 14:57:46.781098+00:00
2026-08-15,2026-09-14,Alale,216.58,221.19,194.74,2026-08-21 14:57:46.781098+00:00
2026-08-15,2026-09-14,Archers Post,217.79,222.5,196.04,2026-08-21 14:57:46.781098+00:00
2026-08-15,2026-09-14,Arror,214.88,219.36,192.91,2026-08-21 14:57:46.781098+00:00
2026-08-15,2026-09-14,Asembo,213.47,217.86,191.4,2026-08-21 14:57:46.781098+00:00
2026-08-15,2026-09-14,Asilong,215.37,219.9,193.44,2026-08-21 14:57:46.781098+00:00
2026-08-15,2026-09-14,Awasi,213.29,217.65,191.2,2026-08-21 14:57:46.781098+00:00
2026-08-15,2026-09-14,Barwessa,215.1,219.61,193.15,2026-08-21 14:57:46.781098+00:00
2026-08-15,2026-09-14,Bomet,215.15,219.65,193.19,2026-08-21 14:57:46.781098+00:00
2026-08-15,2026-09-14,Bondo,213.69,218.08,191.63,2026-08-21 14:57:46.781098+00:00
2026-08-15,2026-09-14,Bungoma,214.59,219.04,192.59,2026-08-21 14:57:46.781098+00:00
2026-08-15,2026-09-14,Burgich,215.96,220.53,194.07,2026-08-21 14:57:46.781098+00:00
2026-08-15,2026-09-14,Burnt Forest,213.27,217.64,191.18,2026-08-21 14:57:46.781098+00:00
2026-08-15,2026-09-14,Busia,214.75,219.22,192.77,2026-08-21 14:57:46.781098+00:00
2026-08-15,2026-09-14,Bute,226.69,231.46,204.97,2026-08-21 14:57:46.781098+00:00
2026-08-15,2026-09-14,Chebara,213.98,218.4,191.94,2026-08-21 14:57:46.781098+00:00
2026-08-15,2026-09-14,Chepareria,215.29,219.81,193.35,2026-08-21 14:57:46.781098+00:00
2026-08-15,2026-09-14,Chepkorniswo,215.02,219.52,193.06,2026-08-21 14:57:46.781098+00:00
2026-08-15,2026-09-14,Cheptulu,214.04,218.46,192.0,2026-08-21 14:57:46.781098+00:00
2026-08-15,2026-09-14,Chuka,216.31,220.32,193.83,2026-08-21 14:57:46.781098+00:00
2026-08-15,2026-09-14,Chwele,215.02,219.51,193.06,2026-08-21 14:57:46.781098+00:00
2026-08-15,2026-09-14,Dadaab,222.63,227.09,200.61,2026-08-21 14:57:46.781098+00:00
2026-08-15,2026-09-14,Doldo,218.03,222.15,195.67,2026-08-21 14:57:46.781098+00:00
2026-08-15,2026-09-14,Eldama Ravine,214.69,219.16,192.7,2026-08-21 14:57:46.781098+00:00
2026-08-15,2026-09-14,Eldas,231.45,236.57,210.09,2026-08-21 14:57:46.781098+00:00
2026-08-15,2026-09-14,Eldoret,213.69,218.09,191.63,2026-08-21 14:57:46.781098+00:00
2026-08-15,2026-09-14,Elwak,230.94,236.02,209.53,2026-08-21 14:57:46.781098+00:00
2026-08-15,2026-09-14,Embu,215.46,219.4,192.91,2026-08-21 14:57:46.781098+00:00
2026-08-15,2026-09-14,Endebes,214.79,219.28,192.81,2026-08-21 14:57:46.781098+00:00
2026-08-15,2026-09-14,Etago,215.69,220.23,193.77,2026-08-21 14:57:46.781098+00:00
2026-08-15,2026-09-14,Funyula,214.52,218.98,192.51,2026-08-21 14:57:46.781098+00:00
2026-08-15,2026-09-14,Garissa,220.4,224.7,198.21,2026-08-21 14:57:46.781098+00:00
2026-08-15,2026-09-14,Garsen,214.33,218.29,191.81,2026-08-21 14:57:46.781098+00:00
2026-08-15,2026-09-14,Gilgil,212.52,216.84,190.38,2026-08-21 14:57:46.781098+00:00
2026-08-15,2026-09-14,Habaswein,224.73,229.36,202.86,2026-08-21 14:57:46.781098+00:00
2026-08-15,2026-09-14,Hadado,224.41,229.02,202.53,2026-08-21 14:57:46.781098+00:00
2026-08-15,2026-09-14,Harambee,213.42,217.79,191.33,2026-08-21 14:57:46.781098+00:00
2026-08-15,2026-09-14,Hola,216.3,220.41,193.93,2026-08-21 14:57:46.781098+00:00
2026-08-15,2026-09-14,Homabay,214.66,219.14,192.68,2026-08-21 14:57:46.781098+00:00
2026-08-15,2026-09-14,Ikonge,213.94,218.35,191.89,2026-08-21 14:57:46.781098+00:00
2026-08-15,2026-09-14,Isebania,216.5,221.1,194.64,2026-08-21 14:57:46.781098+00:00
2026-08-15,2026-09-14,Isiolo,218.44,222.59,196.11,2026-08-21 14:57:46.781098+00:00
2026-08-15,2026-09-14,Iten,213.69,218.09,191.63,2026-08-21 14:57:46.781098+00:00
2026-08-15,2026-09-14,Kabarnet,214.54,219.01,192.55,2026-08-21 14:57:46.781098+00:00
2026-08-15,2026-09-14,Kabartonjo,214.69,219.16,192.7,2026-08-21 14:57:46.781098+00:00
2026-08-15,2026-09-14,Kabiyet,213.35,217.73,191.27,2026-08-21 14:57:46.781098+00:00
2026-08-15,2026-09-14,Kacheliba,215.6,220.15,193.69,2026-08-21 14:57:46.781098+00:00
2026-08-15,2026-09-14,Kachibora,213.98,218.4,191.94,2026-08-21 14:57:46.781098+00:00
2026-08-15,2026-09-14,Kaibichbich,214.94,219.43,192.97,2026-08-21 14:57:46.781098+00:00
2026-08-15,2026-09-14,Kaiboi,213.44,217.82,191.35,2026-08-21 14:57:46.781098+00:00
2026-08-15,2026-09-14,Kainuk,216.69,221.31,194.85,2026-08-21 14:57:46.781098+00:00
2026-08-15,2026-09-14,Kajiado,214.36,218.22,191.73,2026-08-21 14:57:46.781098+00:00
2026-08-15,2026-09-14,Kakamega,213.43,217.8,191.35,2026-08-21 14:57:46.781098+00:00
2026-08-15,2026-09-14,Kakuma,222.64,227.7,201.25,2026-08-21 14:57:46.781098+00:00
2026-08-15,2026-09-14,Kalacha,226.52,231.28,204.79,2026-08-21 14:57:46.781098+00:00
2026-08-15,2026-09-14,Kalemngorok,217.44,222.11,195.66,2026-08-21 14:57:46.781098+00:00
2026-08-15,2026-09-14,Kalokol,221.31,226.27,199.81,2026-08-21 14:57:46.781098+00:00
2026-08-15,2026-09-14,Kaloleni,210.78,214.49,188.0,2026-08-21 14:57:46.781098+00:00
2026-08-15,2026-09-14,Kapcherop,214.34,218.78,192.32,2026-08-21 14:57:46.781098+00:00
2026-08-15,2026-09-14,Kapedo,217.89,222.61,196.14,2026-08-21 14:57:46.781098+00:00
2026-08-15,2026-09-14,Kapenguria,214.96,219.45,192.99,2026-08-21 14:57:46.781098+00:00
2026-08-15,2026-09-14,Kapese,218.42,223.16,196.7,2026-08-21 14:57:46.781098+00:00
2026-08-15,2026-09-14,Kaplamai,214.02,218.44,191.98,2026-08-21 14:57:46.781098+00:00
2026-08-15,2026-09-14,Kapsabet,213.38,217.76,191.3,2026-08-21 14:57:46.781098+00:00
2026-08-15,2026-09-14,Kapsowar,214.16,218.6,192.14,2026-08-21 14:57:46.781098+00:00
2026-08-15,2026-09-14,Kaptarakwa,213.67,218.07,191.61,2026-08-21 14:57:46.781098+00:00
2026-08-15,2026-09-14,Kaspokwony,215.1,219.6,193.14,2026-08-21 14:57:46.781098+00:00
2026-08-15,2026-09-14,Kehancha,216.64,221.26,194.8,2026-08-21 14:57:46.781098+00:00
2026-08-15,2026-09-14,Kericho,214.16,218.6,192.14,2026-08-21 14:57:46.781098+00:00
2026-08-15,2026-09-14,Kerina,214.97,219.47,193.01,2026-08-21 14:57:46.781098+00:00
2026-08-15,2026-09-14,Keringet,214.5,218.96,192.5,2026-08-21 14:57:46.781098+00:00
2026-08-15,2026-09-14,Keroka,214.79,219.27,192.8,2026-08-21 14:57:46.781098+00:00
2026-08-15,2026-09-14,Kerugoya,215.34,219.27,192.78,2026-08-21 14:57:46.781098+00:00
2026-08-15,2026-09-14,Kesses,213.69,218.09,191.63,2026-08-21 14:57:46.781098+00:00
2026-08-15,2026-09-14,Keumbu,214.87,219.36,192.9,2026-08-21 14:57:46.781098+00:00
2026-08-15,2026-09-14,Kibish,226.33,231.66,205.2,2026-08-21 14:57:46.781098+00:00
2026-08-15,2026-09-14,Kiganjo,215.84,219.8,193.31,2026-08-21 14:57:46.781098+00:00
2026-08-15,2026-09-14,Kilgoris,215.58,220.11,193.66,2026-08-21 14:57:46.781098+00:00
2026-08-15,2026-09-14,Kilifi,211.68,215.45,188.96,2026-08-21 14:57:46.781098+00:00
2026-08-15,2026-09-14,Kimilili,214.89,219.38,192.92,2026-08-21 14:57:46.781098+00:00
2026-08-15,2026-09-14,Kiminini,214.23,218.67,192.21,2026-08-21 14:57:46.781098+00:00
2026-08-15,2026-09-14,Kimwarer,213.85,218.27,191.81,2026-08-21 14:57:46.781098+00:00
2026-08-15,2026-09-14,Kiplombe,213.69,218.09,191.63,2026-08-21 14:57:46.781098+00:00
2026-08-15,2026-09-14,Kipsaraman,216.56,221.18,194.72,2026-08-21 14:57:46.781098+00:00
2026-08-15,2026-09-14,Kisii,214.77,219.24,192.78,2026-08-21 14:57:46.781098+00:00
2026-08-15,2026-09-14,Kisumu,213.69,218.08,191.63,2026-08-21 14:57:46.781098+00:00
2026-08-15,2026-09-14,Kitale,213.94,218.36,191.9,2026-08-21 14:57:46.781098+00:00
2026-08-15,2026-09-14,Kitui,216.15,220.14,193.65,2026-08-21 14:57:46.781098+00:00
2026-08-15,2026-09-14,Kiwawa,216.58,221.19,194.74,2026-08-21 14:57:46.781098+00:00
2026-08-15,2026-09-14,Kobujoi,214.11,218.53,192.07,2026-08-21 14:57:46.781098+00:00
2026-08-15,2026-09-14,Korr,223.33,227.86,201.36,2026-08-21 14:57:46.781098+00:00
2026-08-15,2026-09-14,Kunyao,216.04,220.61,194.15,2026-08-21 14:57:46.781098+00:00
2026-08-15,2026-09-14,Kwale,211.23,214.96,188.48,2026-08-21 14:57:46.781098+00:00
2026-08-15,2026-09-14,Kwanza,215.13,219.63,193.17,2026-08-21 14:57:46.781098+00:00
2026-08-15,2026-09-14,Laisamis,221.81,226.22,199.73,2026-08-21 14:57:46.781098+00:00
2026-08-15,2026-09-14,Lamu,215.84,219.93,193.44,2026-08-21 14:57:46.781098+00:00
2026-08-15,2026-09-14,Lamuria,216.61,220.63,194.14,2026-08-21 14:57:46.781098+00:00
2026-08-15,2026-09-14,Liboi,224.86,229.48,203.0,2026-08-21 14:57:46.781098+00:00
2026-08-15,2026-09-14,Likoni Mainland,211.23,214.96,188.48,2026-08-21 14:57:46.781098+00:00
2026-08-15,2026-09-14,Lodosoit,219.56,224.4,197.94,2026-08-21 14:57:46.781098+00:00
2026-08-15,2026-09-14,Lodwar,220.08,224.95,198.5,2026-08-21 14:57:46.781098+00:00
2026-08-15,2026-09-14,Loima,218.67,223.43,196.97,2026-08-21 14:57:46.781098+00:00
2026-08-15,2026-09-14,Lokichar,218.47,223.23,196.77,2026-08-21 14:57:46.781098+00:00
2026-08-15,2026-09-14,Lokichogio,224.55,229.76,203.3,2026-08-21 14:57:46.781098+00:00
2026-08-15,2026-09-14,Lokiriama,221.18,226.14,199.68,2026-08-21 14:57:46.781098+00:00
2026-08-15,2026-09-14,Lokitaung,225.96,231.26,204.8,2026-08-21 14:57:46.781098+00:00
2026-08-15,2026-09-14,Lokori,219.06,223.86,197.4,2026-08-21 14:57:46.781098+00:00
2026-08-15,2026-09-14,Lomut,217.89,222.61,196.14,2026-08-21 14:57:46.781098+00:00
2026-08-15,2026-09-14,Londiani,213.01,217.35,190.89,2026-08-21 14:57:46.781098+00:00
2026-08-15,2026-09-14,Loruk,216.36,220.95,194.49,2026-08-21 14:57:46.781098+00:00
2026-08-15,2026-09-14,Loyangalani,226.63,231.39,204.9,2026-08-21 14:57:46.781098+00:00
2026-08-15,2026-09-14,Lugari,214.56,219.02,192.56,2026-08-21 14:57:46.781098+00:00
2026-08-15,2026-09-14,Lungalunga,212.04,215.83,189.35,2026-08-21 14:57:46.781098+00:00
2026-08-15,2026-09-14,Machakos,214.07,217.91,191.41,2026-08-21 14:57:46.781098+00:00
2026-08-15,2026-09-14,Magenche,215.85,220.41,193.95,2026-08-21 14:57:46.781098+00:00
2026-08-15,2026-09-14,Mai Mahiu,213.88,217.7,191.21,2026-08-21 14:57:46.781098+00:00
2026-08-15,2026-09-14,Maikona,225.64,230.34,203.85,2026-08-21 14:57:46.781098+00:00
2026-08-15,2026-09-14,Makuyu,214.15,217.99,191.5,2026-08-21 14:57:46.781098+00:00
2026-08-15,2026-09-14,Malaba,215.23,219.74,193.28,2026-08-21 14:57:46.781098+00:00
2026-08-15,2026-09-14,Malava,213.94,218.35,191.89,2026-08-21 14:57:46.781098+00:00
2026-08-15,2026-09-14,Malindi,212.01,215.81,189.32,2026-08-21 14:57:46.781098+00:00
2026-08-15,2026-09-14,Mandera,234.68,240.04,213.56,2026-08-21 14:57:46.781098+00:00
2026-08-15,2026-09-14,Maralal,216.29,220.89,194.43,2026-08-21 14:57:46.781098+00:00
2026-08-15,2026-09-14,Marani,214.39,218.85,192.39,2026-08-21 14:57:46.781098+00:00
2026-08-15,2026-09-14,Marereni,213.07,216.95,190.46,2026-08-21 14:57:46.781098+00:00
2026-08-15,2026-09-14,Marich,215.79,220.34,193.88,2026-08-21 14:57:46.781098+00:00
2026-08-15,2026-09-14,Marigat,213.75,218.16,191.7,2026-08-21 14:57:46.781098+00:00
2026-08-15,2026-09-14,Marimanti,217.4,221.48,195.0,2026-08-21 14:57:46.781098+00:00
2026-08-15,2026-09-14,Marsabit,226.34,231.07,204.59,2026-08-21 14:57:46.781098+00:00
2026-08-15,2026-09-14,Matunda,213.33,217.71,191.25,2026-08-21 14:57:46.781098+00:00
2026-08-15,2026-09-14,Matuu,215.14,219.04,192.56,2026-08-21 14:57:46.781098+00:00
2026-08-15,2026-09-14,Maua,219.4,223.63,197.14,2026-08-21 14:57:46.781098+00:00
2026-08-15,2026-09-14,Mbale,213.69,218.08,191.63,2026-08-21 14:57:46.781098+00:00
2026-08-15,2026-09-14,Mbita,214.64,219.11,192.65,2026-08-21 14:57:46.781098+00:00
2026-08-15,2026-09-14,Merille,221.34,225.7,199.22,2026-08-21 14:57:46.781098+00:00
2026-08-15,2026-09-14,Merti,222.3,226.74,200.25,2026-08-21 14:57:46.781098+00:00
2026-08-15,2026-09-14,Meru,218.67,222.85,196.35,2026-08-21 14:57:46.781098+00:00
2026-08-15,2026-09-14,Migori,216.03,220.61,194.15,2026-08-21 14:57:46.781098+00:00
2026-08-15,2026-09-14,Minjila,214.17,218.13,191.65,2026-08-21 14:57:46.781098+00:00
2026-08-15,2026-09-14,Modogashe,224.96,229.6,203.12,2026-08-21 14:57:46.781098+00:00
2026-08-15,2026-09-14,Mogotio,212.5,216.82,190.36,2026-08-21 14:57:46.781098+00:00
2026-08-15,2026-09-14,Moi's Bridge,213.46,217.84,191.38,2026-08-21 14:57:46.781098+00:00
2026-08-15,2026-09-14,Moiben,213.38,217.76,191.3,2026-08-21 14:57:46.781098+00:00
2026-08-15,2026-09-14,Molo,212.65,216.97,190.51,2026-08-21 14:57:46.781098+00:00
2026-08-15,2026-09-14,Mombasa,210.87,214.58,188.09,2026-08-21 14:57:46.781098+00:00
2026-08-15,2026-09-14,Morpus,215.21,219.72,193.26,2026-08-21 14:57:46.781098+00:00
2026-08-15,2026-09-14,Moyale,228.87,233.8,207.32,2026-08-21 14:57:46.781098+00:00
2026-08-15,2026-09-14,Mpeketoni,215.84,219.93,193.44,2026-08-21 14:57:46.781098+00:00
2026-08-15,2026-09-14,Mtito Andei,217.61,221.7,195.22,2026-08-21 14:57:46.781098+00:00
2026-08-15,2026-09-14,Muhoroni,213.72,218.12,191.66,2026-08-21 14:57:46.781098+00:00
2026-08-15,2026-09-14,Muhuru Bay,216.27,220.85,194.39,2026-08-21 14:57:46.781098+00:00
2026-08-15,2026-09-14,Mumias,213.87,218.28,191.83,2026-08-21 14:57:46.781098+00:00
2026-08-15,2026-09-14,Muranga,214.53,218.39,191.91,2026-08-21 14:57:46.781098+00:00
2026-08-15,2026-09-14,Mutuobare,216.34,220.34,193.85,2026-08-21 14:57:46.781098+00:00
2026-08-15,2026-09-14,Mwatate,213.45,217.35,190.87,2026-08-21 14:57:46.781098+00:00
2026-08-15,2026-09-14,Mwingi,216.78,220.81,194.32,2026-08-21 14:57:46.781098+00:00
2026-08-15,2026-09-14,Naiberi,213.69,218.09,191.63,2026-08-21 14:57:46.781098+00:00
2026-08-15,2026-09-14,Nairobi,214.03,217.86,191.38,2026-08-21 14:57:46.781098+00:00
2026-08-15,2026-09-14,Naivasha,213.11,217.47,191.01,2026-08-21 14:57:46.781098+00:00
2026-08-15,2026-09-14,Nakalale,224.43,229.62,203.16,2026-08-21 14:57:46.781098+00:00
2026-08-15,2026-09-14,Nakuru,212.92,217.27,190.81,2026-08-21 14:57:46.781098+00:00
2026-08-15,2026-09-14,Namanga,216.17,220.16,193.67,2026-08-21 14:57:46.781098+00:00
2026-08-15,2026-09-14,Nambale,214.75,219.22,192.77,2026-08-21 14:57:46.781098+00:00
2026-08-15,2026-09-14,Nandi Hills,213.67,218.07,191.61,2026-08-21 14:57:46.781098+00:00
2026-08-15,2026-09-14,Nanyuki,216.8,220.83,194.35,2026-08-21 14:57:46.781098+00:00
2026-08-15,2026-09-14,Narok,215.92,219.89,193.41,2026-08-21 14:57:46.781098+00:00
2026-08-15,2026-09-14,Ndhiwa,215.2,219.72,193.26,2026-08-21 14:57:46.781098+00:00
2026-08-15,2026-09-14,Nkubu,218.35,222.51,196.02,2026-08-21 14:57:46.781098+00:00
2026-08-15,2026-09-14,North Horr,227.88,232.73,206.24,2026-08-21 14:57:46.781098+00:00
2026-08-15,2026-09-14,Ntimaru,217.14,221.79,195.33,2026-08-21 14:57:46.781098+00:00
2026-08-15,2026-09-14,Nyahururu,212.99,217.33,190.88,2026-08-21 14:57:46.781098+00:00
2026-08-15,2026-09-14,Nyamira,214.27,218.71,192.25,2026-08-21 14:57:46.781098+00:00
2026-08-15,2026-09-14,Nyangusu,215.44,219.96,193.5,2026-08-21 14:57:46.781098+00:00
2026-08-15,2026-09-14,Nyansiongo,214.57,219.04,192.58,2026-08-21 14:57:46.781098+00:00
2026-08-15,2026-09-14,Nyeri,215.9,219.87,193.38,2026-08-21 14:57:46.781098+00:00
2026-08-15,2026-09-14,O'lessos,213.46,217.84,191.38,2026-08-21 14:57:46.781098+00:00
2026-08-15,2026-09-14,Ogembo,215.02,219.51,193.06,2026-08-21 14:57:46.781098+00:00
2026-08-15,2026-09-14,Oldonyiro,217.48,221.57,195.08,2026-08-21 14:57:46.781098+00:00
2026-08-15,2026-09-14,Olenguruone,213.78,218.19,191.72,2026-08-21 14:57:46.781098+00:00
2026-08-15,2026-09-14,Orolwo,215.44,219.96,193.51,2026-08-21 14:57:46.781098+00:00
2026-08-15,2026-09-14,Ortum,215.91,220.48,194.02,2026-08-21 14:57:46.781098+00:00
2026-08-15,2026-09-14,Oyugis,214.29,218.73,192.27,2026-08-21 14:57:46.781098+00:00
2026-08-15,2026-09-14,Port Bunyala,214.81,219.29,192.83,2026-08-21 14:57:46.781098+00:00
2026-08-15,2026-09-14,Rangwe,214.75,219.22,192.77,2026-08-21 14:57:46.781098+00:00
2026-08-15,2026-09-14,Rodi Kopany,214.77,219.24,192.78,2026-08-21 14:57:46.781098+00:00
2026-08-15,2026-09-14,Rongo,215.16,219.67,193.21,2026-08-21 14:57:46.781098+00:00
2026-08-15,2026-09-14,Rumuruti,213.86,218.28,191.82,2026-08-21 14:57:46.781098+00:00
2026-08-15,2026-09-14,Saboti,214.27,218.71,192.26,2026-08-21 14:57:46.781098+00:00
2026-08-15,2026-09-14,Sagana,214.88,218.78,192.28,2026-08-21 14:57:46.781098+00:00
2026-08-15,2026-09-14,Sambalat,215.44,219.96,193.51,2026-08-21 14:57:46.781098+00:00
2026-08-15,2026-09-14,Samburu,211.01,214.73,188.26,2026-08-21 14:57:46.781098+00:00
2026-08-15,2026-09-14,Sebit,215.35,219.88,193.42,2026-08-21 14:57:46.781098+00:00
2026-08-15,2026-09-14,Sengera,215.31,219.82,193.37,2026-08-21 14:57:46.781098+00:00
2026-08-15,2026-09-14,Serem,214.23,218.67,192.21,2026-08-21 14:57:46.781098+00:00
2026-08-15,2026-09-14,Siaya,213.88,218.3,191.84,2026-08-21 14:57:46.781098+00:00
2026-08-15,2026-09-14,Sigor,216.16,220.75,194.29,2026-08-21 14:57:46.781098+00:00
2026-08-15,2026-09-14,Sindo,214.77,219.24,192.78,2026-08-21 14:57:46.781098+00:00
2026-08-15,2026-09-14,SioPort,214.73,219.2,192.74,2026-08-21 14:57:46.781098+00:00
2026-08-15,2026-09-14,Sipili,218.01,222.13,195.64,2026-08-21 14:57:46.781098+00:00
2026-08-15,2026-09-14,Sololo,227.35,232.18,205.68,2026-08-21 14:57:46.781098+00:00
2026-08-15,2026-09-14,Sondu,213.52,217.9,191.44,2026-08-21 14:57:46.781098+00:00
2026-08-15,2026-09-14,Songor,214.92,219.4,192.94,2026-08-21 14:57:46.781098+00:00
2026-08-15,2026-09-14,Sotik,214.49,218.95,192.49,2026-08-21 14:57:46.781098+00:00
2026-08-15,2026-09-14,Soy,213.35,217.73,191.27,2026-08-21 14:57:46.781098+00:00
2026-08-15,2026-09-14,Tambach,213.42,217.79,191.34,2026-08-21 14:57:46.781098+00:00
2026-08-15,2026-09-14,Tarbaj,228.36,233.24,206.76,2026-08-21 14:57:46.781098+00:00
2026-08-15,2026-09-14,Taru,211.3,215.04,188.57,2026-08-21 14:57:46.781098+00:00
2026-08-15,2026-09-14,Taveta,215.18,219.21,192.72,2026-08-21 14:57:46.781098+00:00
2026-08-15,2026-09-14,Tenges,214.92,219.4,192.94,2026-08-21 14:57:46.781098+00:00
2026-08-15,2026-09-14,Thika,213.7,217.5,191.02,2026-08-21 14:57:46.781098+00:00
2026-08-15,2026-09-14,Timboroa,213.73,218.13,191.67,2026-08-21 14:57:46.781098+00:00
2026-08-15,2026-09-14,Tindiret,214.79,219.28,192.81,2026-08-21 14:57:46.781098+00:00
2026-08-15,2026-09-14,Tot,215.21,219.72,193.26,2026-08-21 14:57:46.781098+00:00
2026-08-15,2026-09-14,Turbi,226.31,231.05,204.57,2026-08-21 14:57:46.781098+00:00
2026-08-15,2026-09-14,Turbo,213.27,217.64,191.18,2026-08-21 14:57:46.781098+00:00
2026-08-15,2026-09-14,Ugunja,214.03,218.46,192.0,2026-08-21 14:57:46.781098+00:00
2026-08-15,2026-09-14,Usenge,214.25,218.68,192.22,2026-08-21 14:57:46.781098+00:00
2026-08-15,2026-09-14,Voi,212.91,216.77,190.29,2026-08-21 14:57:46.781098+00:00
2026-08-15,2026-09-14,Wajir,228.6,233.51,207.03,2026-08-21 14:57:46.781098+00:00
2026-08-15,2026-09-14,Wamba,217.65,222.34,195.88,2026-08-21 14:57:46.781098+00:00
2026-08-15,2026-09-14,Webuye,214.04,218.46,192.0,2026-08-21 14:57:46.781098+00:00
2026-08-15,2026-09-14,Wundanji,213.72,217.64,191.16,2026-08-21 14:57:46.781098+00:00
2026-08-15,2026-09-14,Ziwa,213.67,218.07,191.61,2026-08-21 14:57:46.781098+00:00
